Invoice,StockCode,Description,Quantity,InvoiceDate,Price,Customer ID,Country
562370,23311,VINTAGE CHRISTMAS STOCKING ,12,2011-08-04 14:20:00,2.55,12626.0,Germany
549301,22723,SET OF 6 HERB TINS SKETCHBOOK,4,2011-04-08 08:24:00,3.95,16643.0,United Kingdom
528355,22303,COFFEE MUG APPLES DESIGN,6,2010-10-21 14:47:00,2.55,,United Kingdom
547042,20735,BLACK MINI TAPE MEASURE ,30,2011-03-20 11:00:00,0.83,,United Kingdom
511522,22539,MINI JIGSAW DOLLY GIRL,1,2010-06-08 16:47:00,0.42,16072.0,United Kingdom
548516,21730,GLASS STAR FROSTED T-LIGHT HOLDER,1,2011-03-31 16:28:00,9.96,,United Kingdom
510329,21221,SET/4 BADGES CUTE CREATURES,4,2010-05-28 13:23:00,1.25,17822.0,United Kingdom
568991,22866,HAND WARMER SCOTTY DOG DESIGN,1,2011-09-29 16:44:00,2.1,18204.0,United Kingdom
504437,21534,DAIRY MAID LARGE MILK JUG,12,2010-04-13 13:39:00,4.25,12957.0,United Kingdom
505709,21122,SET/10 PINK SPOTTY PARTY CANDLES,3,2010-04-25 12:34:00,1.25,13050.0,United Kingdom
C537656,21258,VICTORIAN SEWING BOX LARGE,-12,2010-12-07 16:21:00,10.95,15100.0,United Kingdom
563193,22139,RETROSPOT TEA SET CERAMIC 11 PC ,1,2011-08-12 16:30:00,10.79,,United Kingdom
514369,21206,STRAWBERRY HONEYCOMB  GARLAND ,12,2010-07-02 08:26:00,1.65,12477.0,Germany
571433,22193,RED DINER WALL CLOCK,2,2011-10-17 13:19:00,8.5,13015.0,United Kingdom
535421,21439,BASKET OF TOADSTOOLS,1,2010-11-26 11:50:00,1.25,13555.0,United Kingdom
570087,22079,RIBBON REEL HEARTS DESIGN ,6,2011-10-07 11:26:00,2.46,,United Kingdom
566123,23323,WHITE WICKER STAR ,1,2011-09-09 11:15:00,2.1,15039.0,United Kingdom
534051,21592,RETROSPOT CIGAR BOX MATCHES ,1,2010-11-21 10:17:00,1.25,17335.0,United Kingdom
538035,21494,ROTATING LEAVES T-LIGHT HOLDER,5,2010-12-09 13:03:00,1.25,16065.0,United Kingdom
544839,48185,DOORMAT FAIRY CAKE,2,2011-02-24 10:50:00,7.95,14841.0,United Kingdom
571496,84380,SET OF 3 BUTTERFLY COOKIE CUTTERS,12,2011-10-17 15:02:00,1.45,13265.0,United Kingdom
552325,22379,RECYCLING BAG RETROSPOT ,10,2011-05-09 09:47:00,2.1,12490.0,France
536570,21781,MA CAMPAGNE CUTLERY BOX,2,2010-12-01 15:35:00,14.95,14496.0,United Kingdom
534006,85099f,JUMBO BAG STRAWBERRY,4,2010-11-19 14:29:00,5.06,,United Kingdom
564353,23346,SPACEBOY BEAKER,12,2011-08-24 15:08:00,1.25,15764.0,United Kingdom
564565,22423,REGENCY CAKESTAND 3 TIER,4,2011-08-26 10:50:00,12.75,14911.0,EIRE
525260,22138,BAKING SET 9 PIECE RETROSPOT ,3,2010-10-04 15:41:00,4.95,13021.0,United Kingdom
530565,22712,CARD DOLLY GIRL ,12,2010-11-03 13:53:00,0.42,12877.0,United Kingdom
575491,21758,VINTAGE SHELLS PRINT,2,2011-11-09 17:47:00,6.45,15531.0,United Kingdom
535571,21411,GINGHAM HEART  DOORSTOP RED,2,2010-11-26 15:36:00,4.25,16904.0,United Kingdom
515324,21539,RED RETROSPOT BUTTER DISH,1,2010-07-11 12:36:00,4.95,13595.0,United Kingdom
537829,22423,REGENCY CAKESTAND 3 TIER,6,2010-12-08 14:46:00,12.75,15498.0,United Kingdom
552457,47566,PARTY BUNTING,4,2011-05-09 14:40:00,4.95,16477.0,United Kingdom
526738,21012,ANTIQUE ALL GLASS CANDLESTICK,4,2010-10-12 18:02:00,2.51,,United Kingdom
567981,21668,RED STRIPE CERAMIC DRAWER KNOB,6,2011-09-23 11:22:00,2.46,,United Kingdom
579787,22456,NATURAL SLATE CHALKBOARD LARGE ,2,2011-11-30 15:33:00,9.96,,United Kingdom
567617,23355,HOT WATER BOTTLE KEEP CALM,8,2011-09-21 12:25:00,4.95,15140.0,United Kingdom
530812,21186,WHITE DOVE HONEYCOMB PAPER GARLAND,2,2010-11-04 13:05:00,1.65,15860.0,United Kingdom
518649,21807,WHITE CHRISTMAS STAR DECORATION,36,2010-08-10 13:01:00,0.42,13501.0,Switzerland
504426,71053,WHITE METAL LANTERN,24,2010-04-13 13:21:00,3.39,16779.0,United Kingdom
542393,21889,WOODEN BOX OF DOMINOES,1,2011-01-27 15:02:00,1.25,18125.0,United Kingdom
496978,20829,GLITTER HANGING BUTTERFLY STRING,8,2010-02-05 09:53:00,2.1,15326.0,United Kingdom
556510,84692,BOX OF 24 COCKTAIL PARASOLS,25,2011-06-13 10:36:00,0.42,14911.0,EIRE
559547,21174,POTTERING IN THE SHED METAL SIGN,2,2011-07-10 15:12:00,2.08,17758.0,United Kingdom
492226,90212B,JET BLACK LAS VEGAS BRACELET ROUND,1,2009-12-15 18:33:00,3.9,,United Kingdom
566734,22961,JAM MAKING SET PRINTED,1,2011-09-14 14:09:00,1.45,16910.0,United Kingdom
526754,21463,MIRRORED DISCO BALL ,1,2010-10-13 10:17:00,5.95,17604.0,United Kingdom
525236,21116,OWL DOORSTOP,2,2010-10-04 14:31:00,8.47,,United Kingdom
525959,22666,RECIPE BOX PANTRY YELLOW DESIGN,2,2010-10-07 19:51:00,2.95,16111.0,United Kingdom
503823,21212,PACK OF 72 RETRO SPOT CAKE CASES,3,2010-04-07 14:59:00,1.28,,United Kingdom
574720,22189,CREAM HEART CARD HOLDER,2,2011-11-06 14:39:00,3.95,14547.0,United Kingdom
543306,22439,6 ROCKET BALLOONS ,1,2011-02-07 11:56:00,0.65,16686.0,United Kingdom
551339,22109,FULL ENGLISH BREAKFAST PLATE,1,2011-04-27 17:18:00,7.46,,United Kingdom
569319,22731,3D CHRISTMAS STAMPS STICKERS ,18,2011-10-03 12:17:00,1.25,14290.0,United Kingdom
570230,22339,CHRISTMAS TREE PAINTED ZINC ,1,2011-10-09 13:41:00,0.19,18088.0,United Kingdom
509937,22176,BLUE OWL SOFT TOY,6,2010-05-26 12:39:00,2.95,14186.0,United Kingdom
574909,22899,CHILDREN'S APRON DOLLY GIRL ,2,2011-11-07 15:40:00,2.1,13673.0,United Kingdom
516892,21314,SMALL GLASS HEART TRINKET POT,2,2010-07-23 15:09:00,4.21,,United Kingdom
550033,22356,CHARLOTTE BAG PINK POLKADOT,10,2011-04-14 11:45:00,0.85,15005.0,United Kingdom
504834,84991,60 TEATIME FAIRY CAKE CASES,24,2010-04-16 14:00:00,0.55,16094.0,United Kingdom
515406,22344,PARTY PIZZA DISH PINK RETROSPOT,3,2010-07-12 11:59:00,0.85,14159.0,United Kingdom
561371,22629,SPACEBOY LUNCH BOX ,1,2011-07-26 16:25:00,4.13,,United Kingdom
C490942,85172,HYACINTH BULB T-LIGHT CANDLES,-16,2009-12-08 14:04:00,0.42,14337.0,United Kingdom
523508,21291,SMALL SPOTTY CHOCOLATE GIFT BAG ,3,2010-09-22 12:13:00,1.66,,United Kingdom
561615,22178,VICTORIAN GLASS HANGING T-LIGHT,12,2011-07-28 12:57:00,1.25,13319.0,United Kingdom
518977,16052,TEATIME PUSH DOWN RUBBER,24,2010-08-12 16:27:00,0.42,15581.0,United Kingdom
578255,20983,12 PENCILS TALL TUBE RED RETROSPOT,3,2011-11-23 12:58:00,0.85,14675.0,United Kingdom
565748,22847,BREAD BIN DINER STYLE IVORY,16,2011-09-06 12:38:00,14.95,14156.0,EIRE
574871,82484,WOOD BLACK BOARD ANT WHITE FINISH,2,2011-11-07 12:56:00,7.95,14527.0,United Kingdom
517225,16156S,WRAP PINK FAIRY CAKES ,25,2010-07-27 12:47:00,0.42,15614.0,United Kingdom
515290,21240,BLUE  SPOTTY CUP,8,2010-07-09 15:11:00,0.85,13485.0,United Kingdom
537362,22203,MILK PAN RED RETROSPOT,1,2010-12-06 12:34:00,3.75,17596.0,United Kingdom
520193,84569C,PACK 4 FLOWER/BUTTERFLY PATCHES,1,2010-08-24 14:47:00,2.51,,United Kingdom
557630,22380,TOY TIDY SPACEBOY  ,5,2011-06-21 14:53:00,2.1,13178.0,United Kingdom
549548,22558,CLOTHES PEGS RETROSPOT PACK 24 ,2,2011-04-10 11:35:00,1.65,13548.0,United Kingdom
533374,22636,CHILDS BREAKFAST SET CIRCUS PARADE,3,2010-11-17 10:34:00,8.5,14049.0,United Kingdom
531843,21175,GIN + TONIC DIET METAL SIGN,1,2010-11-10 09:34:00,4.21,,United Kingdom
512124,22302,COFFEE MUG PEARS  DESIGN,6,2010-06-13 16:00:00,2.55,,United Kingdom
550206,22502,PICNIC BASKET WICKER SMALL,3,2011-04-15 10:38:00,8.29,,United Kingdom
556341,21165,BEWARE OF THE CAT METAL SIGN ,12,2011-06-10 11:36:00,1.69,16614.0,United Kingdom
537638,72807B,SET/3 OCEAN SCENT CANDLE JEWEL BOX,1,2010-12-07 15:28:00,8.47,,United Kingdom
526410,22641,SET OF 4 NAPKIN CHARMS INSTRUMENT,12,2010-10-11 13:59:00,2.55,16735.0,United Kingdom
516164,22558,CLOTHES PEGS RETROSPOT PACK 24 ,12,2010-07-18 12:19:00,1.25,15151.0,United Kingdom
566085,21448,12 DAISY PEGS IN WOOD BOX,1,2011-09-09 10:12:00,1.65,17841.0,United Kingdom
571653,23367,SET 12 COLOUR PENCILS SPACEBOY ,24,2011-10-18 12:17:00,0.55,14298.0,United Kingdom
576617,23245,SET OF 3 REGENCY CAKE TINS,1,2011-11-15 16:57:00,10.79,,United Kingdom
558501,22193,RED DINER WALL CLOCK,2,2011-06-30 10:19:00,8.5,13871.0,United Kingdom
495385,84869,CANDY BUTTON PHOTO ALBUM,12,2010-01-24 14:30:00,1.95,13209.0,United Kingdom
537034,20676,RED RETROSPOT BOWL,8,2010-12-03 17:20:00,1.25,13081.0,United Kingdom
532010,21479,WHITE SKULL HOT WATER BOTTLE ,1,2010-11-10 12:42:00,3.75,17321.0,United Kingdom
560853,16008,SMALL FOLDING SCISSOR(POINTED EDGE),12,2011-07-21 12:33:00,0.12,15311.0,United Kingdom
558614,20996,JAZZ HEARTS ADDRESS BOOK,3,2011-06-30 15:56:00,0.42,,United Kingdom
564835,22382,LUNCH BAG SPACEBOY DESIGN ,1,2011-08-30 12:31:00,4.13,,United Kingdom
494381,21256,"FRENCH BOTTLE, BRASSERIE DES ARTIST",2,2010-01-13 17:44:00,3.36,,United Kingdom
512282,21786,RAIN HAT WITH RED SPOTS,24,2010-06-14 14:06:00,0.42,14911.0,EIRE
566573,22823,test,-22,2011-09-13 13:10:00,0.0,,United Kingdom
550636,85094,CANDY SPOT EGG WARMER RABBIT,1,2011-04-19 15:37:00,0.83,,United Kingdom
562031,84949,SILVER HANGING T-LIGHT HOLDER,6,2011-08-01 17:37:00,1.65,16984.0,United Kingdom
573122,23582,VINTAGE DOILY JUMBO BAG RED ,1,2011-10-27 16:23:00,2.08,14357.0,United Kingdom
498159,84279P, CHERRY BLOSSOM  DECORATIVE FLASK,4,2010-02-17 11:49:00,3.75,17646.0,United Kingdom
530657,21327,SKULLS WRITING SET ,2,2010-11-04 10:13:00,1.65,12933.0,United Kingdom
574289,22999,TRAVEL CARD WALLET VINTAGE LEAF,24,2011-11-03 15:16:00,0.42,17750.0,United Kingdom
516314,21988,PACK OF 6 SKULL PAPER PLATES,12,2010-07-19 14:31:00,0.85,12826.0,United Kingdom
540040,85169C,EAU DE NIL LOVE BIRD CANDLE,24,2011-01-04 14:20:00,0.42,12483.0,Sweden
C493861,79340W,WHITE ORCHID FLOWER LIGHTS,-1,2010-01-07 16:19:00,6.75,13767.0,United Kingdom
569691,23202,JUMBO BAG VINTAGE LEAF,10,2011-10-05 15:09:00,2.08,18223.0,United Kingdom
541104,21930,JUMBO STORAGE BAG SKULLS,2,2011-01-13 14:29:00,4.13,,United Kingdom
558475,22663,JUMBO BAG DOLLY GIRL DESIGN,20,2011-06-29 15:58:00,2.46,,United Kingdom
569629,23434,3 RAFFIA RIBBONS 50'S CHRISTMAS ,12,2011-10-05 11:37:00,0.79,15249.0,United Kingdom
571248,82483,WOOD 2 DRAWER CABINET WHITE FINISH,4,2011-10-14 16:05:00,6.95,15826.0,United Kingdom
513056,22356,CHARLOTTE BAG PINK WITH WHITE SPOTS,10,2010-06-21 13:52:00,0.85,13334.0,United Kingdom
575199,23254,CHILDRENS CUTLERY DOLLY GIRL ,8,2011-11-09 09:48:00,4.15,12921.0,United Kingdom
567473,23300,GARDENERS KNEELING PAD CUP OF TEA ,2,2011-09-20 12:50:00,1.65,17841.0,United Kingdom
534658,22577,WOODEN HEART CHRISTMAS SCANDINAVIAN,1,2010-11-23 13:36:00,0.85,18118.0,United Kingdom
515406,20974,12 PENCILS SMALL TUBE SKULL,4,2010-07-12 11:59:00,0.65,14159.0,United Kingdom
507178,20723,STRAWBERRY CHARLOTTE BAG,100,2010-05-06 15:17:00,0.72,14646.0,Netherlands
501482,22507,MEMO BOARD RETROSPOT  DESIGN,16,2010-03-17 10:16:00,4.25,13935.0,United Kingdom
552884,22727,ALARM CLOCK BAKELIKE RED ,4,2011-05-12 10:15:00,3.75,12395.0,Belgium
545039,47567B,TEA TIME KITCHEN APRON,1,2011-02-27 10:22:00,5.95,17243.0,United Kingdom
525981,22386,JUMBO BAG PINK POLKADOT,10,2010-10-08 11:02:00,1.95,13001.0,United Kingdom
541282,22052,VINTAGE CARAVAN GIFT WRAP,25,2011-01-17 12:31:00,0.42,17690.0,United Kingdom
518764,22588,CARD HOLDER GINGHAM HEART,12,2010-08-11 14:27:00,2.55,13089.0,United Kingdom
505719,22354,RETROSPOT PADDED SEAT CUSHION,4,2010-04-25 13:28:00,3.75,17550.0,United Kingdom
550821,84375,SET OF 20 KIDS COOKIE CUTTERS,1,2011-04-21 08:54:00,2.1,12506.0,France
558996,22138,BAKING SET 9 PIECE RETROSPOT ,3,2011-07-05 12:11:00,4.95,13085.0,United Kingdom
537265,84509B,SET OF 4 FAIRY CAKE PLACEMATS,2,2010-12-06 11:26:00,3.75,15919.0,United Kingdom
539160,22355,CHARLOTTE BAG SUKI DESIGN,10,2010-12-16 11:43:00,0.85,16746.0,United Kingdom
523838,22089,PAPER BUNTING VINTAGE PAISLEY,6,2010-09-24 12:08:00,2.95,14934.0,Channel Islands
489598,21122,SET/10 PINK SPOTTY PARTY CANDLES,24,2009-12-01 14:35:00,1.25,16620.0,United Kingdom
500449,84520B,PACK 20 ENGLISH ROSE PAPER NAPKINS,1,2010-03-08 12:08:00,0.85,17542.0,United Kingdom
503340,21746,SMALL RED RETROSPOT WINDMILL,2,2010-03-31 12:52:00,1.25,13059.0,United Kingdom
533348,21217,RED RETROSPOT ROUND CAKE TINS,1,2010-11-17 09:22:00,21.23,,United Kingdom
502534,84461,12 PINK HEN+CHICKS IN BASKET,2,2010-03-25 11:32:00,2.55,15547.0,United Kingdom
529718,22035,VINTAGE CARAVAN GREETING CARD ,1,2010-10-29 13:44:00,0.42,,United Kingdom
579471,85049a,TRADITIONAL CHRISTMAS RIBBONS,1,2011-11-29 15:08:00,3.29,,United Kingdom
511522,22066,LOVE HEART TRINKET POT,4,2010-06-08 16:47:00,1.45,16072.0,United Kingdom
545895,22663,JUMBO BAG DOLLY GIRL DESIGN,1,2011-03-07 17:14:00,4.13,,United Kingdom
531489,46776F,WOVEN ROSE GARDEN CUSHION COVER ,1,2010-11-08 15:02:00,4.21,,United Kingdom
529727,22587,FELTCRAFT HAIRBAND RED AND BLUE,1,2010-10-29 14:12:00,1.66,,United Kingdom
496443,22297,HEART IVORY TRELLIS SMALL,24,2010-02-01 13:45:00,1.25,13156.0,United Kingdom
519721,84880,WHITE WIRE EGG HOLDER,1,2010-08-19 16:28:00,5.95,14606.0,United Kingdom
516590,22355,CHARLOTTE BAG SUKI DESIGN,10,2010-07-21 13:47:00,0.85,15005.0,United Kingdom
531843,21108,FAIRY CAKE FLANNEL ASSORTED COLOUR,2,2010-11-10 09:34:00,5.06,,United Kingdom
516884,85152,HAND OVER THE CHOCOLATE   SIGN ,1,2010-07-23 14:15:00,2.1,15311.0,United Kingdom
562718,22668,PINK BABY BUNTING,5,2011-08-08 16:07:00,2.95,18241.0,United Kingdom
500091,21911,GARDEN METAL SIGN ,1,2010-03-04 12:06:00,3.36,,United Kingdom
580541,23350,ROLL WRAP VINTAGE SPOT ,12,2011-12-05 09:03:00,1.25,15358.0,United Kingdom
491970,85099B,JUMBO BAG RED WHITE SPOTTY ,1,2009-12-14 18:03:00,4.3,,United Kingdom
500575,21215,IVORY PAPER CUP CAKE CASES ,1,2010-03-08 16:53:00,1.28,,United Kingdom
513016,22087,PAPER BUNTING WHITE LACE,6,2010-06-21 11:38:00,2.95,15039.0,United Kingdom
538473,85150,LADIES & GENTLEMEN METAL SIGN,12,2010-12-12 12:35:00,2.55,13668.0,United Kingdom
550279,22752,SET 7 BABUSHKA NESTING BOXES,4,2011-04-15 13:16:00,8.5,14700.0,United Kingdom
518205,21936,RED RETROSPOT PICNIC BAG,10,2010-08-05 11:39:00,2.95,13093.0,United Kingdom
573269,22138,BAKING SET 9 PIECE RETROSPOT ,2,2011-10-28 13:00:00,4.95,16764.0,United Kingdom
491247,21904,HOUSE WRECKING METAL SIGN ,24,2009-12-10 14:57:00,0.85,14626.0,United Kingdom
552311,22189,CREAM HEART CARD HOLDER,12,2011-05-08 15:22:00,3.95,15312.0,United Kingdom
518406,22386,JUMBO BAG PINK WITH WHITE SPOTS,4,2010-08-08 14:26:00,1.95,17802.0,United Kingdom
557123,20981,12 PENCILS TALL TUBE WOODLAND,1,2011-06-16 17:56:00,0.85,15555.0,United Kingdom
533133,22619,SET OF 6 SOLDIER SKITTLES,1,2010-11-16 12:50:00,3.75,15850.0,United Kingdom
509235,85099F,JUMBO BAG STRAWBERRY,4,2010-05-21 11:01:00,1.95,15898.0,United Kingdom
506264,84033,FLAG OF ST GEORGE ,20,2010-04-28 14:53:00,1.65,13715.0,United Kingdom
500462,21688,SILVER PLATE CANDLE BOWL SMALL,1,2010-03-08 12:40:00,5.91,,United Kingdom
546108,79063C,"RETRO PILL BOX KEY CHAIN,THE KING",20,2011-03-09 12:35:00,0.19,15529.0,United Kingdom
491971,15034,PAPER POCKET TRAVELING FAN ,4,2009-12-14 18:37:00,0.83,,United Kingdom
572058,22232,JIGSAW TOADSTOOLS 3 PIECE,1,2011-10-20 12:43:00,0.59,18252.0,United Kingdom
516932,22577,WOODEN HEART CHRISTMAS SCANDINAVIAN,24,2010-07-25 13:02:00,0.85,18064.0,United Kingdom
554861,POST,POSTAGE,5,2011-05-27 10:29:00,18.0,12633.0,Germany
539708,21352,EUCALYPTUS & PINECONE  WREATH,1,2010-12-21 12:18:00,5.91,,United Kingdom
524180,21535,RED RETROSPOT SMALL MILK JUG,6,2010-09-27 16:46:00,2.55,17280.0,United Kingdom
537743,22800,ANTIQUE TALL SWIRLGLASS TRINKET POT,4,2010-12-08 11:02:00,3.75,17706.0,United Kingdom
573501,21164,HOME SWEET HOME METAL SIGN ,4,2011-10-31 12:02:00,2.95,18055.0,United Kingdom
510119,21523,DOOR MAT FANCY FONT HOME SWEET HOME,1,2010-05-27 12:03:00,7.49,15719.0,United Kingdom
511684,22355,CHARLOTTE BAG SUKI DESIGN,20,2010-06-09 15:24:00,0.85,16186.0,United Kingdom
562581,23046,PAPER LANTERN 9 POINT DELUXE STAR,3,2011-08-07 13:43:00,6.65,15860.0,United Kingdom
534830,22966,GINGERBREAD MAN COOKIE CUTTER,12,2010-11-24 13:01:00,1.25,17315.0,United Kingdom
574561,22124,SET OF 2 TEA TOWELS PING MICROWAVE,1,2011-11-04 15:52:00,2.46,,United Kingdom
527951,22601,CHRISTMAS RETROSPOT ANGEL WOOD,1,2010-10-19 15:36:00,1.66,,United Kingdom
521148,22646,CERAMIC STRAWBERRY CAKE MONEY BANK,4,2010-09-02 13:27:00,1.45,16065.0,United Kingdom
565767,21213,PACK OF 72 SKULL CAKE CASES,13,2011-09-06 14:28:00,2.08,,United Kingdom
546117,22021,BLUE FELT EASTER EGG BASKET,3,2011-03-09 13:56:00,1.65,16771.0,United Kingdom
557283,22311,OFFICE MUG WARMER BLACK+SILVER ,1,2011-06-19 12:26:00,2.95,16813.0,United Kingdom
527890,20969,RED FLORAL FELTCRAFT SHOULDER BAG,4,2010-10-19 12:15:00,3.75,17365.0,United Kingdom
532188,22571,ROCKING HORSE RED CHRISTMAS ,12,2010-11-11 12:26:00,0.85,17423.0,United Kingdom
536544,72816,SET/3 CHRISTMAS DECOUPAGE CANDLES,1,2010-12-01 14:32:00,2.51,,United Kingdom
529837,22413,METAL SIGN TAKE IT OR LEAVE IT ,2,2010-10-31 12:34:00,2.95,16784.0,United Kingdom
509407,21034,REX CASH+CARRY JUMBO SHOPPER,1,2010-05-23 11:45:00,0.95,12974.0,United Kingdom
576927,22580,ADVENT CALENDAR GINGHAM SACK,3,2011-11-17 11:02:00,5.95,12567.0,France
522913,22983,"CARD, BILLBOARD FONT",12,2010-09-17 13:52:00,0.42,15026.0,United Kingdom
532642,90188,DROP EARRINGS W FLOWER & LEAF,1,2010-11-12 17:00:00,2.54,,United Kingdom
513594,21042,RED SPOTTY APRON ,1,2010-06-27 10:54:00,5.95,16782.0,United Kingdom
521168,22470,HEART OF WICKER LARGE,5,2010-09-02 15:05:00,2.95,16161.0,United Kingdom
548703,47567B,TEA TIME KITCHEN APRON,1,2011-04-03 11:37:00,5.95,16010.0,United Kingdom
498107,21930,JUMBO STORAGE BAG SKULLS,10,2010-02-16 13:57:00,1.95,15078.0,United Kingdom
496977,21671,RED SPOT CERAMIC DRAWER KNOB,12,2010-02-05 09:49:00,1.25,13823.0,United Kingdom
511960,16235,RECYCLED PENCIL WITH RABBIT ERASER,12,2010-06-11 13:23:00,0.21,14727.0,United Kingdom
539742,22301,COFFEE MUG CAT + BIRD DESIGN,1,2010-12-21 15:20:00,5.06,,United Kingdom
561033,22469,HEART OF WICKER SMALL,12,2011-07-24 11:40:00,1.65,14443.0,United Kingdom
554808,22664,TOY TIDY DOLLY GIRL DESIGN,1,2011-05-26 13:01:00,2.1,17059.0,United Kingdom
C555196,20970,PINK FLORAL FELTCRAFT SHOULDER BAG,-1,2011-06-01 11:40:00,3.75,14606.0,United Kingdom
506445,21986,PACK OF 12 PINK SPOT TISSUES ,1,2010-04-29 17:01:00,0.81,,United Kingdom
C538376,22892,SET OF SALT AND PEPPER TOADSTOOLS,-12,2010-12-12 11:21:00,1.25,16393.0,United Kingdom
538653,22909,SET OF 20 VINTAGE CHRISTMAS NAPKINS,36,2010-12-13 15:12:00,0.85,13089.0,United Kingdom
575843,23507,MINI PLAYING CARDS BUFFALO BILL ,1,2011-11-11 12:02:00,0.42,14446.0,United Kingdom
545649,22251,BIRDHOUSE DECORATION MAGIC GARDEN,1,2011-03-04 13:14:00,1.25,14995.0,United Kingdom
554099,22562,MONSTERS STENCIL CRAFT,12,2011-05-22 13:20:00,1.25,16341.0,United Kingdom
572243,22801,ANTIQUE GLASS PEDESTAL BOWL,1,2011-10-21 15:43:00,3.75,17361.0,United Kingdom
514505,21065,BOOM BOX SPEAKER GIRLS,1,2010-07-04 11:40:00,5.95,17201.0,United Kingdom
548712,22358,KINGS CHOICE TEA CADDY ,4,2011-04-03 14:42:00,2.95,17050.0,United Kingdom
563248,22676,FRENCH BLUE METAL DOOR SIGN 1,3,2011-08-15 11:30:00,1.25,14702.0,United Kingdom
C494270,21563,RED HEART SHAPE LOVE BUCKET ,-6,2010-01-13 09:23:00,2.55,13410.0,United Kingdom
505657,21232,STRAWBERRY CERAMIC TRINKET BOX,12,2010-04-23 14:38:00,1.25,13126.0,United Kingdom
511233,20718,RED SPOTTY SHOPPER BAG,10,2010-06-07 12:29:00,1.25,15640.0,United Kingdom
574048,23013,GLASS APOTHECARY BOTTLE TONIC,4,2011-11-02 13:37:00,3.95,13769.0,United Kingdom
575318,23350,ROLL WRAP VINTAGE SPOT ,12,2011-11-09 13:17:00,1.25,14921.0,United Kingdom
505976,22508,DOORSTOP RETROSPOT HEART,4,2010-04-27 08:58:00,3.75,14625.0,United Kingdom
498027,21218,RED SPOTTY BISCUIT TIN,6,2010-02-16 08:44:00,3.75,17644.0,United Kingdom
509972,35971,ROSE FOLKART HEART DECORATIONS,1,2010-05-26 13:34:00,2.51,,United Kingdom
561391,23204,CHARLOTTE BAG APPLES DESIGN,10,2011-07-27 09:59:00,0.85,16628.0,United Kingdom
515287,22659,LUNCH BOX I LOVE LONDON,1,2010-07-09 14:58:00,4.21,,United Kingdom
581327,23391, I LOVE LONDON MINI BACKPACK,4,2011-12-08 11:56:00,4.15,15187.0,United Kingdom
574901,48194,DOORMAT HEARTS,2,2011-11-07 15:15:00,8.25,17158.0,United Kingdom
506163,48138,DOOR MAT UNION FLAG,20,2010-04-28 09:18:00,6.35,15498.0,United Kingdom
C544831,22250,DECORATION  BUTTERFLY  MAGIC GARDEN,-4,2011-02-24 10:01:00,0.85,15146.0,United Kingdom
509865,22427,ENAMEL FLOWER JUG CREAM,3,2010-05-26 10:29:00,5.95,16844.0,United Kingdom
494015,20616,CHERRY BLOSSOM PASSPORT COVER,1,2010-01-11 09:34:00,1.7,,United Kingdom
560298,20963,APPLE BATH SPONGE,1,2011-07-18 10:26:00,2.46,,United Kingdom
556087,22752,SET 7 BABUSHKA NESTING BOXES,1,2011-06-08 15:24:00,16.63,,United Kingdom
530540,85099B,JUMBO BAG RED RETROSPOT,10,2010-11-03 13:05:00,1.95,12793.0,Portugal
525755,21758,VINTAGE SHELLS PRINT,1,2010-10-07 10:23:00,12.72,,United Kingdom
537400,22095,LADS ONLY TISSUE BOX,4,2010-12-06 14:36:00,1.25,17191.0,United Kingdom
559133,21718,RED METAL BEACH SPADE ,5,2011-07-06 13:13:00,1.25,17861.0,United Kingdom
542998,21164,HOME SWEET HOME METAL SIGN ,1,2011-02-02 12:16:00,5.79,,United Kingdom
507472,85099B,RED RETROSPOT JUMBO BAG ,2,2010-05-10 11:20:00,1.95,17003.0,United Kingdom
524125,22755,SMALL PURPLE BABUSHKA NOTEBOOK ,12,2010-09-27 14:20:00,0.85,15382.0,United Kingdom
525564,22494,EMERGENCY FIRST AID TIN ,12,2010-10-06 08:17:00,1.25,13055.0,United Kingdom
490059,20679,EDWARDIAN PARASOL RED,600,2009-12-03 13:30:00,3.0,18102.0,United Kingdom
571062,85035B,CHOCOLATE 3 WICK MORRIS BOX CANDLE,3,2011-10-13 14:37:00,1.25,16773.0,United Kingdom
525720,22121,NOEL WOODEN BLOCK LETTERS ,2,2010-10-06 14:52:00,5.95,17045.0,United Kingdom
550203,22297,HEART IVORY TRELLIS SMALL,1,2011-04-15 10:37:00,2.46,,United Kingdom
572887,20679,EDWARDIAN PARASOL RED,6,2011-10-26 13:47:00,5.95,12362.0,Belgium
534645,22694,WICKER STAR ,4,2010-11-23 13:07:00,2.1,15719.0,United Kingdom
512924,22198,LARGE POPCORN HOLDER ,200,2010-06-20 10:47:00,1.45,14156.0,EIRE
529799,22639,SET OF 4 NAPKIN CHARMS HEARTS,6,2010-10-31 10:03:00,2.55,16756.0,United Kingdom
575305,22602,RETROSPOT WOODEN HEART DECORATION,12,2011-11-09 12:45:00,0.85,14188.0,United Kingdom
546088,22853,CAT BOWL VINTAGE CREAM,6,2011-03-09 11:44:00,3.25,12881.0,United Kingdom
558196,23094,LE GRAND TRAY CHIC SET,1,2011-06-27 12:38:00,12.5,16033.0,United Kingdom
563364,21625,VINTAGE UNION JACK APRON,6,2011-08-16 08:39:00,6.95,14466.0,United Kingdom
542221,82486,WOOD S/3 CABINET ANT WHITE FINISH,1,2011-01-26 12:40:00,7.95,14978.0,United Kingdom
571713,48194,DOORMAT HEARTS,1,2011-10-18 16:58:00,15.79,,United Kingdom
501907,85204,HANGING WOOD AND FELT FLOWER,12,2010-03-21 16:13:00,0.42,13451.0,United Kingdom
538065,21889,WOODEN BOX OF DOMINOES,12,2010-12-09 13:57:00,1.25,13982.0,United Kingdom
536676,22969,HOMEMADE JAM SCENTED CANDLES,12,2010-12-02 12:18:00,1.45,16752.0,United Kingdom
517977,84991,60 TEATIME FAIRY CAKE CASES,7,2010-08-03 14:23:00,0.55,16938.0,United Kingdom
574898,20727,LUNCH BAG  BLACK SKULL.,20,2011-11-07 15:07:00,1.65,16242.0,United Kingdom
523540,22029,SPACEBOY BIRTHDAY CARD,12,2010-09-22 14:07:00,0.36,17850.0,United Kingdom
492414,22133,PINK LOVE HEART SHAPE CUP,2,2009-12-16 17:01:00,1.7,,United Kingdom
552166,84836,ZINC METAL HEART DECORATION,12,2011-05-06 12:21:00,1.25,13475.0,United Kingdom
579399,21070,VINTAGE BILLBOARD MUG ,1,2011-11-29 12:09:00,1.25,13137.0,United Kingdom
539212,22499,WOODEN UNION JACK BUNTING,3,2010-12-16 12:20:00,5.95,17146.0,United Kingdom
490340,21485,RED SPOT HEART HOT WATER BOTTLE,3,2009-12-04 15:40:00,4.95,13174.0,United Kingdom
536752,85123A,WHITE HANGING HEART T-LIGHT HOLDER,6,2010-12-02 14:06:00,2.55,17850.0,United Kingdom
550193,85132C,CHARLIE AND LOLA FIGURES TINS,12,2011-04-15 09:27:00,1.95,13952.0,United Kingdom
496773,84029E,RED WOOLLY HOTTIE WHITE HEART.,2,2010-02-03 15:45:00,3.75,15023.0,United Kingdom
514015,21621,VINTAGE UNION JACK BUNTING,4,2010-06-30 10:23:00,8.5,13752.0,United Kingdom
489792,21482,MUSHROOM BLUE HOT WATER BOTTLE,1,2009-12-02 12:06:00,2.95,14527.0,United Kingdom
570217,22505,MEMO BOARD COTTAGE DESIGN,2,2011-10-09 12:19:00,4.95,17323.0,United Kingdom
491957,22111,SCOTTIE DOG HOT WATER BOTTLE,10,2009-12-14 16:01:00,4.95,17866.0,United Kingdom
552013,22416,SET OF 36 DOILIES SPACEBOY DESIGN ,12,2011-05-05 17:34:00,1.45,12451.0,Switzerland
490370,22303,COFFEE MUG APPLES DESIGN,6,2009-12-05 12:01:00,2.55,17593.0,United Kingdom
537640,21479,WHITE SKULL HOT WATER BOTTLE ,5,2010-12-07 15:31:00,8.47,,United Kingdom
569544,21098,CHRISTMAS TOILET ROLL,2,2011-10-04 16:33:00,2.46,,United Kingdom
525276,22561,WOODEN SCHOOL COLOURING SET,2,2010-10-04 16:44:00,3.36,,United Kingdom
502748,21207,SKULL AND CROSSBONES  GARLAND ,12,2010-03-26 13:05:00,1.65,16493.0,United Kingdom
494217,22087,PAPER BUNTING WHITE LACE,12,2010-01-12 12:12:00,2.95,16525.0,United Kingdom
541357,22402,MAGNETS PACK OF 4 VINTAGE COLLAGE,24,2011-01-17 14:40:00,1.25,14238.0,United Kingdom
576186,23582,VINTAGE DOILY JUMBO BAG RED ,10,2011-11-14 11:25:00,2.08,14735.0,United Kingdom
520363,84673B,BLUE FLY SWAT,1,2010-08-25 14:04:00,1.28,,United Kingdom
550496,21557,SET OF 6 FUNKY BEAKERS,1,2011-04-18 15:05:00,5.79,,United Kingdom
499476,79323LP,LIGHT PINK CHERRY LIGHTS,2,2010-02-28 12:45:00,6.75,17969.0,United Kingdom
548198,22520,CHILDS GARDEN TROWEL BLUE ,2,2011-03-29 16:05:00,0.85,16712.0,United Kingdom
574675,85123A,WHITE HANGING HEART T-LIGHT HOLDER,7,2011-11-06 12:31:00,2.95,17289.0,United Kingdom
554991,23184,BULL DOG BOTTLE OPENER,1,2011-05-29 14:03:00,4.95,14823.0,United Kingdom
494381,21754,HOME BUILDING BLOCK WORD,1,2010-01-13 17:44:00,11.87,,United Kingdom
492303,82599,FANNY'S REST STOPMETAL SIGN,1,2009-12-16 11:57:00,4.3,,United Kingdom
558382,22040,BOTANICAL ROSE GIFT WRAP,25,2011-06-28 17:28:00,0.42,17997.0,United Kingdom
572306,47471,RAINBOW PEGS PHOTO CLIP STRING,1,2011-10-23 15:11:00,0.65,17841.0,United Kingdom
490905,85230B,CINNAMON SCENTED VOTIVE CANDLE,24,2009-12-08 13:08:00,0.29,16940.0,United Kingdom
576677,22865,HAND WARMER OWL DESIGN,8,2011-11-16 12:03:00,2.1,16393.0,United Kingdom
571847,23494,VINTAGE DOILY DELUXE SEWING KIT ,6,2011-10-19 12:39:00,5.95,15220.0,United Kingdom
497255,21733,RED HANGING HEART T-LIGHT HOLDER,6,2010-02-08 12:36:00,2.95,,United Arab Emirates
575837,22139,RETROSPOT TEA SET CERAMIC 11 PC ,2,2011-11-11 11:37:00,4.95,12748.0,United Kingdom
497216,21529,RETRO SPOT CERAMIC TOASTRACK,5,2010-02-07 14:27:00,3.45,14685.0,United Kingdom
496948,20677,PINK SPOTTY BOWL,8,2010-02-04 18:18:00,1.25,15810.0,United Kingdom
537844,85230B,CINNAMON SCENTED VOTIVE CANDLE,24,2010-12-08 15:17:00,0.29,17999.0,United Kingdom
511052,84997A,GREEN 3 PIECE MINI DOTS CUTLERY SET,2,2010-06-06 12:15:00,3.75,17841.0,United Kingdom
C556896,21900,"KEY FOB , SHED",-4,2011-06-15 12:51:00,0.65,12843.0,United Kingdom
529826,22575,METAL MERRY CHRISTMAS WREATH,16,2010-10-31 11:43:00,1.95,15351.0,United Kingdom
525698,20750,RED/WHITE DOT MINI CASES,2,2010-10-06 12:36:00,7.95,12668.0,Germany
523994,85123A,WHITE HANGING HEART T-LIGHT HOLDER,8,2010-09-26 15:07:00,2.95,16549.0,United Kingdom
558564,23254,CHILDRENS CUTLERY DOLLY GIRL ,5,2011-06-30 13:45:00,4.15,14057.0,United Kingdom
517719,22121,NOEL WOODEN BLOCK LETTERS ,1,2010-08-01 12:02:00,5.95,17931.0,United Kingdom
560773,21982,PACK OF 12 SUKI TISSUES ,1,2011-07-20 16:17:00,0.83,,United Kingdom
558105,22379,RECYCLING BAG RETROSPOT ,2,2011-06-26 14:54:00,2.1,15644.0,United Kingdom
508101,85162A,SILVER RETRODISC LAMPSHADE,24,2010-05-13 10:02:00,1.95,12647.0,Germany
489875,21864,UNION JACK FLAG PASSPORT COVER ,1,2009-12-02 15:41:00,2.1,17841.0,United Kingdom
535647,22569,FELTCRAFT CUSHION BUTTERFLY,3,2010-11-28 10:42:00,3.75,15058.0,United Kingdom
550071,22300,COFFEE MUG DOG + BALL DESIGN,6,2011-04-14 12:12:00,2.55,16735.0,United Kingdom
520500,21508,VINTAGE KID DOLLY CARD ,1,2010-08-26 12:35:00,0.85,,United Kingdom
574659,21733,RED HANGING HEART T-LIGHT HOLDER,5,2011-11-06 11:44:00,2.95,16942.0,United Kingdom
537818,21844,RED RETROSPOT MUG,6,2010-12-08 13:53:00,2.95,12766.0,Portugal
510519,82613A,"METAL SIGN,CUPCAKE SINGLE HOOK",1,2010-06-01 13:49:00,2.51,,United Kingdom
581241,21770,OPEN CLOSED METAL SIGN,2,2011-12-08 10:58:00,4.95,15520.0,United Kingdom
531742,22867,HAND WARMER BIRD DESIGN,2,2010-11-09 12:50:00,2.1,17208.0,United Kingdom
537192,22487,WHITE WOOD GARDEN PLANT LADDER,1,2010-12-05 13:42:00,9.95,16402.0,United Kingdom
575760,23355,HOT WATER BOTTLE KEEP CALM,5,2011-11-11 10:50:00,4.95,15965.0,United Kingdom
544928,22783,SET 3 WICKER OVAL BASKETS W LIDS,1,2011-02-24 18:07:00,39.13,,United Kingdom
581095,23313,VINTAGE CHRISTMAS BUNTING,4,2011-12-07 11:35:00,4.95,17238.0,United Kingdom
564168,85199S,SMALL HANGING IVORY/RED WOOD BIRD,5,2011-08-23 13:51:00,0.42,16794.0,United Kingdom
538053,22867,HAND WARMER BIRD DESIGN,60,2010-12-09 13:34:00,1.85,15856.0,United Kingdom
541969,84978,HANGING HEART JAR T-LIGHT HOLDER,1,2011-01-24 13:46:00,2.46,,United Kingdom
503449,82582,AREA PATROLLED METAL SIGN,3,2010-04-01 11:22:00,2.1,14796.0,United Kingdom
516146,22356,CHARLOTTE BAG PINK WITH WHITE SPOTS,3,2010-07-16 17:58:00,1.66,,United Kingdom
505059,21407,BROWN CHECK CAT DOORSTOP ,3,2010-04-19 15:30:00,4.25,15682.0,United Kingdom
531586,84625C,BLUE NEW BAROQUE CANDLESTICK CANDLE,48,2010-11-09 11:11:00,0.85,15159.0,United Kingdom
558625,21224,SET/4 SKULL BADGES,10,2011-06-30 17:29:00,1.25,14132.0,United Kingdom
534543,22149,FELTCRAFT 6 FLOWER FRIENDS,6,2010-11-23 12:14:00,2.1,13602.0,United Kingdom
493963,82600,NO SINGING METAL SIGN,12,2010-01-08 15:24:00,2.1,13078.0,United Kingdom
530972,21213,PACK OF 72 SKULL CAKE CASES,24,2010-11-05 09:47:00,0.55,13846.0,United Kingdom
495953,20674,GREEN SPOTTY BOWL,1,2010-01-27 17:56:00,2.51,,United Kingdom
541280,79321,CHILLI LIGHTS,4,2011-01-17 11:57:00,4.95,15296.0,United Kingdom
564553,23252,VINTAGE RED ENAMEL TRIM JUG ,4,2011-08-25 18:45:00,3.75,18200.0,United Kingdom
527124,22165,"DIAMANTE HEART SHAPED WALL MIRROR, ",11,2010-10-14 19:46:00,10.95,14088.0,United Kingdom
566864,21154,RED RETROSPOT OVEN GLOVE ,1,2011-09-15 12:51:00,1.25,17786.0,United Kingdom
498134,21258,VICTORIAN SEWING BOX LARGE,1,2010-02-16 17:25:00,25.49,,United Kingdom
505341,84879,ASSORTED COLOUR BIRD ORNAMENT,8,2010-04-21 13:21:00,1.45,17448.0,United Kingdom
542849,85127,SMALL SQUARE CUT GLASS CANDLESTICK,2,2011-02-01 11:35:00,4.95,,United Kingdom
541602,22588,CARD HOLDER GINGHAM HEART,1,2011-01-19 17:17:00,2.55,17231.0,United Kingdom
492340,85170A,SET/6 IVORY BIRD T-LIGHT CANDLES,2,2009-12-16 12:29:00,2.1,17954.0,United Kingdom
555591,22674,FRENCH TOILET SIGN BLUE METAL,12,2011-06-06 09:59:00,1.25,15073.0,United Kingdom
564166,22809,SET OF 6 T-LIGHTS SANTA,6,2011-08-23 13:40:00,2.95,15089.0,United Kingdom
547103,85099B,JUMBO BAG RED RETROSPOT,10,2011-03-21 10:54:00,1.95,15218.0,United Kingdom
502919,22356,"CHARLOTTE BAG , PINK/WHITE SPOTS",10,2010-03-29 13:46:00,0.85,17046.0,United Kingdom
C520205,84755,COLOUR GLASS T-LIGHT HOLDER HANGING,-288,2010-08-24 16:11:00,0.55,17133.0,United Kingdom
513574,21935,SUKI  SHOULDER BAG,1,2010-06-25 15:13:00,3.36,,United Kingdom
520027,21007,ETCHED GLASS DROPLET DECORATION,48,2010-08-23 12:56:00,0.38,14321.0,United Kingdom
542109,21668,RED STRIPE CERAMIC DRAWER KNOB,6,2011-01-25 13:44:00,2.46,,United Kingdom
580822,22816,CARD MOTORBIKE SANTA,12,2011-12-06 11:33:00,0.42,17884.0,United Kingdom
559055,22268,DECORATION SITTING BUNNY,1,2011-07-05 17:09:00,0.63,,United Kingdom
573195,22746,POPPY'S PLAYHOUSE LIVINGROOM ,6,2011-10-28 11:40:00,2.1,12432.0,Norway
536248,22203,MILK PAN RED RETROSPOT,4,2010-11-30 14:48:00,3.75,12609.0,Germany
533136,21818,GLITTER CHRISTMAS HEART ,36,2010-11-16 12:52:00,0.85,17203.0,United Kingdom
C504198,22150,3 STRIPEY MICE FELTCRAFT,-1,2010-04-12 10:30:00,1.95,17426.0,United Kingdom
514912,21238,RED SPOTTY CUP,6,2010-07-07 11:17:00,1.66,,United Kingdom
520572,21928,JUMBO BAG SCANDINAVIAN PAISLEY,10,2010-08-27 09:35:00,1.95,14001.0,United Kingdom
515609,84905,PINK BUTTERFLY CUSHION COVER ,1,2010-07-13 15:44:00,5.06,,United Kingdom
556243,20685,DOORMAT RED RETROSPOT,1,2011-06-09 16:07:00,15.79,,United Kingdom
535998,22940,FELTCRAFT CHRISTMAS FAIRY,12,2010-11-29 13:59:00,4.25,16923.0,United Kingdom
511900,20973,12 PENCIL SMALL TUBE WOODLAND,8,2010-06-11 11:11:00,0.65,16161.0,United Kingdom
537666,22594,CHRISTMAS GINGHAM TREE,3,2010-12-07 18:36:00,1.66,,United Kingdom
528613,22101,MIRROR MOSAIC VOTIVE HOLDER,2,2010-10-22 15:57:00,2.51,,United Kingdom
514524,85099F,JUMBO BAG STRAWBERRY,100,2010-07-05 09:45:00,1.65,14655.0,United Kingdom
539118,82484,WOOD BLACK BOARD ANT WHITE FINISH,6,2010-12-16 11:27:00,6.45,15563.0,United Kingdom
551174,22993,SET OF 4 PANTRY JELLY MOULDS,1,2011-04-26 17:02:00,2.46,,United Kingdom
489814,84596K,JELLY BABIES YELLOW SMALL BOWL,8,2009-12-02 13:06:00,1.25,14669.0,United Kingdom
545797,21441,BLUE BIRDHOUSE DECORATION,6,2011-03-07 12:17:00,0.85,16225.0,United Kingdom
500304,21486,PINK HEART DOTS HOT WATER BOTTLE,1,2010-03-07 10:58:00,3.75,14172.0,United Kingdom
541592,21884,CAKES AND BOWS GIFT  TAPE,2,2011-01-19 15:08:00,0.42,,United Kingdom
492659,84340,LARGE FIBRE OPTIC CHRISTMAS TREE,1,2009-12-17 17:54:00,0.42,16720.0,United Kingdom
536796,21135,VICTORIAN  METAL POSTCARD SPRING,8,2010-12-02 15:46:00,1.69,15574.0,United Kingdom
565541,21034,REX CASH+CARRY JUMBO SHOPPER,5,2011-09-05 12:00:00,0.95,14159.0,United Kingdom
508072,21932,SCANDINAVIAN PAISLEY PICNIC BAG,2,2010-05-12 15:49:00,2.95,16814.0,United Kingdom
532626,22844,VINTAGE CREAM DOG FOOD CONTAINER,2,2010-11-12 15:33:00,8.5,12779.0,Poland
507121,22417,PACK OF 60 SPACEBOY CAKE CASES,3,2010-05-06 11:49:00,0.55,13772.0,United Kingdom
568788,85036A,GARDENIA 1 WICK MORRIS BOXED CANDLE,2,2011-09-29 09:23:00,4.25,17894.0,United Kingdom
545514,23127,FELTCRAFT GIRL NICOLE KIT,1,2011-03-03 12:06:00,4.95,15053.0,United Kingdom
500711,47585A,PINK FAIRY CAKE CUSHION COVER,12,2010-03-09 14:03:00,1.25,13627.0,United Kingdom
502230,21864,UNION JACK FLAG PASSPORT COVER ,1,2010-03-23 12:13:00,2.1,14596.0,United Kingdom
534187,20866,BLUE ROSE FABRIC MIRROR,3,2010-11-21 14:10:00,1.25,16501.0,United Kingdom
525874,22198,LARGE POPCORN HOLDER ,13,2010-10-07 14:06:00,1.65,14692.0,United Kingdom
508180,21082,SET/20 FRUIT SALAD PAPER NAPKINS ,2,2010-05-13 12:14:00,0.85,15898.0,United Kingdom
557472,85071B,RED CHARLIE+LOLA PERSONAL DOORSIGN,24,2011-06-20 13:27:00,2.95,12432.0,Norway
533140,22746,POPPY'S PLAYHOUSE LIVINGROOM ,3,2010-11-16 13:04:00,2.1,15968.0,United Kingdom
558316,22663,JUMBO BAG DOLLY GIRL DESIGN,1,2011-06-28 11:45:00,4.13,,United Kingdom
576837,23353,6 GIFT TAGS VINTAGE CHRISTMAS ,4,2011-11-16 15:16:00,1.63,,United Kingdom
516328,72741,GRAND CHOCOLATECANDLE,18,2010-07-19 16:02:00,1.45,17090.0,United Kingdom
579097,23344,JUMBO BAG 50'S CHRISTMAS ,10,2011-11-28 11:11:00,2.08,13758.0,United Kingdom
551158,22499,WOODEN UNION JACK BUNTING,4,2011-04-26 15:00:00,5.95,16823.0,United Kingdom
548490,37342,POLKADOT COFFEE CUP & SAUCER PINK,24,2011-03-31 13:13:00,0.79,12909.0,United Kingdom
554906,22997,TRAVEL CARD WALLET UNION JACK,24,2011-05-27 11:41:00,0.42,14194.0,United Kingdom
528758,21112,"SWISS ROLL TOWEL, PINK  SPOTS",1,2010-10-24 15:29:00,2.95,18116.0,United Kingdom
539044,22721,SET OF 3 CAKE TINS SKETCHBOOK,4,2010-12-15 15:47:00,4.95,15727.0,United Kingdom
556491,22384,LUNCH BAG PINK POLKADOT,4,2011-06-12 14:15:00,1.65,16794.0,United Kingdom
546549,21916,SET 12 RETRO WHITE CHALK STICKS,4,2011-03-14 16:46:00,0.42,17799.0,United Kingdom
525764,22348,TEA BAG PLATE RED RETROSPOT,12,2010-10-07 10:39:00,0.85,12511.0,Greece
510136,22439,6 ROCKET BALLOONS ,18,2010-05-27 12:17:00,0.65,15878.0,United Kingdom
554671,48194,DOORMAT HEARTS,2,2011-05-25 15:47:00,7.95,14009.0,United Kingdom
542624,22208,WOOD STAMP SET THANK YOU,1,2011-01-31 09:48:00,3.29,,United Kingdom
515609,20679,EDWARDIAN PARASOL RED,1,2010-07-13 15:44:00,12.72,,United Kingdom
490136,21312,LARGE CHUNKY GLASS ROMAN BOWL,1,2009-12-03 19:13:00,6.75,17432.0,United Kingdom
580113,23516,EMBROIDERED RIBBON REEL SOPHIE  ,6,2011-12-01 16:05:00,3.75,14766.0,United Kingdom
568716,23201,JUMBO BAG ALPHABET,1,2011-09-28 16:13:00,4.13,,United Kingdom
557330,22712,CARD DOLLY GIRL ,12,2011-06-20 10:20:00,0.42,14291.0,United Kingdom
552860,22354,RETROSPOT PADDED SEAT CUSHION,8,2011-05-11 16:26:00,3.75,17889.0,United Kingdom
571030,23200,JUMBO BAG PEARS,10,2011-10-13 12:26:00,2.08,12876.0,Belgium
531387,90072,RUBY DROP CHANDELIER EARRINGS,1,2010-11-08 09:20:00,4.24,,United Kingdom
543371,20931,BLUE POT PLANT CANDLE ,1,2011-02-07 14:53:00,3.75,14048.0,United Kingdom
532557,22637,PIGGY BANK RETROSPOT ,12,2010-11-12 12:49:00,2.55,13032.0,United Kingdom
552232,gift_0001_50,Dotcomgiftshop Gift Voucher £50.00,1,2011-05-06 15:54:00,41.67,,United Kingdom
547520,22659,LUNCH BOX I LOVE LONDON,12,2011-03-23 14:55:00,1.95,12564.0,France
534703,20977,36 PENCILS TUBE WOODLAND,16,2010-11-23 16:18:00,1.25,12662.0,Germany
550327,21080,SET/20 RED RETROSPOT PAPER NAPKINS ,12,2011-04-17 13:07:00,0.85,12878.0,United Kingdom
578844,22475,SKULL DESIGN TV DINNER TRAY,1,2011-11-25 16:14:00,10.79,,United Kingdom
507510,48194,DOOR MAT HEARTS,10,2010-05-10 12:12:00,6.35,13426.0,United Kingdom
575930,21947,SET OF 6 HEART CHOPSTICKS,2,2011-11-11 17:58:00,2.46,,United Kingdom
524937,21563,RED HEART SHAPE LOVE BUCKET ,6,2010-10-01 11:59:00,2.95,15261.0,United Kingdom
529308,21993,FLORAL FOLK STATIONERY SET,3,2010-10-27 12:55:00,2.95,16418.0,United Kingdom
516327,22666,RECIPE BOX PANTRY YELLOW DESIGN,1,2010-07-19 15:58:00,2.95,17589.0,United Kingdom
538349,22918,HERB MARKER PARSLEY,1,2010-12-10 14:59:00,1.66,,United Kingdom
494386,48194,DOORMAT HEARTS,1,2010-01-14 09:41:00,13.57,,United Kingdom
557671,22895,SET OF 2 TEA TOWELS APPLE AND PEARS,6,2011-06-22 10:11:00,3.25,13849.0,United Kingdom
572865,82578,KITCHEN METAL SIGN,2,2011-10-26 13:01:00,0.55,17841.0,United Kingdom
564725,22951,60 CAKE CASES DOLLY GIRL DESIGN,1,2011-08-28 12:28:00,0.55,18041.0,United Kingdom
529727,22776,SWEETHEART CAKESTAND 3 TIER,6,2010-10-29 14:12:00,20.38,,United Kingdom
570821,23126,FELTCRAFT GIRL AMELIE KIT,12,2011-10-12 12:51:00,4.15,17173.0,United Kingdom
539421,22170,PICTURE FRAME WOOD TRIPLE PORTRAIT,4,2010-12-17 14:21:00,6.75,14016.0,EIRE
573773,23320,GIANT 50'S CHRISTMAS CRACKER,12,2011-11-01 10:21:00,2.89,13327.0,United Kingdom
580308,23515,EMBROIDERED RIBBON REEL DAISY ,6,2011-12-02 14:30:00,2.08,14250.0,United Kingdom
516629,21533,RETRO SPOT LARGE MILK JUG,3,2010-07-22 10:09:00,4.95,16736.0,United Kingdom
502853,22522,CHILDS GARDEN FORK BLUE ,2,2010-03-28 14:47:00,0.85,17589.0,United Kingdom
534859,22906,12 MESSAGE CARDS WITH ENVELOPES,2,2010-11-24 13:56:00,3.36,,United Kingdom
553941,23300,GARDENERS KNEELING PAD CUP OF TEA ,12,2011-05-20 10:37:00,1.65,14334.0,United Kingdom
515146,21541,DINOSAURS WATER TRANSFER TATTOOS ,12,2010-07-08 14:26:00,0.85,12592.0,Germany
540096,21618,4 WILDFLOWER BOTANICAL CANDLES,12,2011-01-04 15:43:00,1.25,13253.0,United Kingdom
534649,21733,RED HANGING HEART T-LIGHT HOLDER,4,2010-11-23 13:15:00,2.95,16775.0,United Kingdom
569667,23129,HEART SHAPED HOLLY WREATH,4,2011-10-05 13:42:00,4.15,17521.0,United Kingdom
504594,21973,SET OF 36 MUSHROOM PAPER DOILIES,1,2010-04-15 10:49:00,1.45,15910.0,United Kingdom
566612,21930,JUMBO STORAGE BAG SKULLS,10,2011-09-13 17:16:00,2.08,16229.0,United Kingdom
551696,22356,CHARLOTTE BAG PINK POLKADOT,10,2011-05-03 13:39:00,0.85,14110.0,United Kingdom
510777,22645,CERAMIC HEART FAIRY CAKE MONEY BANK,4,2010-06-03 14:57:00,1.45,13031.0,United Kingdom
511229,20654,FIRST CLASS LUGGAGE TAG ,6,2010-06-07 12:28:00,1.25,12358.0,Austria
495401,22114,HOT WATER BOTTLE TEA AND SYMPATHY,4,2010-01-25 09:38:00,3.95,14329.0,United Kingdom
572859,22766,PHOTO FRAME CORNICE,1,2011-10-26 12:39:00,2.95,16418.0,United Kingdom
529265,22784,LANTERN CREAM GAZEBO ,3,2010-10-27 11:45:00,4.95,17473.0,United Kingdom
566428,21991,BOHEMIAN COLLAGE STATIONERY SET,12,2011-09-12 14:24:00,1.25,15932.0,United Kingdom
574530,72802C,VANILLA SCENT CANDLE JEWELLED BOX,6,2011-11-04 14:07:00,4.25,16887.0,United Kingdom
514335,22464,HANGING METAL HEART LANTERN,1,2010-07-01 14:36:00,1.65,13439.0,United Kingdom
527412,35004C,SET OF 3 COLOURED  FLYING DUCKS,6,2010-10-17 15:05:00,5.45,15367.0,United Kingdom
559366,23290,SPACEBOY CHILDRENS BOWL,8,2011-07-08 09:03:00,1.25,13102.0,United Kingdom
581376,22645,CERAMIC HEART FAIRY CAKE MONEY BANK,4,2011-12-08 12:43:00,0.39,14719.0,United Kingdom
580729,23293,SET OF 12 FAIRY CAKE BAKING CASES,8,2011-12-05 17:24:00,2.46,,United Kingdom
498446,20725,LUNCH BAG RED SPOTTY,24,2010-02-19 10:16:00,1.65,13093.0,United Kingdom
573155,22727,ALARM CLOCK BAKELIKE RED ,4,2011-10-28 08:34:00,3.75,13632.0,United Kingdom
572553,72817,SET OF 2 CHRISTMAS DECOUPAGE CANDLE,1,2011-10-24 17:09:00,1.63,,United Kingdom
496597,21976,PACK OF 60 MUSHROOM CAKE CASES,120,2010-02-02 16:16:00,0.42,16843.0,United Kingdom
580967,22294,HEART FILIGREE DOVE  SMALL,24,2011-12-06 14:56:00,1.25,14216.0,United Kingdom
546951,21159,MOODY BOY  DOOR HANGER ,3,2011-03-18 11:30:00,1.45,17673.0,United Kingdom
576589,21623,VINTAGE UNION JACK MEMOBOARD,2,2011-11-15 14:29:00,9.95,17659.0,United Kingdom
502765,22082,RIBBON REEL STRIPES DESIGN ,1,2010-03-26 14:01:00,1.65,17371.0,United Kingdom
519231,22432,WATERING CAN PINK BUNNY,2,2010-08-15 13:05:00,1.95,17372.0,United Kingdom
498270,85187,S/12 MINI RABBIT EASTER,6,2010-02-17 15:11:00,1.65,18218.0,United Kingdom
508191,21175,GIN + TONIC DIET METAL SIGN,4,2010-05-13 13:15:00,2.1,16743.0,United Kingdom
547200,84313B,BLUE TV TRAY TABLE ,1,2011-03-21 13:01:00,1.95,16036.0,United Kingdom
535835,21494,ROTATING LEAVES T-LIGHT HOLDER,1,2010-11-29 09:46:00,5.06,,United Kingdom
527888,22789,T-LIGHT HOLDER SWEETHEART HANGING,8,2010-10-19 12:10:00,1.95,14891.0,United Kingdom
533106,22197,SMALL POPCORN HOLDER,12,2010-11-16 11:54:00,0.85,16083.0,United Kingdom
520217,85028L,FRENCH CHATEAU LARGE FRUIT BOWL ,12,2010-08-25 09:37:00,1.95,13162.0,United Kingdom
532233,21314,SMALL GLASS HEART TRINKET POT,4,2010-11-11 12:40:00,2.1,13719.0,United Kingdom
554969,21770,OPEN CLOSED METAL SIGN,6,2011-05-27 16:30:00,4.95,14976.0,United Kingdom
565967,22895,SET OF 2 TEA TOWELS APPLE AND PEARS,24,2011-09-08 11:27:00,3.25,14646.0,Netherlands
491630,35838B,S/6 SILVER ORNAMENETAL CANDLE,3,2009-12-11 14:39:00,0.85,17851.0,United Kingdom
525047,84032A,CHARLIE+LOLA PINK HOT WATER BOTTLE,1,2010-10-03 13:31:00,2.95,,United Kingdom
546223,22249,DECORATION WHITE CHICK MAGIC GARDEN,16,2011-03-10 12:22:00,0.85,14854.0,United Kingdom
C580832,21731,RED TOADSTOOL LED NIGHT LIGHT,-2,2011-12-06 11:40:00,1.45,12753.0,Japan
518505,16043,POP ART PUSH DOWN RUBBER ,960,2010-08-09 13:10:00,0.06,14277.0,France
501080,82581,TOILET METAL SIGN,1,2010-03-12 11:19:00,1.28,,United Kingdom
541631,21915,RED  HARMONICA IN BOX ,24,2011-01-20 10:48:00,1.25,12637.0,France
522315,22063,CERAMIC BOWL WITH STRAWBERRY DESIGN,1,2010-09-13 15:14:00,5.91,,United Kingdom
529133,20727,LUNCH BAG  BLACK SKULL.,1,2010-10-26 14:47:00,4.21,,United Kingdom
537140,M,Manual,1,2010-12-05 12:53:00,0.42,12748.0,United Kingdom
573585,17129F,BLUE GLASS GEMS IN BAG,1,2011-10-31 14:41:00,1.63,,United Kingdom
553749,22470,HEART OF WICKER LARGE,36,2011-05-19 09:59:00,2.95,13468.0,United Kingdom
544681,22219,LOVEBIRD HANGING DECORATION WHITE ,1,2011-02-22 16:28:00,1.63,,United Kingdom
C542078,22461,SAVOY ART DECO CLOCK,-1,2011-01-25 12:11:00,12.75,12854.0,United Kingdom
495798,ADJUST,Adjustment by john on 26/01/2010 17,1,2010-01-26 17:25:00,5117.03,,United Kingdom
518783,22646,CERAMIC STRAWBERRY CAKE MONEY BANK,4,2010-08-11 16:44:00,1.45,16033.0,United Kingdom
576329,21755,LOVE BUILDING BLOCK WORD,1,2011-11-14 15:22:00,12.46,,United Kingdom
569545,85014A,BLACK/BLUE POLKADOT UMBRELLA,1,2011-10-04 16:37:00,12.46,,United Kingdom
557222,21755,LOVE BUILDING BLOCK WORD,3,2011-06-17 13:14:00,5.95,14936.0,Channel Islands
537237,22161,HEART DECORATION RUSTIC HANGING ,11,2010-12-06 09:58:00,0.81,,United Kingdom
557397,23000,TRAVEL CARD WALLET TRANSPORT,1,2011-06-20 11:23:00,0.42,17897.0,United Kingdom
579777,22593,CHRISTMAS GINGHAM STAR,7,2011-11-30 15:13:00,1.63,,United Kingdom
572309,23219,LAUREL STAR ANTIQUE SILVER ,2,2011-10-23 15:29:00,1.25,14432.0,United Kingdom
533010,20978,36 PENCILS TUBE SKULLS,32,2010-11-15 15:30:00,1.25,13985.0,United Kingdom
554694,37446,MINI CAKE STAND WITH HANGING CAKES,1,2011-05-25 17:06:00,3.29,,United Kingdom
558368,22381,TOY TIDY PINK POLKADOT,5,2011-06-28 15:36:00,2.1,14329.0,United Kingdom
492414,90120B,BLUE MURANO TWIST BRACELET,1,2009-12-16 17:01:00,4.33,,United Kingdom
536560,22418,10 COLOUR SPACEBOY PEN,96,2010-12-01 15:00:00,0.85,13093.0,United Kingdom
576879,84029E,RED WOOLLY HOTTIE WHITE HEART.,2,2011-11-16 16:52:00,4.25,18006.0,United Kingdom
C559059,23444,Next Day Carriage,-1,2011-07-06 10:00:00,15.0,13338.0,United Kingdom
538013,85150,LADIES & GENTLEMEN METAL SIGN,3,2010-12-09 12:37:00,2.55,17062.0,United Kingdom
559547,21750,LARGE SKULL WINDMILL,1,2011-07-10 15:12:00,2.1,17758.0,United Kingdom
520694,21527,RED RETROSPOT TRADITIONAL TEAPOT ,8,2010-08-29 10:38:00,7.95,15784.0,United Kingdom
529554,22083,PAPER CHAIN KIT RETROSPOT,6,2010-10-28 17:37:00,2.95,14834.0,United Kingdom
551599,22698,PINK REGENCY TEACUP AND SAUCER,6,2011-05-03 11:34:00,2.95,15696.0,United Kingdom
513762,21125,SET 6 FOOTBALL CELEBRATION CANDLES,12,2010-06-28 12:58:00,1.25,12451.0,Switzerland
574836,22940,FELTCRAFT CHRISTMAS FAIRY,4,2011-11-07 11:32:00,4.25,17623.0,United Kingdom
555540,22493,PAINT YOUR OWN CANVAS SET,5,2011-06-05 12:48:00,1.65,13668.0,United Kingdom
523538,22300,COFFEE MUG DOG + BALL DESIGN,12,2010-09-22 14:01:00,2.55,16341.0,United Kingdom
C495931,22300,COFFEE MUG DOG + BALL DESIGN,-1,2010-01-27 15:25:00,2.55,13008.0,United Kingdom
580124,C2,CARRIAGE,1,2011-12-01 17:12:00,50.0,,EIRE
492208,84879,ASSORTED COLOUR BIRD ORNAMENT,16,2009-12-15 16:34:00,1.69,13599.0,United Kingdom
C508287,47559B,TEA TIME OVEN GLOVE,-10,2010-05-14 11:08:00,1.25,13655.0,United Kingdom
527366,22442,GROW YOUR OWN FLOWERS SET OF 3,1,2010-10-17 11:24:00,7.95,15571.0,United Kingdom
578088,22645,CERAMIC HEART FAIRY CAKE MONEY BANK,4,2011-11-22 16:47:00,1.45,16376.0,United Kingdom
568197,20725,LUNCH BAG RED RETROSPOT,10,2011-09-25 14:52:00,1.65,16746.0,United Kingdom
529746,21242,RED RETROSPOT PLATE ,4,2010-10-29 14:18:00,4.21,,United Kingdom
493847,22271,FELTCRAFT DOLL ROSIE,12,2010-01-07 15:15:00,2.95,15152.0,United Kingdom
540968,22637,PIGGY BANK RETROSPOT ,4,2011-01-12 13:40:00,2.55,17338.0,United Kingdom
521908,21410,COUNTRY COTTAGE  DOORSTOP GREEN,2,2010-09-09 12:58:00,4.25,15972.0,United Kingdom
508221,85099B,RED RETROSPOT JUMBO BAG ,1,2010-05-13 15:41:00,1.95,18225.0,United Kingdom
566717,22252,BIRDCAGE DECORATION TEALIGHT HOLDER,1,2011-09-14 12:14:00,1.25,17841.0,United Kingdom
517401,47568,ENGLISH ROSE DESIGN PEG BAG,1,2010-07-29 10:26:00,4.21,,United Kingdom
544201,20986,BLUE CALCULATOR RULER,2,2011-02-17 10:11:00,2.46,,United Kingdom
571508,22027,TEA PARTY BIRTHDAY CARD,2,2011-10-17 15:27:00,0.83,,United Kingdom
552318,21175,GIN + TONIC DIET METAL SIGN,2,2011-05-08 16:13:00,2.55,17231.0,United Kingdom
562772,23312,VINTAGE CHRISTMAS GIFT SACK,2,2011-08-09 12:07:00,4.15,13097.0,United Kingdom
538056,22026,BANQUET BIRTHDAY  CARD  ,12,2010-12-09 13:34:00,0.42,17198.0,United Kingdom
524958,84559a,3D SHEET OF DOG STICKERS,1,2010-10-01 13:30:00,1.69,,United Kingdom
565784,90010E,AMBER GLASS/SILVER BRACELET,2,2011-09-06 16:02:00,8.95,15089.0,United Kingdom
490745,47591C,BLUE FAIRY CAKE CHILD'S APRON,1,2009-12-07 18:02:00,4.3,,United Kingdom
576828,23154,SET OF 4 JAM JAR MAGNETS,1,2011-11-16 14:36:00,2.08,,United Kingdom
576665,72800C,4 PINK DINNER CANDLE SILVER FLOCK,1,2011-11-16 11:46:00,2.55,17841.0,United Kingdom
580831,22471,TV DINNER TRAY AIR HOSTESS ,8,2011-12-06 11:39:00,1.95,14418.0,United Kingdom
564637,22153,ANGEL DECORATION STARS ON DRESS,48,2011-08-26 12:49:00,0.42,16641.0,United Kingdom
502273,22358,KINGS CHOICE TEA CADDY ,6,2010-03-23 15:52:00,2.95,13613.0,United Kingdom
545555,22197,SMALL POPCORN HOLDER,10,2011-03-03 15:17:00,0.85,17757.0,United Kingdom
537638,21980,PACK OF 12 RED RETROSPOT TISSUES ,1,2010-12-07 15:28:00,0.85,,United Kingdom
579471,22960,JAM MAKING SET WITH JARS,5,2011-11-29 15:08:00,8.29,,United Kingdom
548874,22993,SET OF 4 PANTRY JELLY MOULDS,12,2011-04-04 15:18:00,1.25,17716.0,United Kingdom
538349,21903,MAN FLU METAL SIGN,2,2010-12-10 14:59:00,4.21,,United Kingdom
498435,22285,"DECORATION HEN ON NEST, HANGING",1,2010-02-18 18:29:00,1.65,14686.0,United Kingdom
567618,23445,ICE CREAM BUBBLES,20,2011-09-21 12:26:00,0.83,12721.0,France
557628,21171,BATHROOM METAL SIGN ,2,2011-06-21 14:31:00,1.45,15311.0,United Kingdom
569261,23079,TOADSTOOL BEDSIDE LIGHT ,1,2011-10-03 11:34:00,8.95,17321.0,United Kingdom
518407,22265,EASTER DECORATION NATURAL CHICK,24,2010-08-08 14:32:00,0.65,13627.0,United Kingdom
526913,22804,CANDLEHOLDER PINK HANGING HEART,32,2010-10-13 16:09:00,2.55,17409.0,United Kingdom
543530,17012C,ORIGAMI LAVENDER INCENSE/CANDL SET ,1,2011-02-09 12:46:00,2.46,,United Kingdom
523585,21110,LARGE CAKE TOWEL PINK SPOTS,4,2010-09-23 08:10:00,6.75,15107.0,United Kingdom
546378,22639,SET OF 4 NAPKIN CHARMS HEARTS,6,2011-03-11 12:17:00,2.55,14329.0,United Kingdom
505364,22222,CAKE PLATE LOVEBIRD WHITE,1,2010-04-21 15:46:00,4.95,14395.0,United Kingdom
551718,82095,HEART BUTTONS JEWELLERY BOX,1,2011-05-03 16:06:00,4.96,,United Kingdom
520571,21890,S/6 WOODEN SKITTLES IN COTTON BAG,1,2010-08-27 09:12:00,5.91,,United Kingdom
502495,85035C,ROSE 3 WICK MORRIS BOX CANDLE,4,2010-03-25 10:36:00,4.25,13557.0,United Kingdom
C555595,23168,CLASSIC CAFE SUGAR DISPENSER,-1,2011-06-06 10:14:00,1.25,17652.0,United Kingdom
503428,22027,TEA PARTY BIRTHDAY CARD,1,2010-03-31 17:31:00,0.85,,United Kingdom
545149,20970,PINK FLORAL FELTCRAFT SHOULDER BAG,4,2011-02-28 12:19:00,3.75,15062.0,United Kingdom
514221,20983,12 PENCILS TALL TUBE RED SPOTTY,18,2010-07-01 09:56:00,0.85,12653.0,Israel
504886,21755,LOVE BUILDING BLOCK WORD,3,2010-04-18 13:38:00,5.95,13285.0,United Kingdom
548865,48184,DOORMAT ENGLISH ROSE ,2,2011-04-04 14:09:00,7.95,14747.0,United Kingdom
576618,85099B,JUMBO BAG RED RETROSPOT,5,2011-11-15 17:00:00,4.13,,United Kingdom
574741,22422,TOOTHPASTE TUBE PEN,3,2011-11-06 16:13:00,0.65,15993.0,United Kingdom
524828,85049E,SCANDINAVIAN REDS RIBBONS,12,2010-09-30 17:05:00,1.25,12705.0,Germany
510413,20969,RED FLORAL FELTCRAFT SHOULDER BAG,1,2010-05-30 11:00:00,3.75,15580.0,United Kingdom
500830,21232,STRAWBERRY CERAMIC TRINKET BOX,1,2010-03-10 11:31:00,1.25,17377.0,United Kingdom
504901,44234,ASSORTED CIRCULAR MOBILE,7,2010-04-18 15:34:00,0.21,16921.0,United Kingdom
506162,22179,SET 10 LIGHTS NIGHT OWL,6,2010-04-28 09:15:00,6.75,13081.0,United Kingdom
527145,85099F,JUMBO BAG STRAWBERRY,100,2010-10-15 10:24:00,1.65,12409.0,Switzerland
514736,20972,PINK CREAM FELT CRAFT TRINKET BOX ,12,2010-07-06 09:59:00,1.25,16746.0,United Kingdom
566208,22355,CHARLOTTE BAG SUKI DESIGN,5,2011-09-09 15:03:00,0.85,16362.0,United Kingdom
570650,22666,RECIPE BOX PANTRY YELLOW DESIGN,1,2011-10-11 13:13:00,2.95,13263.0,United Kingdom
533589,22725,ALARM CLOCK BAKELIKE CHOCOLATE,4,2010-11-18 11:55:00,3.75,17411.0,United Kingdom
512694,20676,RED SPOTTY BOWL,2,2010-06-17 11:52:00,1.25,14710.0,United Kingdom
527462,85144,JARDIN ETCHED GLASS BUTTER DISH,2,2010-10-18 10:42:00,7.25,15261.0,United Kingdom
581412,22866,HAND WARMER SCOTTY DOG DESIGN,6,2011-12-08 14:38:00,2.1,14415.0,United Kingdom
493260,84991,60 TEATIME FAIRY CAKE CASES,1,2009-12-22 14:31:00,1.3,,United Kingdom
578020,84380,SET OF 3 BUTTERFLY COOKIE CUTTERS,6,2011-11-22 13:20:00,1.45,16979.0,United Kingdom
509980,22618,COOKING SET RETROSPOT,2,2010-05-26 14:07:00,9.95,12378.0,Switzerland
529168,21284,RETROSPOT CANDLE  SMALL,24,2010-10-26 17:55:00,0.42,17593.0,United Kingdom
556473,82580,BATHROOM METAL SIGN,2,2011-06-12 12:00:00,0.55,17265.0,United Kingdom
501035,22036,DINOSAUR BIRTHDAY CARD,12,2010-03-11 19:24:00,0.42,14713.0,United Kingdom
543040,21561,DINOSAUR LUNCH BOX WITH CUTLERY,2,2011-02-02 17:06:00,2.55,17337.0,United Kingdom
551518,22728,ALARM CLOCK BAKELIKE PINK,1,2011-05-01 11:36:00,3.75,15708.0,United Kingdom
533053,22670,FRENCH WC SIGN BLUE METAL,5,2010-11-15 16:22:00,1.25,12836.0,United Kingdom
537086,21429,RED GINGHAM ROSE JEWELLERY BOX,16,2010-12-05 12:01:00,1.65,15332.0,Lithuania
567855,21497,FANCY FONTS BIRTHDAY WRAP,25,2011-09-22 13:38:00,0.42,13220.0,United Kingdom
578998,79063D,"RETRO PILL BOX , REVOLUTIONARY",1,2011-11-27 16:05:00,0.19,15436.0,United Kingdom
546133,22951,60 CAKE CASES DOLLY GIRL DESIGN,24,2011-03-09 15:20:00,0.55,14291.0,United Kingdom
568100,23217,LAUREL HEART ANTIQUE SILVER,12,2011-09-23 15:20:00,1.25,15475.0,United Kingdom
549130,22357,KINGS CHOICE BISCUIT TIN,4,2011-04-06 15:02:00,4.25,14701.0,United Kingdom
559817,22774,RED DRAWER KNOB ACRYLIC EDWARDIAN,1,2011-07-12 16:20:00,2.46,,United Kingdom
505571,21312,LARGE CHUNKY GLASS ROMAN BOWL,1,2010-04-23 11:28:00,6.75,16661.0,United Kingdom
506976,22520,CHILDS GARDEN TROWEL BLUE ,6,2010-05-05 12:55:00,0.85,18041.0,United Kingdom
523868,21166,COOK WITH WINE METAL SIGN ,7,2010-09-24 12:48:00,1.95,15044.0,United Kingdom
524107,20685,DOORMAT RED RETROSPOT,10,2010-09-27 13:10:00,6.75,15616.0,United Kingdom
564974,22419,LIPSTICK PEN RED,1,2011-08-31 15:32:00,0.83,,United Kingdom
576213,22158,3 HEARTS HANGING DECORATION RUSTIC,3,2011-11-14 12:47:00,2.95,18117.0,United Kingdom
513797,47502,POLKADOT CUTLERY 24 PCS IN TRAY,1,2010-06-28 16:07:00,12.75,16499.0,United Kingdom
501628,20723,STRAWBERRY CHARLOTTE BAG,10,2010-03-18 11:48:00,0.85,14911.0,EIRE
549771,22196,SMALL HEART MEASURING SPOONS,2,2011-04-12 11:43:00,0.85,14669.0,United Kingdom
549829,22904,CALENDAR PAPER CUT DESIGN,6,2011-04-12 12:56:00,2.95,16713.0,United Kingdom
576075,47591D,PINK FAIRY CAKE CHILDRENS APRON,4,2011-11-13 16:16:00,1.95,15861.0,United Kingdom
552819,85152,HAND OVER THE CHOCOLATE   SIGN ,48,2011-05-11 12:50:00,1.85,16652.0,United Kingdom
541423,21494,ROTATING LEAVES T-LIGHT HOLDER,4,2011-01-17 17:54:00,1.63,,United Kingdom
536031,22664,TOY TIDY DOLLY GIRL DESIGN,1,2010-11-29 16:45:00,4.21,,United Kingdom
556243,22326,ROUND SNACK BOXES SET OF4 WOODLAND ,1,2011-06-09 16:07:00,5.79,,United Kingdom
562031,22844,VINTAGE CREAM DOG FOOD CONTAINER,1,2011-08-01 17:37:00,8.5,16984.0,United Kingdom
506950,22189,CREAM HEART CARD HOLDER,12,2010-05-05 11:27:00,3.95,15822.0,United Kingdom
579881,21175,GIN + TONIC DIET METAL SIGN,48,2011-11-30 17:22:00,2.08,12429.0,Denmark
518509,84901,BLACK FACE LAMB WITH PANTS,1,2010-08-09 14:39:00,3.75,14498.0,United Kingdom
514497,21754,HOME BUILDING BLOCK WORD,1,2010-07-04 10:36:00,5.95,16782.0,United Kingdom
542503,22219,LOVEBIRD HANGING DECORATION WHITE ,24,2011-01-28 11:58:00,0.85,16327.0,United Kingdom
528763,21262,WHITE GOOSE FEATHER CHRISTMAS TREE ,6,2010-10-24 15:57:00,2.95,12926.0,United Kingdom
490683,82581,TOILET METAL SIGN,25,2009-12-07 13:45:00,0.55,17865.0,United Kingdom
501475,21756,BATH BUILDING BLOCK WORD,1,2010-03-16 16:59:00,11.87,,United Kingdom
527427,21889,WOODEN BOX OF DOMINOES,4,2010-10-17 16:16:00,1.25,15555.0,United Kingdom
536031,82616C,MIDNIGHT GLAMOUR SCARF KNITTING KIT,1,2010-11-29 16:45:00,2.51,,United Kingdom
504118,20711,JUMBO BAG TOYS ,2,2010-04-09 16:05:00,1.95,15898.0,United Kingdom
575750,20679,EDWARDIAN PARASOL RED,18,2011-11-11 10:29:00,5.95,12600.0,Germany
516166,72807C,SET/3 VANILLA SCENTED CANDLE IN BOX,8,2010-07-18 12:49:00,4.25,15095.0,United Kingdom
552234,85039A,SET/4 RED MINI ROSE CANDLE IN BOWL,1,2011-05-06 16:01:00,1.63,,United Kingdom
529156,20726,LUNCH BAG WOODLAND,1,2010-10-26 16:47:00,1.65,16549.0,United Kingdom
578510,85099B,JUMBO BAG RED RETROSPOT,2,2011-11-24 13:25:00,2.08,14056.0,United Kingdom
543713,21212,PACK OF 72 RETROSPOT CAKE CASES,14,2011-02-11 11:46:00,2.08,,United Kingdom
541853,82494L,WOODEN FRAME ANTIQUE WHITE ,5,2011-01-23 14:29:00,2.95,17858.0,United Kingdom
560368,22355,CHARLOTTE BAG SUKI DESIGN,5,2011-07-18 12:25:00,0.85,17841.0,United Kingdom
553931,71053,WHITE METAL LANTERN,8,2011-05-20 10:27:00,3.75,14911.0,EIRE
548330,21937,STRAWBERRY   PICNIC BAG,3,2011-03-30 13:26:00,2.95,14810.0,United Kingdom
547100,22284,HEN HOUSE DECORATION,12,2011-03-21 10:31:00,1.65,15615.0,United Kingdom
570872,23107,WHITE HEARTS WIRE PLANT POT HOLDER,1,2011-10-12 16:40:00,5.79,,United Kingdom
554062,84569D,PACK 6 HEART/ICE-CREAM PATCHES,12,2011-05-22 10:21:00,1.25,13654.0,United Kingdom
575930,22212,FOUR HOOK  WHITE LOVEBIRDS,1,2011-11-11 17:58:00,4.13,,United Kingdom
532147,22688,DOORMAT PEACE ON EARTH BLUE,1,2010-11-11 12:01:00,7.95,14988.0,United Kingdom
561507,22899,CHILDREN'S APRON DOLLY GIRL ,6,2011-07-27 14:21:00,2.1,12397.0,Belgium
C548866,22311,OFFICE MUG WARMER BLACK+SILVER ,-1,2011-04-04 14:09:00,2.95,14606.0,United Kingdom
512533,21888,BINGO SET,1,2010-06-16 12:02:00,3.75,17952.0,United Kingdom
527890,21804,WHITE CHRISTMAS GARLAND STARS TREES,1,2010-10-19 12:15:00,3.75,17365.0,United Kingdom
514839,21621,VINTAGE UNION JACK BUNTING,20,2010-07-06 14:46:00,8.5,16126.0,United Kingdom
547383,47590B,PINK HAPPY BIRTHDAY BUNTING,3,2011-03-22 15:42:00,5.45,12613.0,Germany
526916,21361,LOVE LARGE WOOD LETTERS ,1,2010-10-13 16:20:00,25.49,,United Kingdom
561382,85038,6 CHOCOLATE LOVE HEART T-LIGHTS,4,2011-07-26 17:27:00,2.1,16750.0,United Kingdom
549568,22296,HEART IVORY TRELLIS LARGE,12,2011-04-10 15:09:00,1.65,15665.0,United Kingdom
541249,21871,SAVE THE PLANET MUG,6,2011-01-16 13:18:00,1.25,13700.0,United Kingdom
540098,85152,HAND OVER THE CHOCOLATE   SIGN ,1,2011-01-04 15:50:00,2.1,16241.0,United Kingdom
517946,22149,FELTCRAFT 6 FLOWER FRIENDS,6,2010-08-03 11:32:00,2.1,17673.0,United Kingdom
491068,21777,RECIPE BOX WITH METAL HEART,1,2009-12-09 12:18:00,7.95,15768.0,United Kingdom
559120,22417,PACK OF 60 SPACEBOY CAKE CASES,5,2011-07-06 12:18:00,0.55,16393.0,United Kingdom
499275,22047,EMPIRE GIFT WRAP,25,2010-02-25 17:37:00,0.42,13652.0,United Kingdom
567796,23290,SPACEBOY CHILDRENS BOWL,8,2011-09-22 11:46:00,1.25,16395.0,United Kingdom
559535,21784,SHOE SHINE BOX ,1,2011-07-10 12:16:00,9.95,17841.0,United Kingdom
511269,84949,SILVER HANGING T-LIGHT HOLDER,6,2010-06-07 13:02:00,1.65,16984.0,United Kingdom
533795,22328,ROUND SNACK BOXES SET OF 4 FRUITS ,6,2010-11-18 18:23:00,2.95,17735.0,United Kingdom
572569,21704,BAG 250g SWIRLY MARBLES,1,2011-10-25 10:32:00,0.85,17870.0,United Kingdom
491188,22094,RED POLKA DOT TISSUE BOX,1,2009-12-10 12:30:00,1.25,17377.0,United Kingdom
530059,22865,HAND WARMER OWL DESIGN,5,2010-11-01 11:32:00,2.1,16161.0,United Kingdom
564199,85184C,SET 4 VALENTINE DECOUPAGE HEART BOX,1,2011-08-23 17:31:00,2.95,13263.0,United Kingdom
492714,21612,SET 12 WILDFLOWER BOTANICAL T-LIGHT,4,2009-12-18 10:24:00,2.95,17913.0,United Kingdom
535980,21844,RED RETROSPOT MUG,12,2010-11-29 13:09:00,2.95,14243.0,United Kingdom
514972,20718,RED SPOTTY SHOPPER BAG,20,2010-07-07 12:34:00,1.25,16873.0,United Kingdom
490144,21523,FANCY FONT HOME SWEET HOME DOORMAT,2,2009-12-04 08:46:00,6.75,13154.0,United Kingdom
520528,84836,ZINC METAL HEART DECORATION,12,2010-08-26 14:45:00,1.25,14221.0,United Kingdom
514498,22423,REGENCY CAKESTAND 3 TIER,1,2010-07-04 10:45:00,12.75,16782.0,United Kingdom
C526456,20677,PINK POLKADOT BOWL,-8,2010-10-11 15:45:00,1.25,17755.0,United Kingdom
563903,22375,AIRLINE BAG VINTAGE JET SET BROWN,2,2011-08-21 11:15:00,4.25,17068.0,United Kingdom
533803,21738,COSY SLIPPER SHOES SMALL  RED ,3,2010-11-18 19:55:00,2.95,13969.0,United Kingdom
577052,22970,LONDON BUS COFFEE MUG,6,2011-11-17 14:08:00,2.55,17397.0,United Kingdom
527885,22629,SPACEBOY LUNCH BOX ,1,2010-10-19 12:05:00,1.95,15011.0,United Kingdom
573585,23480,MINI LIGHTS WOODLAND MUSHROOMS,3,2011-10-31 14:41:00,7.46,,United Kingdom
553194,21244,BLUE POLKADOT PLATE ,12,2011-05-15 13:37:00,1.69,16283.0,United Kingdom
498636,84437A,S/6 PINK EASTER DECS IN BOX,3,2010-02-22 11:11:00,0.85,14159.0,United Kingdom
536387,22779,WOODEN OWLS LIGHT GARLAND ,192,2010-12-01 09:58:00,3.37,16029.0,United Kingdom
503940,22133,PINK LOVE HEART SHAPE CUP,1,2010-04-08 14:47:00,1.66,,United Kingdom
504933,22272,FELTCRAFT DOLL MARIA,1,2010-04-19 11:13:00,5.91,,United Kingdom
544208,21218,RED SPOTTY BISCUIT TIN,1,2011-02-17 10:34:00,8.29,,United Kingdom
542354,22690,DOORMAT HOME SWEET HOME BLUE ,2,2011-01-27 12:19:00,7.95,14709.0,United Kingdom
496308,72802C,VANILLA SCENT CANDLE JEWELLED BOX,6,2010-01-31 11:54:00,4.25,17625.0,United Kingdom
541493,21244,BLUE POLKADOT PLATE ,4,2011-01-18 14:29:00,3.29,,United Kingdom
553021,84879,ASSORTED COLOUR BIRD ORNAMENT,24,2011-05-12 19:22:00,1.69,18172.0,United Kingdom
559797,23307,SET OF 60 PANTRY DESIGN CAKE CASES ,24,2011-07-12 13:31:00,0.55,12720.0,Germany
528577,22727,ALARM CLOCK BAKELIKE RED ,1,2010-10-22 13:13:00,8.47,,United Kingdom
503062,85129B,BEADED CRYSTAL HEART GREEN SMALL,1,2010-03-29 16:48:00,1.25,14606.0,United Kingdom
523655,21810,CHRISTMAS HANGING STAR WITH BELL,24,2010-09-23 13:26:00,1.25,17504.0,United Kingdom
559307,21169,YOU'RE CONFUSING ME METAL SIGN ,12,2011-07-07 13:02:00,1.69,15356.0,United Kingdom
507241,20725,LUNCH BAG RED SPOTTY,20,2010-05-07 09:58:00,1.65,16174.0,United Kingdom
507885,20785,,37,2010-05-11 16:04:00,0.0,,United Kingdom
534501,22112,CHOCOLATE HOT WATER BOTTLE,3,2010-11-23 11:26:00,4.95,18055.0,United Kingdom
545895,21731,RED TOADSTOOL LED NIGHT LIGHT,1,2011-03-07 17:14:00,3.29,,United Kingdom
577150,22111,SCOTTIE DOG HOT WATER BOTTLE,4,2011-11-18 09:48:00,12.46,,United Kingdom
545591,20717,STRAWBERRY SHOPPER BAG,10,2011-03-04 10:28:00,1.25,17581.0,United Kingdom
499057,48184,DOOR MAT ENGLISH ROSE ,1,2010-02-24 13:48:00,7.49,15898.0,United Kingdom
536028,21819,GLITTER CHRISTMAS STAR ,6,2010-11-29 16:32:00,0.85,15555.0,United Kingdom
497187,84966C,,-5,2010-02-05 17:46:00,0.0,,United Kingdom
514119,21411,GINGHAM HEART  DOORSTOP RED,3,2010-06-30 12:54:00,4.25,14217.0,United Kingdom
490149,22082,RIBBON REEL STRIPES DESIGN ,1,2009-12-04 09:43:00,3.43,,United Kingdom
511066,21065,BOOM BOX SPEAKER GIRLS,2,2010-06-06 12:59:00,5.95,13109.0,United Kingdom
569736,22382,LUNCH BAG SPACEBOY DESIGN ,10,2011-10-06 10:44:00,1.65,14317.0,United Kingdom
548327,22429,ENAMEL MEASURING JUG CREAM,1,2011-03-30 13:05:00,4.25,16788.0,United Kingdom
515353,20724,RED SPOTTY CHARLOTTE BAG,1,2010-07-12 10:54:00,1.66,,United Kingdom
532665,21114,LAVENDER SCENTED FABRIC HEART,5,2010-11-14 11:37:00,1.25,14052.0,United Kingdom
569823,22557,PLASTERS IN TIN VINTAGE PAISLEY ,1,2011-10-06 12:15:00,1.65,16895.0,United Kingdom
525300,20712,JUMBO BAG WOODLAND ANIMALS,20,2010-10-05 09:43:00,1.95,12516.0,Germany
521130,22026,BANQUET BIRTHDAY  CARD  ,12,2010-09-02 12:44:00,0.42,15856.0,United Kingdom
521921,POST,POSTAGE,4,2010-09-09 14:48:00,18.0,12681.0,France
510806,85152,HAND OVER THE CHOCOLATE   SIGN ,8,2010-06-03 19:05:00,2.1,17107.0,United Kingdom
542858,22469,HEART OF WICKER SMALL,2,2011-02-01 11:40:00,1.65,17228.0,United Kingdom
581439,21933,PINK VINTAGE PAISLEY PICNIC BAG,2,2011-12-08 16:30:00,2.46,,United Kingdom
535414,84997B,RED 3 PIECE RETROSPOT CUTLERY SET,1,2010-11-26 11:36:00,3.75,18118.0,United Kingdom
536464,22952,60 CAKE CASES VINTAGE CHRISTMAS,2,2010-12-01 12:23:00,0.55,17968.0,United Kingdom
503059,21742,LARGE ROUND WICKER PLATTER ,2,2010-03-29 16:14:00,5.95,13831.0,United Kingdom
538353,37449,CERAMIC CAKE STAND + HANGING CAKES,16,2010-12-10 15:31:00,8.5,13798.0,United Kingdom
573430,22333,RETROSPOT PARTY BAG + STICKER SET,8,2011-10-31 10:38:00,1.65,13813.0,Germany
519122,22662,LUNCH BAG DOLLY GIRL DESIGN,1,2010-08-13 12:11:00,1.65,17913.0,United Kingdom
512425,22356,CHARLOTTE BAG PINK WITH WHITE SPOTS,2,2010-06-15 14:42:00,0.85,14723.0,United Kingdom
556086,22411,JUMBO SHOPPER VINTAGE RED PAISLEY,2,2011-06-08 15:24:00,4.13,,United Kingdom
580727,22736,RIBBON REEL MAKING SNOWMEN ,3,2011-12-05 17:17:00,3.29,14096.0,United Kingdom
513942,22383,LUNCH BAG SUKI  DESIGN ,2,2010-06-29 13:12:00,4.21,,United Kingdom
498012,22083,PAPER CHAIN KIT RETRO SPOT,3,2010-02-15 14:47:00,2.95,17241.0,United Kingdom
576617,22331,WOODLAND PARTY BAG + STICKER SET,1,2011-11-15 16:57:00,3.29,,United Kingdom
503295,22073,RETRO SPOT STORAGE JAR,4,2010-03-31 11:40:00,3.75,13179.0,United Kingdom
563709,22151,PLACE SETTING WHITE HEART,3,2011-08-18 15:17:00,0.42,15472.0,United Kingdom
495300,20764,ABSTRACT CIRCLES SKETCHBOOK ,8,2010-01-22 13:39:00,3.75,12510.0,Spain
570721,22121,NOEL WOODEN BLOCK LETTERS ,3,2011-10-12 10:51:00,5.95,13842.0,United Kingdom
532677,10135,COLOURING PENCILS BROWN TUBE,20,2010-11-14 12:07:00,1.25,15615.0,United Kingdom
524936,72741,GRAND CHOCOLATECANDLE,9,2010-10-01 11:58:00,1.45,13002.0,United Kingdom
548664,84828,JUNGLE POPSICLES ICE LOLLY MOULDS,12,2011-04-01 14:45:00,1.25,14911.0,EIRE
542904,22961,JAM MAKING SET PRINTED,36,2011-02-01 14:58:00,1.45,12682.0,France
537640,20966,SANDWICH BATH SPONGE,1,2010-12-07 15:31:00,2.51,,United Kingdom
578510,22629,SPACEBOY LUNCH BOX ,1,2011-11-24 13:25:00,1.95,14056.0,United Kingdom
561899,21531,RED RETROSPOT SUGAR JAM BOWL,6,2011-07-31 15:26:00,2.1,17173.0,United Kingdom
553184,22637,PIGGY BANK RETROSPOT ,2,2011-05-15 12:33:00,2.55,13232.0,United Kingdom
553148,23204,CHARLOTTE BAG APPLES DESIGN,10,2011-05-13 14:09:00,0.85,,Hong Kong
520059,21975,PACK OF 60 DINOSAUR CAKE CASES,1,2010-08-23 15:44:00,0.55,15003.0,United Kingdom
563093,23245,SET OF 3 REGENCY CAKE TINS,9,2011-08-11 17:28:00,5.79,,United Kingdom
536544,79321,CHILLI LIGHTS,1,2010-12-01 14:32:00,10.17,,United Kingdom
574659,23583,LUNCH BAG PAISLEY PARK  ,4,2011-11-06 11:44:00,1.65,16942.0,United Kingdom
514514,22483,RED GINGHAM TEDDY BEAR ,2,2010-07-04 13:59:00,2.95,15976.0,United Kingdom
507710,21967,PACK OF 12 SKULL TISSUES,12,2010-05-11 11:29:00,0.29,13206.0,United Kingdom
519395,72814,SET OF 3 CHRISTMAS BRIAR CANDLES,1,2010-08-16 15:31:00,3.75,14379.0,United Kingdom
526396,22331,WOODLAND PARTY BAG + STICKER SET,1,2010-10-11 13:28:00,1.65,18109.0,United Kingdom
508480,48138,DOOR MAT UNION FLAG,2,2010-05-16 12:34:00,7.49,13782.0,United Kingdom
559369,21065,BOOM BOX SPEAKER GIRLS,2,2011-07-08 10:00:00,5.95,14388.0,United Kingdom
560716,22730,ALARM CLOCK BAKELIKE IVORY,6,2011-07-20 13:26:00,3.75,17675.0,United Kingdom
515881,22669,RED BABY BUNTING ,5,2010-07-15 11:54:00,2.95,14755.0,United Kingdom
529320,84559B,3D SHEET OF CAT STICKERS,12,2010-10-27 13:59:00,0.85,14400.0,United Kingdom
541424,85202,HANGING WOOD AND FELT HEART,4,2011-01-17 17:57:00,0.42,,United Kingdom
525449,22662,LUNCH BAG DOLLY GIRL DESIGN,1,2010-10-05 14:09:00,1.65,17097.0,Spain
531371,85049E,SCANDINAVIAN REDS RIBBONS,4,2010-11-07 15:31:00,1.25,12867.0,United Kingdom
563437,37327,ASSTD MULTICOLOUR CIRCLES MUG,48,2011-08-16 12:52:00,0.39,14232.0,United Kingdom
560225,22286,DECORATION WOBBLY RABBIT METAL ,1,2011-07-15 16:27:00,1.25,,United Kingdom
505732,85099B,RED RETROSPOT JUMBO BAG ,10,2010-04-25 15:26:00,1.95,13510.0,United Kingdom
496644,21869,POTTING SHED COFFEE MUG,1,2010-02-03 11:58:00,1.25,15003.0,United Kingdom
536599,84945,MULTI COLOUR SILVER T-LIGHT HOLDER,36,2010-12-02 07:49:00,0.85,15694.0,United Kingdom
554669,16161P,WRAP ENGLISH ROSE ,25,2011-05-25 15:31:00,0.42,15203.0,United Kingdom
498836,22303,COFFEE MUG APPLES DESIGN,2,2010-02-23 11:44:00,2.55,12647.0,Germany
513096,21389,IVORY HANGING DECORATION  BIRD,24,2010-06-21 14:49:00,0.85,15747.0,United Kingdom
575848,23377,PACK OF 12 DOLLY GIRL TISSUES,6,2011-11-11 12:10:00,0.39,14178.0,United Kingdom
533575,22457,NATURAL SLATE HEART CHALKBOARD ,6,2010-11-18 11:00:00,2.95,17430.0,United Kingdom
509352,22272,FELTCRAFT DOLL MARIA,100,2010-05-21 13:33:00,1.92,18102.0,United Kingdom
526841,22739,RIBBON REEL CHRISTMAS SOCK BAUBLE,10,2010-10-13 12:00:00,1.65,16190.0,United Kingdom
559807,22753,SMALL YELLOW BABUSHKA NOTEBOOK ,2,2011-07-12 14:48:00,0.85,17841.0,United Kingdom
568703,21976,PACK OF 60 MUSHROOM CAKE CASES,3,2011-09-28 15:21:00,0.55,12748.0,United Kingdom
570445,22900,SET 2 TEA TOWELS I LOVE LONDON ,1,2011-10-10 14:42:00,3.25,12748.0,United Kingdom
530902,37450,CERAMIC CAKE BOWL + HANGING CAKES,3,2010-11-04 15:13:00,2.95,14099.0,United Kingdom
574667,22973,CHILDREN'S CIRCUS PARADE MUG,6,2011-11-06 12:12:00,1.65,15514.0,United Kingdom
501646,21507,"ELEPHANT, BIRTHDAY CARD, ",12,2010-03-18 12:40:00,0.42,17377.0,United Kingdom
576617,23499,SET 12 VINTAGE DOILY CHALK ,1,2011-11-15 16:57:00,0.83,,United Kingdom
580137,23241,TREASURE TIN GYMKHANA DESIGN,1,2011-12-01 19:54:00,2.08,17566.0,United Kingdom
524959,85231b,CINAMMON SET OF 9 T-LIGHTS,1,2010-10-01 13:31:00,1.66,,United Kingdom
532544,22027,TEA PARTY BIRTHDAY CARD,12,2010-11-12 12:10:00,0.42,13309.0,United Kingdom
568220,35970,ZINC FOLKART SLEIGH BELLS,12,2011-09-26 10:03:00,1.69,15626.0,United Kingdom
511896,47591C,BLUE FAIRY CAKE CHILD'S APRON,3,2010-06-11 11:04:00,1.95,16161.0,United Kingdom
505510,21111,"SWISS ROLL TOWEL, CHOCOLATE  SPOTS",1,2010-04-22 14:33:00,5.91,,United Kingdom
536591,47591B,SCOTTIES CHILDRENS APRON,1,2010-12-01 16:57:00,1.65,14606.0,United Kingdom
525867,22096,PINK PAISLEY SQUARE TISSUE BOX ,1,2010-10-07 13:28:00,1.25,14963.0,United Kingdom
570209,23284,DOORMAT KEEP CALM AND COME IN,6,2011-10-09 10:29:00,8.25,16326.0,United Kingdom
539019,85214,TUB 24 PINK FLOWER PEGS,2,2010-12-15 14:12:00,1.65,17551.0,United Kingdom
549235,23127,FELTCRAFT GIRL NICOLE KIT,2,2011-04-07 11:16:00,4.95,15530.0,United Kingdom
562928,85215,ASSORTED CHEESE FRIDGE MAGNETS,30,2011-08-10 15:29:00,0.65,15494.0,United Kingdom
524523,22084,PAPER CHAIN KIT EMPIRE,6,2010-09-29 13:14:00,2.95,14829.0,United Kingdom
513050,79067,CORONA MEXICAN TRAY,6,2010-06-21 13:18:00,3.75,14493.0,United Kingdom
516590,21231,SWEETHEART CERAMIC TRINKET BOX,7,2010-07-21 13:47:00,1.25,15005.0,United Kingdom
570197,21829,DINOSAUR KEYRINGS ASSORTED,36,2011-10-07 15:45:00,0.21,13755.0,United Kingdom
510733,85150,LADIES & GENTLEMEN METAL SIGN,12,2010-06-03 11:12:00,2.55,15502.0,United Kingdom
526109,84989a,75 GREEN FAIRY CAKE CASES,5,2010-10-08 12:58:00,2.13,,United Kingdom
521515,21900,"KEY FOB , SHED",4,2010-09-06 14:36:00,0.65,13736.0,United Kingdom
494685,22114,HOT WATER BOTTLE TEA AND SYMPATHY,4,2010-01-18 11:39:00,8.47,,United Kingdom
543909,85034C,3 ROSE MORRIS BOXED CANDLES,1,2011-02-14 12:32:00,8.29,,United Kingdom
571502,22465,HANGING METAL STAR LANTERN,12,2011-10-17 15:18:00,1.65,14422.0,United Kingdom
504741,85049G,CHOCOLATE BOX RIBBONS ,7,2010-04-16 11:33:00,1.25,15716.0,United Kingdom
551283,16161P,WRAP ENGLISH ROSE ,25,2011-04-27 14:01:00,0.42,16755.0,United Kingdom
537312,21181,PLEASE ONE PERSON METAL SIGN,12,2010-12-06 11:42:00,2.1,14189.0,United Kingdom
530379,22114,HOT WATER BOTTLE TEA AND SYMPATHY,4,2010-11-02 16:40:00,3.95,13468.0,United Kingdom
579777,23138,SINGLE WIRE HOOK IVORY HEART,1,2011-11-30 15:13:00,3.29,,United Kingdom
545658,22301,COFFEE MUG CAT + BIRD DESIGN,2,2011-03-04 14:13:00,2.55,14670.0,United Kingdom
573361,22197,POPCORN HOLDER,10,2011-10-30 12:53:00,0.85,14456.0,United Kingdom
525772,16259,PIECE OF CAMO STATIONERY SET,108,2010-10-07 11:12:00,0.21,12748.0,United Kingdom
519673,84836,ZINC METAL HEART DECORATION,24,2010-08-19 12:23:00,1.25,17666.0,United Kingdom
494015,82607C,GLASS BONBON JAR. SUPERFINES,1,2010-01-11 09:34:00,2.57,,United Kingdom
561534,85123A,WHITE HANGING HEART T-LIGHT HOLDER,6,2011-07-28 09:45:00,2.95,14307.0,United Kingdom
540977,21711,FOLDING UMBRELLA WHITE/RED POLKADOT,1,2011-01-12 15:01:00,3.36,,United Kingdom
C516599,85059,FRENCH ENAMEL WATER BASIN,-1,2010-07-21 14:05:00,3.75,16054.0,United Kingdom
526892,21930,JUMBO STORAGE BAG SKULLS,10,2010-10-13 14:46:00,1.95,13665.0,United Kingdom
574080,23506,MINI PLAYING CARDS SPACEBOY ,6,2011-11-02 16:29:00,0.42,16348.0,United Kingdom
552574,21792,CLASSIC FRENCH STYLE BASKET GREEN ,8,2011-05-10 12:20:00,3.95,15311.0,United Kingdom
520062,84968A,SET OF 16 VINTAGE ROSE CUTLERY,1,2010-08-23 16:01:00,12.75,14395.0,United Kingdom
579297,82482,WOODEN PICTURE FRAME WHITE FINISH,1,2011-11-29 11:23:00,4.96,,United Kingdom
535791,21807,WHITE CHRISTMAS STAR DECORATION,36,2010-11-28 14:28:00,0.42,13230.0,United Kingdom
550138,47422,ASSORTED MONKEY SUCTION CUP HOOK,2,2011-04-14 14:02:00,0.42,12841.0,United Kingdom
514979,22456,NATURAL SLATE CHALKBOARD LARGE ,6,2010-07-07 13:38:00,4.95,14911.0,EIRE
495393,85169A,IVORY LOVE BIRD CANDLE,2,2010-01-24 15:42:00,1.25,15483.0,United Kingdom
570465,22380,TOY TIDY SPACEBOY  ,4,2011-10-10 16:02:00,2.46,,United Kingdom
558904,84970L,SINGLE HEART ZINC T-LIGHT HOLDER,2,2011-07-04 16:18:00,2.08,,United Kingdom
497738,22245,"HOOK, 1 HANGER ,MAGIC GARDEN",12,2010-02-12 10:14:00,0.85,17675.0,United Kingdom
507818,84755,COLOUR GLASS T-LIGHT HOLDER HANGING,32,2010-05-11 12:58:00,0.65,12960.0,United Kingdom
556195,22383,LUNCH BAG SUKI DESIGN ,10,2011-06-09 12:21:00,1.65,16745.0,United Kingdom
574877,21889,WOODEN BOX OF DOMINOES,12,2011-11-07 13:17:00,1.25,16637.0,United Kingdom
530288,20726,LUNCH BAG WOODLAND,1,2010-11-02 12:16:00,1.65,14593.0,United Kingdom
530124,21068,VINTAGE BILLBOARD LOVE/HATE MUG,2,2010-11-01 15:14:00,1.25,13174.0,United Kingdom
537047,22632,HAND WARMER RED RETROSPOT,2,2010-12-05 11:02:00,2.1,13069.0,United Kingdom
529714,22519,CHILDS GARDEN BRUSH PINK,2,2010-10-29 13:26:00,2.1,18025.0,United Kingdom
557892,20754,RETROSPOT RED WASHING UP GLOVES,2,2011-06-23 14:11:00,2.1,14534.0,United Kingdom
531435,22381,TOY TIDY PINK POLKADOT,10,2010-11-08 12:06:00,2.1,14688.0,United Kingdom
573876,23378,PACK OF 12 50'S CHRISTMAS TISSUES,3,2011-11-01 12:48:00,0.39,16360.0,United Kingdom
521392,10123C,HEARTS WRAPPING TAPE ,12,2010-09-05 14:40:00,0.65,16170.0,United Kingdom
535108,21479,WHITE SKULL HOT WATER BOTTLE ,2,2010-11-25 11:19:00,3.75,14963.0,United Kingdom
572101,23455,SMALL PARLOUR PICTURE FRAME,12,2011-10-20 15:47:00,2.89,16705.0,United Kingdom
536865,22632,HAND WARMER RED RETROSPOT,2,2010-12-03 11:28:00,4.21,,United Kingdom
509021,22470,HEART OF WICKER LARGE,12,2010-05-19 14:22:00,2.95,14442.0,Channel Islands
504150,85099B,JUMBO BAG RED WHITE SPOTTY ,10,2010-04-11 13:39:00,1.95,16700.0,United Kingdom
539451,21027,NINJA RABBIT PINK,1,2010-12-17 16:59:00,2.51,,United Kingdom
507889,21212,PACK OF 72 RETRO SPOT CAKE CASES,1,2010-05-11 16:35:00,0.55,15862.0,United Kingdom
525083,85232B,SET OF 3 BABUSHKA STACKING TINS,2,2010-10-03 15:48:00,4.95,14415.0,United Kingdom
575886,20713,JUMBO BAG OWLS,3,2011-11-11 13:57:00,2.08,12517.0,Germany
518775,22668,PINK BABY BUNTING,2,2010-08-11 15:46:00,5.91,,United Kingdom
535487,22684,FRENCH BLUE METAL DOOR SIGN 9,1,2010-11-26 14:41:00,2.51,,United Kingdom
496921,21485,RED SPOT HEART HOT WATER BOTTLE,2,2010-02-04 15:49:00,4.95,14081.0,United Kingdom
566040,22028,PENNY FARTHING BIRTHDAY CARD,12,2011-09-08 13:38:00,0.42,12540.0,Spain
540529,21931,JUMBO STORAGE BAG SUKI,20,2011-01-09 13:50:00,1.95,16748.0,United Kingdom
505083,22243,"HOOK, 5 HANGER ,MAGIC TOADSTOOL RED",24,2010-04-20 09:56:00,1.65,12623.0,Germany
548894,22326,ROUND SNACK BOXES SET OF4 WOODLAND ,1,2011-04-04 16:01:00,5.79,,United Kingdom
522588,20684,STRAWBERRY DREAM CHILDS UMBRELLA,2,2010-09-15 12:46:00,3.25,15885.0,United Kingdom
498260,21217,RED SPOTTY ROUND CAKE TINS,2,2010-02-17 14:47:00,9.95,13317.0,United Kingdom
536876,22645,CERAMIC HEART FAIRY CAKE MONEY BANK,1,2010-12-03 11:36:00,3.36,,United Kingdom
515287,22174,PHOTO CUBE,4,2010-07-09 14:58:00,3.36,,United Kingdom
511046,21754,HOME BUILDING BLOCK WORD,2,2010-06-06 11:35:00,5.95,16335.0,United Kingdom
551280,90175C,BLUE GLASS CHUNKY CHARM BRACELET,2,2011-04-27 13:31:00,8.95,16016.0,United Kingdom
516193,82482,WOODEN PICTURE FRAME WHITE FINISH,6,2010-07-19 10:02:00,2.55,12696.0,Finland
576778,22766,PHOTO FRAME CORNICE,2,2011-11-16 13:24:00,2.95,16085.0,United Kingdom
563216,22494,EMERGENCY FIRST AID TIN ,1,2011-08-14 13:14:00,1.25,17841.0,United Kingdom
574852,22363,GLASS JAR MARMALADE ,1,2011-11-07 12:04:00,2.95,15493.0,United Kingdom
520713,72807A,SET/3 ROSE CANDLE IN JEWELLED BOX,3,2010-08-29 13:49:00,4.25,15722.0,United Kingdom
528962,85175,CACTI T-LIGHT CANDLES,32,2010-10-26 09:47:00,0.42,14740.0,United Kingdom
507159,22082,RIBBON REEL STRIPES DESIGN ,1,2010-05-06 13:52:00,1.65,16707.0,United Kingdom
537334,22748,POPPY'S PLAYHOUSE KITCHEN,1,2010-12-06 12:06:00,2.1,16719.0,United Kingdom
523696,22189,CREAM HEART CARD HOLDER,1,2010-09-23 14:47:00,8.47,,United Kingdom
532426,22726,ALARM CLOCK BAKELIKE GREEN,1,2010-11-12 10:11:00,3.75,,United Kingdom
525458,22557,PLASTERS IN TIN VINTAGE PAISLEY ,2,2010-10-05 14:45:00,3.36,,United Kingdom
575725,85123A,WHITE HANGING HEART T-LIGHT HOLDER,32,2011-11-10 18:46:00,2.55,13098.0,United Kingdom
532422,22078,RIBBON REEL LACE DESIGN ,10,2010-11-12 09:44:00,2.1,16133.0,United Kingdom
549734,22090,PAPER BUNTING RETROSPOT,2,2011-04-11 17:12:00,2.95,16409.0,United Kingdom
558993,23315,IVORY REFECTORY CLOCK,1,2011-07-05 11:49:00,9.95,16729.0,United Kingdom
520194,22114,HOT WATER BOTTLE TEA AND SYMPATHY,12,2010-08-24 14:56:00,3.95,13361.0,United Kingdom
502811,82486,WOOD S/3 CABINET ANT WHITE FINISH,1,2010-03-28 10:13:00,7.95,17243.0,United Kingdom
524982,21491,SET OF THREE VINTAGE GIFT WRAPS,5,2010-10-01 15:28:00,1.95,12926.0,United Kingdom
549300,22897,OVEN MITT APPLES DESIGN,10,2011-04-08 08:21:00,1.45,13362.0,United Kingdom
551995,22999,TRAVEL CARD WALLET RETRO PETALS,1,2011-05-05 15:42:00,0.83,,United Kingdom
577095,21745,GAOLERS KEYS DECORATIVE GARDEN ,2,2011-11-17 16:39:00,3.75,15867.0,United Kingdom
535259,22446,PIN CUSHION BABUSHKA PINK,1,2010-11-25 13:18:00,3.35,17068.0,United Kingdom
526271,85123A,WHITE HANGING HEART T-LIGHT HOLDER,32,2010-10-11 11:15:00,2.55,13758.0,United Kingdom
533505,90214C,"LETTER ""C"" BLING KEY RING",1,2010-11-17 14:05:00,1.25,12890.0,United Kingdom
531691,22135,LADLE LOVE HEART PINK,1,2010-11-09 11:50:00,0.85,,United Kingdom
553162,22190,LOCAL CAFE MUG,2,2011-05-13 15:53:00,2.46,,United Kingdom
564346,23345, DOLLY GIRL BEAKER,12,2011-08-24 14:54:00,1.25,15727.0,United Kingdom
558696,22382,LUNCH BAG SPACEBOY DESIGN ,10,2011-07-01 12:09:00,1.65,16746.0,United Kingdom
537468,22382,LUNCH BAG SPACEBOY DESIGN ,10,2010-12-07 10:36:00,1.65,12567.0,France
542080,84247L,FAWN AND MUSHROOM GREETING CARD,12,2011-01-25 12:16:00,0.42,13815.0,Germany
516287,21746,SMALL RED RETROSPOT WINDMILL,12,2010-07-19 12:53:00,1.25,13081.0,United Kingdom
574034,22695,WICKER WREATH SMALL,6,2011-11-02 12:45:00,1.45,17841.0,United Kingdom
512397,22382,LUNCH BAG SPACEBOY DESIGN ,10,2010-06-15 12:22:00,1.65,15039.0,United Kingdom
516776,47593A,CAROUSEL PONIES BABY BIB,2,2010-07-22 19:42:00,1.25,14166.0,United Kingdom
505349,22562,MONSTERS STENCIL CRAFT,2,2010-04-21 14:05:00,1.25,15580.0,United Kingdom
566952,79144C,PAINTED LIGHTBULB RAINBOW DESIGN,1,2011-09-15 16:37:00,0.83,,United Kingdom
564065,23158,SET OF 5 LUCKY CAT MAGNETS ,12,2011-08-22 15:05:00,2.08,15150.0,United Kingdom
526271,22083,PAPER CHAIN KIT RETROSPOT,40,2010-10-11 11:15:00,2.55,13758.0,United Kingdom
539317,22335,HEART DECORATION PAINTED ZINC ,2,2010-12-16 19:04:00,0.65,17392.0,United Kingdom
556481,82581,TOILET METAL SIGN,3,2011-06-12 13:00:00,0.55,16115.0,United Kingdom
491119,21900,"KEY FOB , SHED",3,2009-12-09 15:03:00,0.65,,United Kingdom
533803,85099F,JUMBO BAG STRAWBERRY,6,2010-11-18 19:55:00,1.95,13969.0,United Kingdom
581023,23566,EGG CUP MILKMAID HEIDI,2,2011-12-07 10:35:00,2.46,,United Kingdom
491966,82093,HEART SHAPE BUTTON FRAME ,2,2009-12-14 17:16:00,3.43,,United Kingdom
536544,21810,CHRISTMAS HANGING STAR WITH BELL,3,2010-12-01 14:32:00,2.51,,United Kingdom
517382,84970S,HANGING HEART ZINC T-LIGHT HOLDER,8,2010-07-28 17:26:00,0.85,14898.0,United Kingdom
523011,48189,DOORMAT FRIENDSHIP ,10,2010-09-20 10:07:00,6.75,13881.0,United Kingdom
499036,22354,RETRO SPOT PADDED SEAT CUSHION,12,2010-02-24 13:06:00,3.39,17850.0,United Kingdom
541430,22132,RED LOVE HEART SHAPE CUP,48,2011-01-18 09:50:00,0.85,12356.0,Portugal
498128,85196,EASTER BUNNIES ON A STICK,24,2010-02-16 16:12:00,0.55,16911.0,United Kingdom
540551,22956,36 FOIL HEART CAKE CASES,1,2011-01-10 09:43:00,4.21,,United Kingdom
577078,23291,DOLLY GIRL CHILDRENS CUP,1,2011-11-17 15:17:00,2.46,,United Kingdom
500123,84520B,PACK 20 ENGLISH ROSE PAPER NAPKINS,12,2010-03-04 14:24:00,0.85,14911.0,EIRE
500091,21986,PACK OF 12 PINK SPOT TISSUES ,1,2010-03-04 12:06:00,0.81,,United Kingdom
580877,23029,DRAWER KNOB CRACKLE GLAZE GREEN,2,2011-12-06 12:15:00,1.65,17250.0,United Kingdom
499307,22029,SPACEBOY BIRTHDAY CARD,12,2010-02-26 10:10:00,0.42,15366.0,United Kingdom
530811,22083,PAPER CHAIN KIT RETROSPOT,1,2010-11-04 13:04:00,2.95,13137.0,United Kingdom
509459,22149,FELTCRAFT 6 FLOWER FRIENDS,6,2010-05-24 10:44:00,2.1,16233.0,United Kingdom
523211,48194,DOORMAT HEARTS,2,2010-09-21 10:46:00,7.95,16465.0,United Kingdom
521180,22423,REGENCY CAKESTAND 3 TIER,2,2010-09-02 16:01:00,12.75,12937.0,United Kingdom
526195,21667,GLASS CAKE COVER AND PLATE,1,2010-10-10 12:51:00,16.95,15645.0,United Kingdom
544887,15036,ASSORTED COLOURS SILK FAN,24,2011-02-24 11:54:00,0.75,17364.0,United Kingdom
569862,22339,CHRISTMAS TREE PAINTED ZINC ,96,2011-10-06 14:43:00,0.19,14518.0,United Kingdom
520699,22663,JUMBO BAG DOLLY GIRL DESIGN,10,2010-08-29 11:23:00,1.95,13242.0,United Kingdom
564818,48188,DOORMAT WELCOME PUPPIES,1,2011-08-30 12:10:00,15.79,,United Kingdom
532963,22556,PLASTERS IN TIN CIRCUS PARADE ,2,2010-11-15 12:35:00,1.65,16710.0,United Kingdom
553935,21166,COOK WITH WINE METAL SIGN ,12,2011-05-20 10:32:00,2.08,15856.0,United Kingdom
495020,85232A,SET/3 POLKA DOT STACKING TINS,4,2010-01-20 13:24:00,4.95,16200.0,United Kingdom
546780,22960,JAM MAKING SET WITH JARS,36,2011-03-17 07:40:00,3.75,12435.0,Denmark
537240,21801,CHRISTMAS TREE DECORATION WITH BELL,49,2010-12-06 10:08:00,0.43,,United Kingdom
576065,23202,JUMBO BAG VINTAGE LEAF,2,2011-11-13 15:42:00,2.08,15005.0,United Kingdom
497353,90059D,DIAMANTE HAIR GRIP PACK/2 PERIDOT,1,2010-02-08 16:48:00,1.69,,United Kingdom
578833,22069,BROWN  PIRATE TREASURE CHEST ,3,2011-11-25 15:23:00,4.13,,United Kingdom
576391,21212,PACK OF 72 RETROSPOT CAKE CASES,11,2011-11-15 10:13:00,2.08,,United Kingdom
533551,22141,CHRISTMAS CRAFT TREE TOP ANGEL,3,2010-11-17 17:08:00,2.1,17576.0,United Kingdom
537638,22427,ENAMEL FLOWER JUG CREAM,1,2010-12-07 15:28:00,11.87,,United Kingdom
510781,21988,PACK OF 6 SKULL PAPER PLATES,4,2010-06-03 15:17:00,0.85,16892.0,United Kingdom
528727,22687,DOORMAT CHRISTMAS VILLAGE,10,2010-10-24 13:21:00,6.75,15640.0,United Kingdom
577485,22635,CHILDS BREAKFAST SET DOLLY GIRL ,1,2011-11-20 11:56:00,9.95,16360.0,United Kingdom
529727,21945,STRAWBERRIES  DESIGN FLANNEL ,1,2010-10-29 14:12:00,1.66,,United Kingdom
502835,71477,COLOUR GLASS. STAR T-LIGHT HOLDER,4,2010-03-28 12:43:00,3.25,16934.0,United Kingdom
544940,22191,IVORY DINER WALL CLOCK,2,2011-02-25 10:19:00,8.5,16592.0,United Kingdom
580115,22594,CHRISTMAS GINGHAM TREE,13,2011-12-01 16:22:00,1.63,,United Kingdom
511082,21497,FANCY FONTS BIRTHDAY WRAP,50,2010-06-06 14:10:00,0.42,13056.0,United Kingdom
521935,21380,WOODEN HAPPY BIRTHDAY GARLAND,6,2010-09-09 15:57:00,2.95,15755.0,United Kingdom
491555,21179,NO JUNK MAIL METAL SIGN,24,2009-12-11 12:45:00,0.38,15194.0,United Kingdom
549100,21481,FAWN BLUE HOT WATER BOTTLE,1,2011-04-06 11:14:00,6.63,,United Kingdom
515939,21918,SET 12 KIDS COLOUR  CHALK STICKS,1,2010-07-15 15:02:00,0.85,,United Kingdom
551718,22437,SET OF 9 BLACK SKULL BALLOONS,1,2011-05-03 16:06:00,1.63,,United Kingdom
543826,22963,JAM JAR WITH GREEN LID,4,2011-02-14 09:41:00,1.63,,United Kingdom
566602,22726,ALARM CLOCK BAKELIKE GREEN,1,2011-09-13 16:05:00,7.46,,United Kingdom
512946,20855,PINK PATCH PURSE BLUE HEART,1,2010-06-20 15:32:00,1.65,17625.0,United Kingdom
541857,72760B,VINTAGE CREAM 3 BASKET CAKE STAND,6,2011-01-23 15:17:00,9.95,12727.0,France
536526,22113,GREY HEART HOT WATER BOTTLE,8,2010-12-01 12:58:00,3.75,14001.0,United Kingdom
580884,23576,SNACK TRAY RED VINTAGE DOILY,1,2011-12-06 12:21:00,1.95,15907.0,United Kingdom
534694,22535,MAGIC DRAWING SLATE BUNNIES ,24,2010-11-23 15:33:00,0.42,16531.0,United Kingdom
561670,22665,RECIPE BOX BLUE SKETCHBOOK DESIGN,4,2011-07-28 17:15:00,2.95,17373.0,United Kingdom
502427,22505,MEMO BOARD COTTAGE DESIGN,3,2010-03-24 12:33:00,4.95,17019.0,United Kingdom
495228,22329,ROUND CONTAINER SET OF 5 RETROSPOT,144,2010-01-22 08:28:00,1.45,14646.0,Netherlands
499303,20725,LUNCH BAG RED SPOTTY,10,2010-02-26 08:46:00,1.65,13089.0,United Kingdom
494915,22171,3 HOOK PHOTO SHELF ANTIQUE WHITE,2,2010-01-19 17:12:00,8.5,13564.0,United Kingdom
501897,22509,SEWING BOX RETROSPOT DESIGN ,1,2010-03-21 15:23:00,16.95,17539.0,United Kingdom
573151,22553,PLASTERS IN TIN SKULLS,6,2011-10-27 20:09:00,1.65,17602.0,United Kingdom
537434,47503H,ASS FLORAL PRINT SPIRIT LEVEL ,1,2010-12-06 16:57:00,4.21,,United Kingdom
544470,22518,CHILDS GARDEN BRUSH BLUE,6,2011-02-21 08:38:00,2.1,12707.0,France
568703,84375,SET OF 20 KIDS COOKIE CUTTERS,2,2011-09-28 15:21:00,2.1,12748.0,United Kingdom
503185,82486,WOOD S/3 CABINET ANT WHITE FINISH,1,2010-03-30 14:29:00,16.13,,United Kingdom
574328,21211,SET OF 72 SKULL PAPER  DOILIES,12,2011-11-04 09:05:00,1.45,13081.0,United Kingdom
532677,20978,36 PENCILS TUBE SKULLS,16,2010-11-14 12:07:00,1.25,15615.0,United Kingdom
553549,22311,OFFICE MUG WARMER BLACK+SILVER ,2,2011-05-17 16:09:00,5.79,,United Kingdom
551966,22616,PACK OF 12 LONDON TISSUES ,12,2011-05-05 13:14:00,0.29,15356.0,United Kingdom
528731,22273,FELTCRAFT DOLL MOLLY,6,2010-10-24 13:35:00,2.95,16983.0,United Kingdom
491118,90214K,"LETTER ""K"" BLING KEY RING",2,2009-12-09 15:03:00,1.25,16933.0,United Kingdom
550320,85150,LADIES & GENTLEMEN METAL SIGN,1,2011-04-17 12:37:00,2.55,12748.0,United Kingdom
530422,21733,RED HANGING HEART T-LIGHT HOLDER,1,2010-11-03 09:36:00,5.91,,United Kingdom
496863,84425A,WHITE GLASS TV TRIPLE FRAME,2,2010-02-04 12:08:00,4.25,16771.0,United Kingdom
538992,22654,DELUXE SEWING KIT ,1,2010-12-15 11:56:00,5.95,15950.0,United Kingdom
577609,22692,DOORMAT WELCOME TO OUR HOME,4,2011-11-21 09:51:00,8.25,12349.0,Italy
542102,21878,PACK OF 6 SANDCASTLE FLAGS ASSORTED,12,2011-01-25 13:26:00,0.85,12744.0,Singapore
532239,22955,36 FOIL STAR CAKE CASES ,4,2010-11-11 12:41:00,2.1,13857.0,United Kingdom
564817,22472,TV DINNER TRAY DOLLY GIRL,1,2011-08-30 12:02:00,10.79,,United Kingdom
568896,22884,NUMBER TILE VINTAGE FONT 5,2,2011-09-29 13:13:00,1.95,16361.0,United Kingdom
547250,21199,PINK  HEART CONFETTI IN TUBE,1,2011-03-22 09:30:00,3.29,,United Kingdom
571909,22792,FLUTED ANTIQUE CANDLE HOLDER,2,2011-10-19 15:08:00,0.85,15006.0,United Kingdom
545869,21181,PLEASE ONE PERSON METAL SIGN,12,2011-03-07 14:45:00,2.1,17162.0,United Kingdom
537823,79144C,PAINTED LIGHTBULB RAINBOW DESIGN,1,2010-12-08 14:25:00,0.84,,United Kingdom
547498,22564,ALPHABET STENCIL CRAFT,1,2011-03-23 12:24:00,1.25,15021.0,United Kingdom
559051,21929,JUMBO BAG PINK VINTAGE PAISLEY,1,2011-07-05 16:47:00,4.13,,United Kingdom
515764,90175A,WHITE GLASS CHUNKY CHARM BRACELET,12,2010-07-14 14:07:00,8.95,14285.0,United Kingdom
530846,35471D,SET OF 3 BIRD LIGHT PINK FEATHER ,12,2010-11-04 14:26:00,1.25,17977.0,United Kingdom
535571,21807,WHITE CHRISTMAS STAR DECORATION,6,2010-11-26 15:36:00,0.42,16904.0,United Kingdom
577535,23503,PLAYING CARDS KEEP CALM & CARRY ON,3,2011-11-20 14:07:00,1.25,14071.0,United Kingdom
562258,22927,GREEN GIANT GARDEN THERMOMETER,1,2011-08-03 15:28:00,5.95,16348.0,United Kingdom
575133,23375,50'S CHRISTMAS PAPER GIFT BAG,40,2011-11-08 14:48:00,0.82,14667.0,United Kingdom
533088,22113,GREY HEART HOT WATER BOTTLE,36,2010-11-16 10:05:00,3.39,12357.0,Switzerland
508451,85165,CANDY PINK FRENCH BOUDOIR CLOCK,1,2010-05-14 16:33:00,8.47,,United Kingdom
490494,22209,WOOD STAMP SET HAPPY BIRTHDAY,1,2009-12-06 13:29:00,1.65,17561.0,United Kingdom
558113,21174,POTTERING IN THE SHED METAL SIGN,12,2011-06-27 08:48:00,2.08,14911.0,EIRE
577078,21934,SKULL SHOULDER BAG,13,2011-11-17 15:17:00,1.63,,United Kingdom
543597,21693,SMALL HAMMERED SILVER CANDLEPOT ,8,2011-02-10 12:32:00,2.95,12857.0,United Kingdom
575624,21108,FAIRY CAKE FLANNEL ASSORTED COLOUR,18,2011-11-10 13:18:00,0.79,18217.0,United Kingdom
570231,21791,VINTAGE HEADS AND TAILS CARD GAME ,3,2011-10-09 13:44:00,1.25,16685.0,United Kingdom
495239,82583,HOT BATHS METAL SIGN,1,2010-01-22 10:01:00,4.21,,United Kingdom
535823,22771,CLEAR DRAWER KNOB ACRYLIC EDWARDIAN,1,2010-11-28 16:08:00,1.25,16928.0,United Kingdom
516452,22515,CHILDS GARDEN SPADE PINK,6,2010-07-20 13:17:00,2.1,13154.0,United Kingdom
538168,84947,ANTIQUE SILVER TEA GLASS ENGRAVED,6,2010-12-09 19:23:00,1.25,14702.0,United Kingdom
572553,20718,RED RETROSPOT SHOPPER BAG,1,2011-10-24 17:09:00,2.46,,United Kingdom
547882,85078,SCANDINAVIAN 3 HEARTS NAPKIN RING,24,2011-03-28 07:53:00,0.19,14911.0,EIRE
573323,22189,CREAM HEART CARD HOLDER,2,2011-10-30 10:54:00,3.95,15708.0,United Kingdom
529600,84029G,KNITTED UNION FLAG HOT WATER BOTTLE,4,2010-10-29 09:43:00,3.75,14194.0,United Kingdom
562973,22274,FELTCRAFT DOLL EMILY,24,2011-08-11 11:42:00,2.95,14911.0,EIRE
525421,85123A,WHITE HANGING HEART T-LIGHT HOLDER,32,2010-10-05 12:52:00,2.55,16019.0,United Kingdom
539631,20725,LUNCH BAG RED RETROSPOT,1,2010-12-20 15:03:00,4.21,,United Kingdom
509165,21532,DAIRY MAID SUGAR JAM BOWL,6,2010-05-20 14:06:00,2.1,15559.0,United Kingdom
546498,22891,TEA FOR ONE POLKADOT,1,2011-03-14 11:44:00,4.25,15493.0,United Kingdom
552824,22082,RIBBON REEL STRIPES DESIGN ,1,2011-05-11 13:16:00,1.65,14056.0,United Kingdom
517861,21326,AGED GLASS SILVER T-LIGHT HOLDER,24,2010-08-02 14:07:00,0.65,13090.0,United Kingdom
554957,22668,PINK BABY BUNTING,1,2011-05-27 15:17:00,5.79,,United Kingdom
531353,21623,VINTAGE UNION JACK MEMOBOARD,1,2010-11-07 13:47:00,9.95,15571.0,United Kingdom
490706,20748,KENSINGTON COFFEE SET,2,2009-12-07 14:58:00,12.75,17865.0,United Kingdom
560433,21935,SUKI  SHOULDER BAG,1,2011-07-18 15:49:00,1.63,,United Kingdom
562907,35004B,SET OF 3 BLACK FLYING DUCKS,3,2011-08-10 12:44:00,5.45,14116.0,United Kingdom
515335,22423,REGENCY CAKESTAND 3 TIER,1,2010-07-11 14:19:00,12.75,14606.0,United Kingdom
568100,23345, DOLLY GIRL BEAKER,12,2011-09-23 15:20:00,1.25,15475.0,United Kingdom
508747,16238,PARTY TIME PENCIL ERASERS,3,2010-05-18 11:40:00,0.43,,United Kingdom
559542,22138,BAKING SET 9 PIECE RETROSPOT ,3,2011-07-10 13:32:00,4.95,17126.0,United Kingdom
551013,22839,3 TIER CAKE TIN GREEN AND CREAM,1,2011-04-26 10:54:00,14.95,15108.0,European Community
564050,22751,FELTCRAFT PRINCESS OLIVIA DOLL,4,2011-08-22 13:32:00,3.75,17160.0,United Kingdom
551349,20777,CHRYSANTHEMUM NOTEBOOK,6,2011-04-28 10:03:00,1.65,14740.0,United Kingdom
542649,22470,HEART OF WICKER LARGE,2,2011-01-31 11:46:00,2.95,17373.0,United Kingdom
575137,21718,RED METAL BEACH SPADE ,12,2011-11-08 15:13:00,1.25,13090.0,United Kingdom
580043,22696,WICKER WREATH LARGE,2,2011-12-01 12:25:00,1.95,14527.0,United Kingdom
567683,23112,PARISIENNE CURIO CABINET,2,2011-09-21 16:31:00,7.5,13704.0,United Kingdom
565460,22667,RECIPE BOX RETROSPOT ,6,2011-09-05 09:24:00,2.95,16843.0,United Kingdom
546951,82583,HOT BATHS METAL SIGN,4,2011-03-18 11:30:00,2.1,17673.0,United Kingdom
560833,72122,COFFEE SCENT PILLAR CANDLE,2,2011-07-21 12:14:00,0.95,16891.0,United Kingdom
499958,84836,ZINC METAL HEART DECORATION,12,2010-03-03 12:45:00,1.25,14915.0,United Kingdom
517746,82494L,WOODEN FRAME ANTIQUE WHITE ,6,2010-08-02 09:14:00,2.95,17049.0,United Kingdom
556926,22147,FELTCRAFT BUTTERFLY HEARTS,1,2011-06-15 14:26:00,1.45,16324.0,United Kingdom
511239,84755,COLOUR GLASS T-LIGHT HOLDER HANGING,32,2010-06-07 12:31:00,0.65,13313.0,United Kingdom
522619,22581,WOOD STOCKING CHRISTMAS SCANDISPOT,6,2010-09-15 15:08:00,0.85,16395.0,United Kingdom
545308,21175,GIN + TONIC DIET METAL SIGN,3,2011-03-01 13:19:00,2.55,14656.0,United Kingdom
532252,22750,FELTCRAFT PRINCESS LOLA DOLL,8,2010-11-11 12:45:00,3.75,17416.0,United Kingdom
569236,82494L,WOODEN FRAME ANTIQUE WHITE ,4,2011-10-02 15:49:00,2.95,14432.0,United Kingdom
500999,90214K,"LETTER ""K"" BLING KEY RING",3,2010-03-11 13:46:00,1.25,16933.0,United Kingdom
562219,22427,ENAMEL FLOWER JUG CREAM,6,2011-08-03 14:14:00,5.95,15089.0,United Kingdom
517358,37450,CERAMIC CAKE BOWL + HANGING CAKES,12,2010-07-28 15:40:00,2.95,16278.0,United Kingdom
554819,90125D,PURPLE BERTIE GLASS BEAD BAG CHARM,1,2011-05-26 14:09:00,2.1,17550.0,United Kingdom
546648,21989,PACK OF 20 SKULL PAPER NAPKINS,5,2011-03-15 14:15:00,1.63,,United Kingdom
532445,22889,NUMBER TILE VINTAGE FONT No ,2,2010-11-12 11:31:00,2.1,17772.0,United Kingdom
544968,21844,RED RETROSPOT MUG,6,2011-02-25 11:30:00,2.95,13458.0,United Kingdom
498365,21429,RED GINGHAM ROSE JEWELLERY BOX,8,2010-02-18 13:53:00,1.65,13579.0,United Kingdom
492035,22034,ROBIN CHRISTMAS CARD,12,2009-12-15 12:29:00,0.42,16202.0,United Kingdom
545906,22964,3 PIECE SPACEBOY COOKIE CUTTER SET,6,2011-03-08 09:23:00,2.1,15764.0,United Kingdom
509645,22383,LUNCH BAG SUKI  DESIGN ,10,2010-05-25 11:35:00,1.65,15498.0,United Kingdom
494443,20961,STRAWBERRY BATH SPONGE ,5,2010-01-14 13:03:00,1.25,15898.0,United Kingdom
572513,21993,FLORAL FOLK STATIONERY SET,2,2011-10-24 14:36:00,1.25,16728.0,United Kingdom
515330,22178,VICTORIAN GLASS HANGING T-LIGHT,1,2010-07-11 13:53:00,1.25,16049.0,United Kingdom
539436,22943,CHRISTMAS LIGHTS 10 VINTAGE BAUBLES,4,2010-12-17 14:49:00,11.02,,United Kingdom
569372,22572,ROCKING HORSE GREEN CHRISTMAS ,1,2011-10-03 16:04:00,1.63,,United Kingdom
490494,21754,HOME BUILDING BLOCK WORD,1,2009-12-06 13:29:00,5.95,17561.0,United Kingdom
536813,35957,SMALLFOLKART BAUBLE CHRISTMAS DEC,48,2010-12-02 16:59:00,0.42,15646.0,United Kingdom
552508,22328,ROUND SNACK BOXES SET OF 4 FRUITS ,1,2011-05-09 16:27:00,5.79,,United Kingdom
562417,23205,CHARLOTTE BAG VINTAGE ALPHABET ,15,2011-08-04 16:32:00,1.63,,United Kingdom
580148,22456,NATURAL SLATE CHALKBOARD LARGE ,1,2011-12-02 10:08:00,9.96,,United Kingdom
512733,21542,WOODLAND WATER TRANSFER TATTOOS ,1,2010-06-17 13:48:00,1.66,,United Kingdom
578347,22992,REVOLVER WOODEN RULER ,2,2011-11-24 09:26:00,4.13,,United Kingdom
567665,22845,VINTAGE CREAM CAT FOOD CONTAINER,1,2011-09-21 15:22:00,12.46,,United Kingdom
505202,37450,CERAMIC CAKE BOWL + HANGING CAKES,1,2010-04-20 16:21:00,5.91,,United Kingdom
512426,72807A,SET/3 ROSE CANDLE IN JEWELLED BOX,3,2010-06-15 15:00:00,4.25,13168.0,United Kingdom
563362,21212,PACK OF 72 RETROSPOT CAKE CASES,24,2011-08-15 16:13:00,0.55,15114.0,United Kingdom
552660,22719,GUMBALL MONOCHROME COAT RACK,1,2011-05-10 15:03:00,2.46,,United Kingdom
555234,48194,DOORMAT HEARTS,6,2011-06-01 12:54:00,7.95,14515.0,United Kingdom
532440,22165,"DIAMANTE HEART SHAPED WALL MIRROR, ",1,2010-11-12 11:30:00,12.75,14994.0,United Kingdom
560024,22355,CHARLOTTE BAG SUKI DESIGN,10,2011-07-14 13:00:00,0.85,15005.0,United Kingdom
517521,21535,RED RETROSPOT SMALL MILK JUG,1,2010-07-29 14:00:00,2.55,13680.0,United Kingdom
549525,22716,CARD CIRCUS PARADE,1,2011-04-08 15:44:00,0.83,,United Kingdom
514015,22423,REGENCY CAKESTAND 3 TIER,2,2010-06-30 10:23:00,12.75,13752.0,United Kingdom
576249,21098,CHRISTMAS TOILET ROLL,1,2011-11-14 13:47:00,1.25,17811.0,United Kingdom
523731,21094,SET/6 RED SPOTTY PAPER PLATES,60,2010-09-23 17:16:00,0.85,17519.0,United Kingdom
567197,22507,MEMO BOARD RETROSPOT  DESIGN,4,2011-09-19 10:10:00,4.95,14934.0,Channel Islands
531496,85176,SEWING SUSAN 21 NEEDLE SET,6,2010-11-08 15:23:00,0.85,13738.0,United Kingdom
522172,21212,PACK OF 72 RETRO SPOT CAKE CASES,24,2010-09-13 11:38:00,0.55,13004.0,United Kingdom
571931,84347,ROTATING SILVER ANGELS T-LIGHT HLDR,1,2011-10-19 16:59:00,4.96,,United Kingdom
499454,POST,POSTAGE,2,2010-02-28 10:31:00,18.0,12708.0,Germany
565923,84970L,SINGLE HEART ZINC T-LIGHT HOLDER,15,2011-09-08 10:00:00,1.25,17567.0,United Kingdom
568668,21479,WHITE SKULL HOT WATER BOTTLE ,2,2011-09-28 13:00:00,4.25,15750.0,United Kingdom
578533,23067,HANGING ENGRAVED METAL HEART,2,2011-11-24 14:42:00,4.15,17767.0,United Kingdom
500236,20723,STRAWBERRY CHARLOTTE BAG,10,2010-03-05 11:56:00,0.85,16746.0,United Kingdom
531951,22867,HAND WARMER BIRD DESIGN,2,2010-11-10 12:19:00,2.1,14577.0,United Kingdom
569460,21181,PLEASE ONE PERSON METAL SIGN,12,2011-10-04 11:33:00,2.1,13895.0,United Kingdom
576779,23570,TRADITIONAL PICK UP STICKS GAME ,6,2011-11-16 13:25:00,1.25,14554.0,United Kingdom
552673,DOT,DOTCOM POSTAGE,1,2011-05-10 15:07:00,95.38,,United Kingdom
545215,20711,JUMBO BAG TOYS ,2,2011-02-28 16:47:00,4.13,,United Kingdom
530572,10123C,HEARTS WRAPPING TAPE ,13,2010-11-03 14:32:00,0.65,14667.0,United Kingdom
510983,20725,LUNCH BAG RED SPOTTY,3,2010-06-04 12:23:00,4.21,,United Kingdom
535336,22144,CHRISTMAS CRAFT LITTLE FRIENDS,6,2010-11-25 16:12:00,2.1,13626.0,United Kingdom
546950,21735,TWO DOOR CURIO CABINET,2,2011-03-18 11:24:00,12.75,16511.0,United Kingdom
533113,20752,BLUE POLKADOT WASHING UP GLOVES,1,2010-11-16 12:19:00,2.1,17852.0,United Kingdom
519610,22620,4 TRADITIONAL SPINNING TOPS,2,2010-08-18 16:54:00,1.25,15494.0,United Kingdom
561288,22720,SET OF 3 CAKE TINS PANTRY DESIGN ,3,2011-07-26 12:26:00,4.95,13379.0,United Kingdom
558774,21905,MORE BUTTER METAL SIGN ,1,2011-07-04 10:17:00,1.63,,United Kingdom
580983,22064,PINK DOUGHNUT TRINKET POT ,1,2011-12-06 16:26:00,3.29,,United Kingdom
513108,85061W,WHITE JEWELLED HEART DECORATION,2,2010-06-21 16:04:00,0.85,14204.0,United Kingdom
521989,22179,SET 10 LIGHTS NIGHT OWL,2,2010-09-10 10:47:00,6.75,12921.0,United Kingdom
536156,22069,BROWN  PIRATE TREASURE CHEST ,1,2010-11-30 11:51:00,4.21,,United Kingdom
539405,22077,6 RIBBONS RUSTIC CHARM,12,2010-12-17 12:38:00,1.65,12621.0,Germany
545580,21626,VINTAGE UNION JACK PENNANT,12,2011-03-04 08:43:00,1.95,13931.0,United Kingdom
561897,23282,FOLDING BUTTERFLY MIRROR IVORY ,1,2011-07-31 15:24:00,0.83,17841.0,United Kingdom
490745,20780,BLACK EAR MUFF HEADPHONES,2,2009-12-07 18:02:00,11.26,,United Kingdom
497590,84029E,RED WOOLLY HOTTIE WHITE HEART.,1,2010-02-10 17:59:00,7.62,,United Kingdom
C576831,23056,FLOWERS CHANDELIER T-LIGHT HOLDER,-144,2011-11-16 14:56:00,1.0,12748.0,United Kingdom
535958,20996,JAZZ HEARTS ADDRESS BOOK,24,2010-11-29 12:33:00,0.42,16161.0,United Kingdom
C527342,21527,RED RETROSPOT TRADITIONAL TEAPOT ,-1,2010-10-15 15:37:00,7.95,13446.0,United Kingdom
549525,22665,RECIPE BOX BLUE SKETCHBOOK DESIGN,1,2011-04-08 15:44:00,5.79,,United Kingdom
564256,22630,DOLLY GIRL LUNCH BOX,4,2011-08-24 10:45:00,1.95,14796.0,United Kingdom
565426,23377,PACK OF 12 DOLLY GIRL TISSUES,12,2011-09-04 12:41:00,0.39,12851.0,United Kingdom
566438,47566,PARTY BUNTING,2,2011-09-12 15:14:00,4.95,15996.0,United Kingdom
514682,21578,WOODLAND DESIGN  COTTON TOTE BAG,6,2010-07-05 13:56:00,2.25,12693.0,Germany
538664,84766,SILVER ROCOCO CANDLE STICK,12,2010-12-13 15:46:00,1.95,14733.0,United Kingdom
506247,21907,I'M ON HOLIDAY METAL SIGN,1,2010-04-28 13:24:00,2.1,18049.0,United Kingdom
506162,85014B,RED/WHITE DOTS RUFFLED UMBRELLA,3,2010-04-28 09:15:00,5.95,13081.0,United Kingdom
514369,22378,WALL TIDY RETROSPOT ,5,2010-07-02 08:26:00,2.1,12477.0,Germany
537823,22130,PARTY CONE CHRISTMAS DECORATION ,1,2010-12-08 14:25:00,8.47,,United Kingdom
529296,21564,PINK  HEART SHAPE LOVE BUCKET ,18,2010-10-27 12:20:00,2.95,15159.0,United Kingdom
544207,84596g,SMALL CHOCOLATES PINK BOWL,3,2011-02-17 10:34:00,2.46,,United Kingdom
494079,37448,CERAMIC CAKE DESIGN SPOTTED MUG,20,2010-01-11 12:19:00,1.49,12835.0,United Kingdom
578746,22834,HAND WARMER BABUSHKA DESIGN,5,2011-11-25 11:36:00,4.96,,United Kingdom
498158,22327,ROUND SNACK BOXES SET OF 4 SKULLS,2,2010-02-17 11:44:00,2.95,15002.0,United Kingdom
525875,84625D,WHITE NEWBAROQUE CANDLESTICK CANDLE,6,2010-10-07 14:11:00,2.95,17908.0,United Kingdom
493283,22075,6 RIBBONS ELEGANT CHRISTMAS ,1,2009-12-22 15:12:00,3.43,,United Kingdom
518147,84569A,PACK 3 IRON ON DOG PATCHES,24,2010-08-04 16:28:00,1.25,17235.0,United Kingdom
561804,22386,JUMBO BAG PINK POLKADOT,10,2011-07-29 14:40:00,2.08,14191.0,United Kingdom
495385,84029G,KNITTED UNION FLAG HOT WATER BOTTLE,8,2010-01-24 14:30:00,3.75,13209.0,United Kingdom
572862,22940,FELTCRAFT CHRISTMAS FAIRY,1,2011-10-26 12:48:00,4.25,16750.0,United Kingdom
531863,22662,LUNCH BAG DOLLY GIRL DESIGN,1,2010-11-10 10:50:00,1.65,13671.0,United Kingdom
536876,22940,FELTCRAFT CHRISTMAS FAIRY,6,2010-12-03 11:36:00,4.25,,United Kingdom
554082,22891,TEA FOR ONE POLKADOT,2,2011-05-22 11:49:00,4.25,14878.0,United Kingdom
564364,82494L,WOODEN FRAME ANTIQUE WHITE ,6,2011-08-24 16:24:00,2.95,15434.0,United Kingdom
578541,21672,WHITE SPOT RED CERAMIC DRAWER KNOB,6,2011-11-24 15:01:00,1.45,14277.0,France
553345,22727,ALARM CLOCK BAKELIKE RED ,8,2011-05-16 12:53:00,3.75,16729.0,United Kingdom
527149,22297,HEART IVORY TRELLIS SMALL,24,2010-10-15 11:07:00,1.25,15817.0,United Kingdom
538171,20970,PINK FLORAL FELTCRAFT SHOULDER BAG,2,2010-12-09 20:01:00,3.75,17530.0,United Kingdom
500014,22496,SET OF 2 ROUND TINS DUTCH CHEESE,6,2010-03-04 10:29:00,2.95,15622.0,United Kingdom
489537,21993,FLORAL FOLK STATIONERY SET,3,2009-12-01 12:14:00,2.95,14040.0,United Kingdom
571714,21804,WHITE CHRISTMAS GARLAND STARS TREES,1,2011-10-18 17:00:00,3.29,,United Kingdom
534659,22094,RED RETROSPOT TISSUE BOX,12,2010-11-23 13:38:00,1.25,12434.0,Australia
566238,47590B,PINK HAPPY BIRTHDAY BUNTING,1,2011-09-11 11:24:00,5.45,17377.0,United Kingdom
561857,23144,ZINC T-LIGHT HOLDER STARS SMALL,12,2011-07-29 16:24:00,0.83,13004.0,United Kingdom
516270,20754,RETRO RED SPOTTY WASHING UP GLOVES,12,2010-07-19 12:22:00,2.1,14646.0,Netherlands
514679,21868,POTTING SHED TEA MUG,24,2010-07-05 13:46:00,1.25,16705.0,United Kingdom
509748,21755,LOVE BUILDING BLOCK WORD,3,2010-05-25 13:51:00,5.95,15217.0,United Kingdom
C518979,85006,SET 4 NURSERY DES ROUND BOXES,-6,2010-08-12 16:38:00,2.95,17059.0,United Kingdom
542633,21484,CHICK GREY HOT WATER BOTTLE,2,2011-01-31 10:31:00,8.29,,United Kingdom
536859,21733,RED HANGING HEART T-LIGHT HOLDER,2,2010-12-03 10:43:00,2.95,12841.0,United Kingdom
578344,20973,12 PENCIL SMALL TUBE WOODLAND,2,2011-11-24 09:21:00,1.25,,United Kingdom
521896,22383,LUNCH BAG SUKI  DESIGN ,10,2010-09-09 12:19:00,1.65,12682.0,France
511672,21592,RETRO SPOT  CIGAR BOX MATCHES ,24,2010-06-09 14:43:00,1.25,17865.0,United Kingdom
577358,22197,POPCORN HOLDER,4,2011-11-18 15:59:00,1.63,,United Kingdom
575849,84692,BOX OF 24 COCKTAIL PARASOLS,25,2011-11-11 12:11:00,0.42,14790.0,United Kingdom
494499,82486,WOOD S/3 CABINET ANT WHITE FINISH,4,2010-01-14 18:03:00,6.95,17850.0,United Kingdom
521568,84755,COLOUR GLASS T-LIGHT HOLDER HANGING,144,2010-09-07 10:59:00,0.55,17511.0,United Kingdom
580111,21636,MADRAS NOTEBOOK MEDIUM,12,2011-12-01 15:55:00,0.75,12950.0,United Kingdom
565420,48111,DOORMAT 3 SMILEY CATS,1,2011-09-04 12:09:00,8.25,16326.0,United Kingdom
507181,22492,MINI PAINT SET VINTAGE  BOY+ GIRL,576,2010-05-06 15:27:00,0.55,14646.0,Netherlands
499801,79323GR,GREEN CHERRY LIGHTS,8,2010-03-02 15:45:00,5.45,17850.0,United Kingdom
531690,21484,CHICK GREY HOT WATER BOTTLE,7,2010-11-09 11:49:00,8.47,,United Kingdom
539631,20713,JUMBO BAG OWLS,4,2010-12-20 15:03:00,4.21,,United Kingdom
510983,47566,PARTY BUNTING,6,2010-06-04 12:23:00,8.47,,United Kingdom
549294,20711,JUMBO BAG TOYS ,2,2011-04-07 19:27:00,2.08,13230.0,United Kingdom
509217,22029,SPACEBOY BIRTHDAY CARD,12,2010-05-21 10:28:00,0.42,14311.0,United Kingdom
516164,22627,MINT KITCHEN SCALES,2,2010-07-18 12:19:00,8.5,15151.0,United Kingdom
577358,22893,MINI CAKE STAND T-LIGHT HOLDER,3,2011-11-18 15:59:00,0.83,,United Kingdom
558316,22069,BROWN  PIRATE TREASURE CHEST ,1,2011-06-28 11:45:00,4.13,,United Kingdom
536749,21710,FOLDING UMBRELLA PINKWHITE POLKADOT,1,2010-12-02 13:49:00,4.95,17976.0,United Kingdom
581217,22865,HAND WARMER OWL DESIGN,2,2011-12-08 09:20:00,4.13,,United Kingdom
522987,22189,CREAM HEART CARD HOLDER,9,2010-09-19 14:51:00,3.95,17625.0,United Kingdom
564167,22383,LUNCH BAG SUKI DESIGN ,10,2011-08-23 13:50:00,1.65,17735.0,United Kingdom
541848,21495,SKULLS AND CROSSBONES WRAP,25,2011-01-23 13:31:00,0.42,17611.0,United Kingdom
C550475,20718,RED RETROSPOT SHOPPER BAG,-1,2011-04-18 13:59:00,1.06,13798.0,United Kingdom
568901,21707,FOLDING UMBRELLA BLACKBLUE POLKADOT,2,2011-09-29 13:22:00,4.95,15050.0,United Kingdom
516990,84970s,HANGING HEART ZINC T-LIGHT HOLDER,18,2010-07-26 11:00:00,2.13,,United Kingdom
541827,90161D,ANT COPPER PINK BOUDICCA BRACELET,1,2011-01-21 17:05:00,4.98,,United Kingdom
533956,22739,RIBBON REEL CHRISTMAS SOCK BAUBLE,10,2010-11-19 12:50:00,1.65,12682.0,France
556427,21430,SET/3 RED GINGHAM ROSE STORAGE BOX,1,2011-06-10 13:23:00,7.46,,United Kingdom
559914,22502,PICNIC BASKET WICKER SMALL,1,2011-07-13 15:13:00,10.79,,United Kingdom
552826,23147,SINGLE ANTIQUE ROSE HOOK IVORY,12,2011-05-11 13:20:00,1.45,14277.0,France
526487,21544,SKULLS  WATER TRANSFER TATTOOS ,12,2010-10-12 08:26:00,0.85,14135.0,United Kingdom
515627,21891,TRADITIONAL WOODEN SKIPPING ROPE,12,2010-07-14 10:18:00,1.25,17096.0,United Kingdom
576095,23434,3 RAFFIA RIBBONS 50'S CHRISTMAS ,20,2011-11-14 09:13:00,0.79,14904.0,United Kingdom
577016,15056P,EDWARDIAN PARASOL PINK,2,2011-11-17 12:21:00,5.95,17095.0,United Kingdom
492528,21033,JUMBO BAG CHARLIE AND LOLA TOYS,100,2009-12-17 12:42:00,1.25,16945.0,United Kingdom
519741,84840,SWEETHEART CARRY-ALL BASKET,2,2010-08-20 10:44:00,8.5,14156.0,EIRE
541423,22065,CHRISTMAS PUDDING TRINKET POT ,1,2011-01-17 17:54:00,3.29,,United Kingdom
556017,84991,60 TEATIME FAIRY CAKE CASES,24,2011-06-08 11:56:00,0.55,15382.0,United Kingdom
491966,48194,DOORMAT HEARTS,1,2009-12-14 17:16:00,13.87,,United Kingdom
562928,22139,RETROSPOT TEA SET CERAMIC 11 PC ,12,2011-08-10 15:29:00,4.95,15494.0,United Kingdom
569015,82494L,WOODEN FRAME ANTIQUE WHITE ,6,2011-09-30 09:20:00,2.95,13575.0,United Kingdom
546892,22167, OVAL WALL MIRROR DIAMANTE ,1,2011-03-17 18:20:00,8.29,,United Kingdom
506459,84991,60 TEATIME FAIRY CAKE CASES,24,2010-04-29 19:36:00,0.55,12915.0,United Kingdom
516325,21259,VICTORIAN SEWING BOX SMALL ,2,2010-07-19 15:41:00,5.95,17651.0,United Kingdom
497029,22262,FELT EGG COSY CHICKEN,12,2010-02-05 13:35:00,0.85,13141.0,United Kingdom
537375,22554,PLASTERS IN TIN WOODLAND ANIMALS,3,2010-12-06 12:55:00,1.65,17019.0,United Kingdom
563214,21212,PACK OF 72 RETROSPOT CAKE CASES,3,2011-08-14 12:56:00,0.55,16370.0,United Kingdom
571197,23140,TRIPLE WIRE HOOK IVORY HEART,1,2011-10-14 12:08:00,4.15,16413.0,United Kingdom
535959,21481,FAWN BLUE HOT WATER BOTTLE,12,2010-11-29 12:35:00,2.95,15498.0,United Kingdom
501541,20763,DAISY SKETCHBOOK ,4,2010-03-17 14:23:00,3.75,13478.0,United Kingdom
525307,22469,HEART OF WICKER SMALL,40,2010-10-05 10:21:00,1.45,13408.0,United Kingdom
522720,22677,"FRENCH BLUE METAL DOOR SIGN, 2",10,2010-09-16 12:20:00,1.25,16912.0,United Kingdom
535946,22907,PACK OF 20 NAPKINS PANTRY DESIGN,4,2010-11-29 11:54:00,0.85,17345.0,United Kingdom
503797,22487,WHITE WOOD GARDEN PLANT LADDER,2,2010-04-07 13:21:00,9.95,14264.0,United Kingdom
573578,85049E,SCANDINAVIAN REDS RIBBONS,5,2011-10-31 14:13:00,1.25,16018.0,United Kingdom
500918,85211,S/4 GROOVY CAT MAGNETS,1,2010-03-11 10:30:00,3.36,,United Kingdom
580997,21164,HOME SWEET HOME METAL SIGN ,3,2011-12-06 17:23:00,2.95,15023.0,United Kingdom
543300,48138,DOORMAT UNION FLAG,1,2011-02-07 11:42:00,7.95,13334.0,United Kingdom
522041,21537,RED RETROSPOT PUDDING BOWL,4,2010-09-10 12:32:00,4.25,16858.0,United Kingdom
536185,21929,JUMBO BAG PINK VINTAGE PAISLEY,1,2010-11-30 12:29:00,1.95,17889.0,United Kingdom
533783,21216,"SET 3 RETROSPOT TEA,COFFEE,SUGAR",4,2010-11-18 16:33:00,4.95,18160.0,United Kingdom
557330,22629,SPACEBOY LUNCH BOX ,12,2011-06-20 10:20:00,1.95,14291.0,United Kingdom
514166,21535,RED RETROSPOT SMALL MILK JUG,1,2010-06-30 15:41:00,2.55,14754.0,United Kingdom
536876,22531,MAGIC DRAWING SLATE CIRCUS PARADE  ,3,2010-12-03 11:36:00,0.85,,United Kingdom
568346,82551,LAUNDRY 15C METAL SIGN,2,2011-09-26 15:28:00,2.46,14096.0,United Kingdom
576082,23480,MINI LIGHTS WOODLAND MUSHROOMS,4,2011-11-14 08:22:00,3.75,12428.0,Finland
508029,84510B,,4,2010-05-12 12:04:00,0.0,,United Kingdom
508100,21232,STRAWBERRY CERAMIC TRINKET BOX,12,2010-05-13 09:57:00,1.25,15805.0,United Kingdom
535803,15056N,EDWARDIAN PARASOL NATURAL,1,2010-11-28 14:57:00,5.95,14410.0,United Kingdom
538524,20718,RED RETROSPOT SHOPPER BAG,2,2010-12-13 09:35:00,2.51,,United Kingdom
543828,21080,SET/20 RED RETROSPOT PAPER NAPKINS ,12,2011-02-14 09:45:00,0.85,14156.0,EIRE
502486,47570,ENGLISH ROSE TABLE CLOTH,1,2010-03-24 17:43:00,21.23,,United Kingdom
504864,84879,ASSORTED COLOUR BIRD ORNAMENT,8,2010-04-18 12:14:00,1.69,13262.0,United Kingdom
537382,85231B,CINAMMON SET OF 9 T-LIGHTS,4,2010-12-06 13:13:00,0.85,16710.0,United Kingdom
531255,21754,HOME BUILDING BLOCK WORD,36,2010-11-07 11:15:00,5.45,12873.0,United Kingdom
494482,21895,POTTING SHED SOW 'N' GROW SET,12,2010-01-14 16:24:00,4.25,13983.0,United Kingdom
571214,85099B,JUMBO BAG RED RETROSPOT,10,2011-10-14 12:56:00,2.08,14390.0,United Kingdom
579787,22645,CERAMIC HEART FAIRY CAKE MONEY BANK,5,2011-11-30 15:33:00,4.13,,United Kingdom
537135,22077,6 RIBBONS RUSTIC CHARM,6,2010-12-05 12:35:00,1.65,17059.0,United Kingdom
576618,23107,WHITE HEARTS WIRE PLANT POT HOLDER,2,2011-11-15 17:00:00,5.79,,United Kingdom
517221,22500,SET OF 2 TINS JARDIN DE PROVENCE,4,2010-07-27 12:38:00,4.95,17465.0,United Kingdom
C553748,22194,BLACK DINER WALL CLOCK,-2,2011-05-19 09:57:00,8.5,16676.0,United Kingdom
560225,22605,WOODEN CROQUET GARDEN SET,3,2011-07-15 16:27:00,24.96,,United Kingdom
499057,22094,RED POLKA DOT TISSUE BOX,1,2010-02-24 13:48:00,1.25,15898.0,United Kingdom
560773,22607,WOODEN ROUNDERS GARDEN SET ,1,2011-07-20 16:17:00,16.63,,United Kingdom
575911,22573,STAR WOODEN CHRISTMAS DECORATION,12,2011-11-11 16:13:00,0.85,17314.0,United Kingdom
501572,85061W,WHITE JEWELLED HEART DECORATION,24,2010-03-18 09:12:00,0.85,16571.0,United Kingdom
518613,20686,DOLLY MIXTURE CHILDREN'S UMBRELLA,2,2010-08-10 12:37:00,3.25,16713.0,United Kingdom
519218,20723,STRAWBERRY CHARLOTTE BAG,1,2010-08-15 11:55:00,0.85,17248.0,United Kingdom
569545,22730,ALARM CLOCK BAKELIKE IVORY,1,2011-10-04 16:37:00,7.46,,United Kingdom
561038,22470,HEART OF WICKER LARGE,2,2011-07-24 11:58:00,2.95,17114.0,United Kingdom
502591,85047,WHITE BEADED GARLAND STRING 20LIGHT,1,2010-03-25 12:54:00,6.35,17841.0,United Kingdom
575186,84378,SET OF 3 HEART COOKIE CUTTERS,12,2011-11-09 09:01:00,1.45,17611.0,United Kingdom
580680,22619,SET OF 6 SOLDIER SKITTLES,4,2011-12-05 14:51:00,3.75,13001.0,United Kingdom
559342,16016,LARGE CHINESE STYLE SCISSOR,10,2011-07-07 16:59:00,0.85,14493.0,United Kingdom
540995,90039D,FIRE POLISHED GLASS BRACELET GREEN,1,2011-01-13 09:30:00,3.73,,United Kingdom
561926,23231,WRAP DOILEY DESIGN,25,2011-08-01 12:48:00,0.42,12749.0,United Kingdom
513761,21249,WOODLAND  HEIGHT CHART STICKERS ,6,2010-06-28 12:57:00,2.55,17448.0,United Kingdom
512289,47367B,PAIR PADDED HANGERS PINK CHECK,2,2010-06-14 14:49:00,3.36,,United Kingdom
579167,23014,GLASS APOTHECARY BOTTLE ELIXIR,1,2011-11-28 14:06:00,3.95,16800.0,United Kingdom
580516,22942,CHRISTMAS LIGHTS 10 SANTAS ,3,2011-12-04 14:15:00,2.95,17954.0,United Kingdom
551727,22602,RETROSPOT WOODEN HEART DECORATION,12,2011-05-04 08:40:00,0.85,14245.0,United Kingdom
551724,22433,WATERING CAN GREEN DINOSAUR,3,2011-05-03 17:12:00,1.95,15976.0,United Kingdom
517062,22348,TEA BAG PLATE RED SPOTTY ,48,2010-07-26 13:38:00,0.85,16553.0,United Kingdom
575964,84029G,KNITTED UNION FLAG HOT WATER BOTTLE,1,2011-11-13 12:31:00,4.25,15021.0,United Kingdom
581134,22905,CALENDAR IN SEASON DESIGN,1,2011-12-07 13:12:00,1.25,16368.0,United Kingdom
492399,16156S,WRAP PINK FAIRY CAKES ,25,2009-12-16 15:31:00,0.42,14329.0,United Kingdom
541424,22867,HAND WARMER BIRD DESIGN,2,2011-01-17 17:57:00,4.13,,United Kingdom
499262,22300,COFFEE MUG DOG + BALL DESIGN,6,2010-02-25 15:13:00,2.55,13269.0,United Kingdom
504119,22553,PLASTERS IN TIN SKULLS,2,2010-04-09 16:54:00,1.65,17609.0,United Kingdom
519666,21207,SKULL AND CROSSBONES  GARLAND ,12,2010-08-19 12:16:00,1.65,12976.0,United Kingdom
528095,85150,LADIES & GENTLEMEN METAL SIGN,1,2010-10-20 13:26:00,2.55,14656.0,United Kingdom
572103,22111,SCOTTIE DOG HOT WATER BOTTLE,1,2011-10-20 15:57:00,4.95,17571.0,United Kingdom
541421,84569D,PACK 6 HEART/ICE-CREAM PATCHES,2,2011-01-17 17:44:00,0.83,,United Kingdom
537197,22847,BREAD BIN DINER STYLE IVORY,1,2010-12-05 14:02:00,16.95,12647.0,Germany
570022,21703,BAG 125g SWIRLY MARBLES,5,2011-10-07 10:21:00,0.42,14067.0,United Kingdom
539708,85123A,WHITE HANGING HEART T-LIGHT HOLDER,2,2010-12-21 12:18:00,5.91,,United Kingdom
555538,21135,VICTORIAN  METAL POSTCARD SPRING,10,2011-06-05 12:39:00,1.69,14512.0,United Kingdom
516337,22585,PACK OF 6 BIRDY GIFT TAGS,12,2010-07-20 08:47:00,1.25,14626.0,United Kingdom
542303,20914,SET/5 RED RETROSPOT LID GLASS BOWLS,6,2011-01-27 11:05:00,2.95,12539.0,Spain
567668,20775,DAISY NOTEBOOK ,2,2011-09-21 15:29:00,1.63,,United Kingdom
537240,22630,DOLLY GIRL LUNCH BOX,1,2010-12-06 10:08:00,4.21,,United Kingdom
557644,21947,SET OF 6 HEART CHOPSTICKS,1,2011-06-21 17:06:00,2.46,,United Kingdom
561113,82600,NO SINGING METAL SIGN,1,2011-07-25 12:09:00,2.1,17841.0,United Kingdom
577754,21172,PARTY METAL SIGN ,24,2011-11-21 14:47:00,1.45,18139.0,United Kingdom
499882,84909A,PINK PAISLEY QUILT ,8,2010-03-03 10:43:00,12.75,17850.0,United Kingdom
504918,21665,TRIANGULAR RIDGED GLASS POSY HOLDER,1,2010-04-19 10:36:00,1.66,,United Kingdom
530951,22541,MINI JIGSAW LEAP FROG,48,2010-11-04 18:34:00,0.42,15521.0,United Kingdom
489574,20940,SET/6 GARDEN GNOME T-LIGHT CANDLES,1,2009-12-01 13:31:00,2.95,13097.0,United Kingdom
532416,72818,CHRISTMAS DECOUPAGE CANDLE,12,2010-11-12 08:18:00,0.85,18054.0,United Kingdom
538349,72351A,SET/6 TURQUOISE BUTTERFLY T-LIGHTS,1,2010-12-10 14:59:00,4.21,,United Kingdom
499032,22494,EMERGENCY FIRST AID TIN ,12,2010-02-24 12:51:00,1.25,13590.0,United Kingdom
513335,85064,CREAM SWEETHEART LETTER RACK,2,2010-06-24 09:49:00,5.45,17686.0,United Kingdom
553387,21003,ROSE DU SUD CUSHION COVER,2,2011-05-16 16:33:00,5.79,,United Kingdom
516609,85099B,JUMBO BAG RED RETROSPOT,3,2010-07-21 14:39:00,1.95,17338.0,United Kingdom
531382,21213,PACK OF 72 SKULL CAKE CASES,2,2010-11-07 16:29:00,0.55,16549.0,United Kingdom
C531557,21380,WOODEN HAPPY BIRTHDAY GARLAND,-288,2010-11-09 10:06:00,2.55,12454.0,Spain
534021,22064,PINK DOUGHNUT TRINKET POT ,12,2010-11-19 14:54:00,1.65,17412.0,United Kingdom
574278,21373,MIRRORED WALL ART SNOWFLAKES,12,2011-11-03 14:42:00,0.75,15814.0,United Kingdom
511327,47590B,PINK HAPPY BIRTHDAY BUNTING,3,2010-06-08 09:11:00,5.45,15615.0,United Kingdom
491050,20703,BLUE PADDED SOFT MOBILE,3,2009-12-09 10:46:00,4.25,12712.0,Germany
581217,22963,JAM JAR WITH GREEN LID,1,2011-12-08 09:20:00,1.63,,United Kingdom
536876,22726,ALARM CLOCK BAKELIKE GREEN,2,2010-12-03 11:36:00,7.62,,United Kingdom
553211,22558,CLOTHES PEGS RETROSPOT PACK 24 ,12,2011-05-16 09:40:00,1.65,15358.0,United Kingdom
525966,22584,PACK OF 6 PANNETONE GIFT BOXES,6,2010-10-08 09:58:00,2.55,16499.0,United Kingdom
562926,22670,FRENCH WC SIGN BLUE METAL,12,2011-08-10 14:55:00,1.25,17512.0,United Kingdom
562439,22561,WOODEN SCHOOL COLOURING SET,360,2011-08-04 18:06:00,1.45,12931.0,United Kingdom
580059,22111,SCOTTIE DOG HOT WATER BOTTLE,12,2011-12-01 13:22:00,4.95,17768.0,United Kingdom
513112,22550,HOLIDAY FUN LUDO,3,2010-06-21 16:28:00,3.75,17338.0,United Kingdom
574310,21977,PACK OF 60 PINK PAISLEY CAKE CASES,3,2011-11-03 16:56:00,0.55,13467.0,United Kingdom
571120,22286,DECORATION WOBBLY RABBIT METAL ,24,2011-10-14 09:06:00,0.39,16950.0,United Kingdom
527520,22952,60 CAKE CASES VINTAGE CHRISTMAS,6,2010-10-18 13:18:00,1.28,,United Kingdom
557897,22354,RETROSPOT PADDED SEAT CUSHION,5,2011-06-23 14:25:00,3.75,13881.0,United Kingdom
564037,23310,BUBBLEGUM RING ASSORTED,36,2011-08-22 12:26:00,0.42,14800.0,United Kingdom
563213,23293,SET OF 12 FAIRY CAKE BAKING CASES,1,2011-08-14 12:55:00,0.83,16115.0,United Kingdom
503549,22245,"HOOK, 1 HANGER ,MAGIC GARDEN",3,2010-04-01 15:04:00,1.66,,United Kingdom
530073,22107,PIZZA PLATE IN BOX,1,2010-11-01 12:22:00,3.75,15958.0,United Kingdom
494385,20961,STRAWBERRY BATH SPONGE ,10,2010-01-14 09:33:00,1.25,18268.0,United Kingdom
517978,22422,TOOTHPASTE TUBE PEN,12,2010-08-03 14:38:00,0.65,16316.0,United Kingdom
568491,23328,SET 6 SCHOOL MILK BOTTLES IN CRATE,2,2011-09-27 11:58:00,3.75,15443.0,United Kingdom
578065,23331,DECORATIVE WICKER HEART SMALL,1,2011-11-22 15:41:00,1.25,,United Kingdom
513116,22584,PACK OF 6 PANNETONE GIFT BOXES,6,2010-06-22 09:05:00,2.55,13141.0,United Kingdom
551995,22771,CLEAR DRAWER KNOB ACRYLIC EDWARDIAN,8,2011-05-05 15:42:00,2.46,,United Kingdom
549048,21731,RED TOADSTOOL LED NIGHT LIGHT,10,2011-04-06 10:14:00,1.65,17811.0,United Kingdom
508643,21974,SET OF 36 PAISLEY FLOWER DOILIES,2,2010-05-17 15:30:00,2.98,,United Kingdom
568938,23295,SET OF 12 MINI LOAF BAKING CASES,3,2011-09-29 14:46:00,0.83,17220.0,United Kingdom
579141,22144,CHRISTMAS CRAFT LITTLE FRIENDS,1,2011-11-28 13:06:00,2.1,17019.0,United Kingdom
503151,21590,KINGS CHOICE CIGAR BOX MATCHES ,24,2010-03-30 12:26:00,1.06,14298.0,United Kingdom
530139,22149,FELTCRAFT 6 FLOWER FRIENDS,6,2010-11-01 16:24:00,2.1,14426.0,United Kingdom
580029,23181,BULL DOG BOTTLE TOP WALL CLOCK,8,2011-12-01 12:13:00,7.5,15380.0,United Kingdom
494495,20685,RED SPOTTY COIR DOORMAT,1,2010-01-14 17:43:00,13.57,,United Kingdom
539309,21930,JUMBO STORAGE BAG SKULLS,10,2010-12-16 17:49:00,1.95,16945.0,United Kingdom
540813,22208,WOOD STAMP SET THANK YOU,5,2011-01-11 12:41:00,1.65,14669.0,United Kingdom
559032,21495,SKULLS AND CROSSBONES WRAP,25,2011-07-05 14:53:00,0.42,17511.0,United Kingdom
559673,85130D,BEADED CRYSTAL HEART PINK LARGE,6,2011-07-11 14:10:00,0.79,13224.0,United Kingdom
524337,21172,PARTY METAL SIGN ,1,2010-09-28 15:46:00,1.45,14410.0,United Kingdom
565067,21647,ASSORTED TUTTI FRUTTI LARGE PURSE,6,2011-08-31 17:16:00,2.1,15856.0,United Kingdom
503814,21911,GARDEN METAL SIGN ,12,2010-04-07 14:36:00,1.65,16656.0,United Kingdom
518519,22158,3 HEARTS HANGING DECORATION RUSTIC,8,2010-08-09 15:33:00,2.95,17482.0,United Kingdom
505356,71459,HANGING JAM JAR T-LIGHT HOLDER,12,2010-04-21 15:08:00,0.85,15570.0,United Kingdom
512722,21888,BINGO SET,1,2010-06-17 13:02:00,3.75,14508.0,United Kingdom
576618,23012,GLASS APOTHECARY BOTTLE PERFUME,2,2011-11-15 17:00:00,8.29,,United Kingdom
538634,22156,HEART DECORATION WITH PEARLS ,8,2010-12-13 13:28:00,0.85,14085.0,United Kingdom
513509,22419,LIPSTICK PEN RED,12,2010-06-25 10:41:00,0.42,,Bahrain
497891,21718,RED METAL BEACH SPADE ,4,2010-02-14 12:22:00,1.25,15561.0,United Kingdom
538040,22867,HAND WARMER BIRD DESIGN,6,2010-12-09 13:08:00,2.1,16520.0,United Kingdom
497215,85172,HYACINTH BULB T-LIGHT CANDLES,16,2010-02-07 14:11:00,0.42,13648.0,United Kingdom
493067,17014A,ORIGAMI VANILLA INCENSE CONES,1,2009-12-21 17:20:00,1.65,,United Kingdom
556009,84988,SET OF 72 PINK HEART PAPER DOILIES,12,2011-06-08 11:37:00,1.45,18221.0,United Kingdom
569383,23294,SET OF 6 SNACK LOAF BAKING CASES,16,2011-10-03 16:46:00,0.83,15159.0,United Kingdom
511033,22348,TEA BAG PLATE RED SPOTTY ,7,2010-06-06 10:56:00,0.85,16271.0,United Kingdom
545567,37444B,,-3,2011-03-03 16:14:00,0.0,,United Kingdom
526901,21212,PACK OF 72 RETROSPOT CAKE CASES,2,2010-10-13 15:07:00,0.55,17817.0,United Kingdom
550974,47591D,PINK FAIRY CAKE CHILDRENS APRON,8,2011-04-21 17:10:00,1.95,13862.0,United Kingdom
503192,35924,HANGING FAIRY CAKE DECORATION,48,2010-03-30 15:20:00,2.1,13952.0,United Kingdom
545574,82581,TOILET METAL SIGN,10,2011-03-03 18:16:00,0.55,13959.0,United Kingdom
575906,23083,SET 6 PAPER TABLE LANTERN STARS ,2,2011-11-11 15:50:00,3.75,,United Kingdom
520063,85099F,JUMBO BAG STRAWBERRY,100,2010-08-23 16:02:00,1.65,13798.0,United Kingdom
577077,22175,PINK OWL SOFT TOY,5,2011-11-17 15:16:00,2.95,17799.0,United Kingdom
534812,16011,ANIMAL STICKERS,24,2010-11-24 12:43:00,0.21,14458.0,United Kingdom
492368,84050,PINK HEART SHAPE EGG FRYING PAN,4,2009-12-16 14:08:00,1.65,14415.0,United Kingdom
528125,22197,SMALL POPCORN HOLDER,4,2010-10-20 14:42:00,0.85,16903.0,United Kingdom
522082,21754,HOME BUILDING BLOCK WORD,5,2010-09-12 11:44:00,5.95,16608.0,United Kingdom
498562,85099B,JUMBO BAG RED WHITE SPOTTY ,10,2010-02-21 12:03:00,1.95,15182.0,United Kingdom
565541,21238,RED RETROSPOT CUP,12,2011-09-05 12:00:00,0.85,14159.0,United Kingdom
550323,23230,WRAP ALPHABET DESIGN,25,2011-04-17 12:57:00,0.42,13692.0,United Kingdom
557153,23245,SET OF 3 REGENCY CAKE TINS,4,2011-06-17 11:07:00,4.95,13735.0,United Kingdom
576045,21484,CHICK GREY HOT WATER BOTTLE,1,2011-11-13 14:42:00,4.25,15022.0,United Kingdom
562717,22467,GUMBALL COAT RACK,1,2011-08-08 15:42:00,4.96,,United Kingdom
559676,21874,GIN AND TONIC MUG,12,2011-07-11 14:40:00,1.25,17340.0,United Kingdom
559338,23292,SPACEBOY CHILDRENS CUP,1,2011-07-07 16:30:00,2.46,,United Kingdom
538071,22576,SWALLOW WOODEN CHRISTMAS DECORATION,5,2010-12-09 14:09:00,1.66,,United Kingdom
566291,22616,PACK OF 12 LONDON TISSUES ,2,2011-09-11 15:31:00,0.39,12965.0,United Kingdom
564995,21818,GLITTER HEART DECORATION,6,2011-08-31 16:09:00,0.85,16780.0,United Kingdom
511308,21445,12 PINK ROSE PEG PLACE SETTINGS,1,2010-06-07 16:05:00,1.25,14498.0,United Kingdom
534432,21873,IF YOU CAN'T STAND THE HEAT MUG,1,2010-11-22 15:01:00,1.25,18283.0,United Kingdom
523203,22867,HAND WARMER BIRD DESIGN,12,2010-09-21 09:51:00,2.1,14152.0,United Kingdom
C571029,22144,CHRISTMAS CRAFT LITTLE FRIENDS,-12,2011-10-13 12:23:00,2.1,13035.0,United Kingdom
497222,79030D,"TUMBLER, BAROQUE",4,2010-02-07 15:16:00,1.65,16082.0,United Kingdom
532670,20668,DISCO BALL CHRISTMAS DECORATION,24,2010-11-14 11:46:00,0.12,16687.0,United Kingdom
580278,22653,BUTTON BOX ,2,2011-12-02 13:11:00,1.95,13560.0,United Kingdom
568145,23326,HANGING MINI COLOURED BOTTLES,96,2011-09-25 11:30:00,0.63,12388.0,Australia
547663,47590A,BLUE HAPPY BIRTHDAY BUNTING,2,2011-03-24 13:16:00,5.45,16022.0,United Kingdom
560052,21208,PASTEL COLOUR HONEYCOMB FAN,24,2011-07-14 15:30:00,0.39,15187.0,United Kingdom
522200,22139,RETRO SPOT TEA SET CERAMIC 11 PC ,3,2010-09-13 11:58:00,4.95,,Lebanon
568671,23512,EMBROIDERED RIBBON REEL ROSIE,6,2011-09-28 13:13:00,2.08,13139.0,United Kingdom
496530,37112,YELLOW BIRDS FELT DES FOODCOVER,1,2010-02-02 12:47:00,3.75,13538.0,United Kingdom
544166,22690,DOORMAT HOME SWEET HOME BLUE ,10,2011-02-16 13:14:00,6.75,14051.0,United Kingdom
536539,84030E,ENGLISH ROSE HOT WATER BOTTLE,4,2010-12-01 14:03:00,4.25,15165.0,United Kingdom
554812,22630,DOLLY GIRL LUNCH BOX,4,2011-05-26 13:21:00,1.95,15005.0,United Kingdom
575602,21930,JUMBO STORAGE BAG SKULLS,2,2011-11-10 12:27:00,2.08,17059.0,United Kingdom
503823,22088,PAPER BUNTING COLOURED LACE,2,2010-04-07 14:59:00,5.91,,United Kingdom
547030,22262,FELT EGG COSY CHICKEN,12,2011-03-20 10:17:00,0.85,12948.0,United Kingdom
498642,22329,ROUND CONTAINER SET OF 5 RETROSPOT,12,2010-02-22 11:13:00,1.65,16057.0,United Kingdom
552282,20971,PINK BLUE FELT CRAFT TRINKET BOX,4,2011-05-08 12:44:00,1.25,14040.0,United Kingdom
546389,22457,NATURAL SLATE HEART CHALKBOARD ,6,2011-03-11 13:56:00,2.95,16801.0,United Kingdom
490127,37500,TEA TIME TEAPOT IN GIFT BOX,2,2009-12-03 18:13:00,9.95,14156.0,EIRE
521132,84596E,SMALL LICORICE DES PINK BOWL,1,2010-09-02 12:53:00,1.25,14796.0,United Kingdom
514723,21927,BLUE/CREAM STRIPE CUSHION COVER ,2,2010-07-05 17:28:00,1.25,14818.0,United Kingdom
550211,21931,JUMBO STORAGE BAG SUKI,1,2011-04-15 10:41:00,4.13,,United Kingdom
508482,84596K,JELLY BABIES YELLOW SMALL BOWL,8,2010-05-16 12:44:00,1.25,13564.0,United Kingdom
564062,22553,PLASTERS IN TIN SKULLS,24,2011-08-22 14:41:00,1.65,17706.0,United Kingdom
565232,22422,TOOTHPASTE TUBE PEN,1,2011-09-02 09:30:00,1.25,,United Kingdom
563688,21983,PACK OF 12 BLUE PAISLEY TISSUES ,24,2011-08-18 12:41:00,0.29,16767.0,United Kingdom
581433,22395,PAPERWEIGHT VINTAGE PAISLEY,12,2011-12-08 15:54:00,0.39,14911.0,EIRE
498694,85170A,SET/6 IVORY BIRD T-LIGHT CANDLES,6,2010-02-22 11:42:00,2.1,13787.0,United Kingdom
534808,22555,PLASTERS IN TIN STRONGMAN,1,2010-11-24 12:36:00,1.65,14552.0,United Kingdom
559813,84380,SET OF 3 BUTTERFLY COOKIE CUTTERS,12,2011-07-12 15:42:00,1.25,18272.0,United Kingdom
C573765,23494,VINTAGE DOILY DELUXE SEWING KIT ,-2,2011-11-01 09:57:00,5.95,18226.0,United Kingdom
569024,21485,RETROSPOT HEART HOT WATER BOTTLE,3,2011-09-30 10:04:00,4.95,12822.0,United Kingdom
568592,23201,JUMBO BAG ALPHABET,10,2011-09-28 10:42:00,2.08,17469.0,United Kingdom
577403,21328,BALLOONS  WRITING SET ,12,2011-11-20 10:15:00,1.65,13988.0,United Kingdom
528944,85032D,YULETIDE IMAGES GIFT WRAP SET,12,2010-10-25 15:36:00,2.1,15142.0,United Kingdom
566200,22094,RED RETROSPOT TISSUE BOX,2,2011-09-09 14:14:00,0.39,16910.0,United Kingdom
581415,22961,JAM MAKING SET PRINTED,12,2011-12-08 14:53:00,1.45,13269.0,United Kingdom
564837,22962,JAM JAR WITH PINK LID,2,2011-08-30 12:40:00,1.63,,United Kingdom
524327,22063,CERAMIC BOWL WITH STRAWBERRY DESIGN,1,2010-09-28 15:07:00,5.91,,United Kingdom
569037,22042,CHRISTMAS CARD SINGING ANGEL,24,2011-09-30 10:45:00,0.42,13263.0,United Kingdom
498877,85014C,BLUE/BROWN DOTS RUFFLED UMBRELLA,2,2010-02-23 12:31:00,5.95,13052.0,United Kingdom
573576,21026,SPACE OWL,1,2011-10-31 14:09:00,2.46,14096.0,United Kingdom
539642,22721,SET OF 3 CAKE TINS SKETCHBOOK,2,2010-12-20 15:35:00,4.95,15867.0,United Kingdom
572030,84988,SET OF 72 PINK HEART PAPER DOILIES,12,2011-10-20 11:51:00,1.45,14923.0,United Kingdom
541422,21974,SET OF 36 PAISLEY FLOWER DOILIES,1,2011-01-17 17:48:00,2.92,,United Kingdom
512746,22562,MONSTERS STENCIL CRAFT,1,2010-06-17 14:53:00,1.25,17799.0,United Kingdom
569653,22556,PLASTERS IN TIN CIRCUS PARADE ,24,2011-10-05 12:52:00,1.65,12451.0,Switzerland
532470,21559,STRAWBERRY LUNCH BOX WITH CUTLERY,60,2010-11-12 11:41:00,2.1,12647.0,Germany
568712,21232,STRAWBERRY CERAMIC TRINKET BOX,2,2011-09-28 15:50:00,1.25,17841.0,United Kingdom
560692,48194,DOORMAT HEARTS,1,2011-07-20 12:01:00,7.95,14704.0,United Kingdom
490741,22132,RED LOVE HEART SHAPE CUP,3,2009-12-07 17:56:00,1.7,,United Kingdom
564136,20840,FRENCH FLORAL CUSHION COVER ,12,2011-08-23 11:16:00,0.85,14404.0,United Kingdom
513050,84997B,RED 3 PIECE MINI DOTS CUTLERY SET,2,2010-06-21 13:18:00,3.75,14493.0,United Kingdom
514668,21682,LARGE MEDINA STAMPED METAL BOWL ,1,2010-07-05 13:14:00,4.95,17867.0,United Kingdom
519509,22329,ROUND CONTAINER SET OF 5 RETROSPOT,12,2010-08-17 15:49:00,1.65,16258.0,United Kingdom
526225,22766,PHOTO FRAME CORNICE,4,2010-10-10 15:06:00,2.95,14571.0,United Kingdom
514553,82581,TOILET METAL SIGN,2,2010-07-05 11:15:00,0.55,14710.0,United Kingdom
517977,22587,FELTCRAFT HAIRBAND RED AND BLUE,2,2010-08-03 14:23:00,0.85,16938.0,United Kingdom
560251,21724,PANDA AND BUNNIES STICKER SHEET,1,2011-07-17 12:32:00,0.85,17774.0,United Kingdom
560996,23147,SINGLE ANTIQUE ROSE HOOK IVORY,6,2011-07-22 13:53:00,1.45,17625.0,United Kingdom
542862,20617,FIRST CLASS PASSPORT COVER ,1,2011-02-01 11:51:00,2.1,14606.0,United Kingdom
571305,21216,"SET 3 RETROSPOT TEA,COFFEE,SUGAR",5,2011-10-17 09:55:00,10.79,,United Kingdom
580727,23221,REINDEER HEART DECORATION SILVER,17,2011-12-05 17:17:00,1.63,14096.0,United Kingdom
503397,21654,RIDGED GLASS FINGER BOWL,12,2010-03-31 15:38:00,1.45,14895.0,United Kingdom
537208,22867,HAND WARMER BIRD DESIGN,2,2010-12-05 15:12:00,2.1,15889.0,United Kingdom
512113,22432,WATERING CAN PINK BUNNY,6,2010-06-13 14:47:00,1.95,16709.0,United Kingdom
524421,21231,SWEETHEART CERAMIC TRINKET BOX,12,2010-09-29 10:26:00,1.25,13804.0,United Kingdom
546007,90013C,GREEN VINTAGE EARRINGS ,1,2011-03-08 15:34:00,4.15,,United Kingdom
506684,20728,LUNCH BAG CARS BLUE,20,2010-05-02 11:32:00,1.65,13093.0,United Kingdom
568567,21791,VINTAGE HEADS AND TAILS CARD GAME ,2,2011-09-27 18:41:00,2.46,,United Kingdom
569005,22139,RETROSPOT TEA SET CERAMIC 11 PC ,3,2011-09-29 18:30:00,4.95,16268.0,United Kingdom
534661,17091J,VANILLA INCENSE IN TIN,12,2010-11-23 13:47:00,1.25,17309.0,United Kingdom
570669,23526,WALL ART DOG LICENCE ,4,2011-10-11 14:37:00,5.95,15955.0,United Kingdom
537434,21000,ROSE DU SUD COSMETICS BAG,1,2010-12-06 16:57:00,3.36,,United Kingdom
516119,22529,MAGIC DRAWING SLATE GO TO THE FAIR ,48,2010-07-16 14:41:00,0.42,14156.0,EIRE
564342,23154,SET OF 4 JAM JAR MAGNETS,3,2011-08-24 14:53:00,2.08,16340.0,United Kingdom
571846,16161U,WRAP SUKI AND FRIENDS,25,2011-10-19 12:35:00,0.42,17841.0,United Kingdom
499664,82580,BATHROOM METAL SIGN,12,2010-03-01 15:36:00,0.55,14257.0,United Kingdom
513942,21648,ASSORTED TUTTI FRUTTI SMALL PURSE,4,2010-06-29 13:12:00,2.51,,United Kingdom
546639,22808,SET OF 6 T-LIGHTS EASTER CHICKS,6,2011-03-15 12:54:00,2.95,13971.0,United Kingdom
503061,22538,MINI JIGSAW GO TO THE FAIR,7,2010-03-29 16:47:00,1.0,,United Kingdom
496631,21317,GLASS SPHERE CANDLE STAND MEDIUM,2,2010-02-03 10:39:00,5.45,14146.0,United Kingdom
559317,48116,DOORMAT MULTICOLOUR STRIPE,1,2011-07-07 14:03:00,7.95,17611.0,United Kingdom
535655,85049A,TRADITIONAL CHRISTMAS RIBBONS,1,2010-11-28 11:14:00,1.25,15059.0,United Kingdom
522431,22645,CERAMIC HEART FAIRY CAKE MONEY BANK,12,2010-09-14 13:32:00,1.45,17534.0,United Kingdom
556461,85099B,JUMBO BAG RED RETROSPOT,100,2011-06-12 10:15:00,1.79,13798.0,United Kingdom
580092,23559,WOODLAND BUNNIES LOLLY MAKERS,6,2011-12-01 14:38:00,2.08,13969.0,United Kingdom
571311,22619,SET OF 6 SOLDIER SKITTLES,36,2011-10-17 10:33:00,3.75,17402.0,United Kingdom
513558,84306,S/3 PINK SQUARE PLANTERS ROSES,1,2010-06-25 13:27:00,10.95,17138.0,United Kingdom
527087,22814,CARD PARTY GAMES ,12,2010-10-14 15:49:00,0.42,14291.0,United Kingdom
578344,22197,POPCORN HOLDER,19,2011-11-24 09:21:00,1.63,,United Kingdom
511487,21232,STRAWBERRY CERAMIC TRINKET BOX,24,2010-06-08 14:22:00,1.25,18247.0,United Kingdom
533065,20977,36 PENCILS TUBE WOODLAND,1,2010-11-15 17:04:00,2.51,,United Kingdom
535951,22671,FRENCH LAUNDRY SIGN BLUE METAL,1,2010-11-29 12:06:00,3.36,,United Kingdom
508395,85123A,WHITE HANGING HEART T-LIGHT HOLDER,18,2010-05-14 14:53:00,2.95,13807.0,United Kingdom
556127,22417,PACK OF 60 SPACEBOY CAKE CASES,24,2011-06-09 10:23:00,0.55,12406.0,Denmark
536742,20978,36 PENCILS TUBE SKULLS,3,2010-12-02 13:14:00,1.25,16916.0,United Kingdom
533581,22222,CAKE PLATE LOVEBIRD WHITE,1,2010-11-18 11:29:00,4.95,16445.0,United Kingdom
528349,84678,CLASSICAL ROSE SMALL VASE,6,2010-10-21 14:21:00,2.55,13936.0,United Kingdom
489787,84684,BEACH HUT PHOTO FRAME,1,2009-12-02 11:53:00,2.55,15542.0,United Kingdom
565541,21523,DOORMAT FANCY FONT HOME SWEET HOME,1,2011-09-05 12:00:00,8.25,14159.0,United Kingdom
528141,22781,GUMBALL MAGAZINE RACK,6,2010-10-20 15:36:00,7.65,16019.0,United Kingdom
556413,22382,LUNCH BAG SPACEBOY DESIGN ,1,2011-06-10 12:01:00,1.65,16005.0,United Kingdom
508750,20685,DOOR MAT RED SPOT,2,2010-05-18 11:48:00,7.49,13018.0,United Kingdom
574967,84997b,CHILDRENS CUTLERY RETROSPOT RED ,3,2011-11-08 10:51:00,8.29,,United Kingdom
580689,22635,CHILDS BREAKFAST SET DOLLY GIRL ,2,2011-12-05 15:43:00,9.95,12994.0,United Kingdom
529934,85123A,WHITE HANGING HEART T-LIGHT HOLDER,8,2010-10-31 14:25:00,2.95,14415.0,United Kingdom
515347,21731,RED TOADSTOOL LED NIGHT LIGHT,12,2010-07-12 10:26:00,1.65,12472.0,Germany
565617,23309,SET OF 60 I LOVE LONDON CAKE CASES ,5,2011-09-05 15:30:00,1.25,,United Kingdom
C559939,22132,RED LOVE HEART SHAPE CUP,-12,2011-07-14 10:19:00,0.85,14426.0,United Kingdom
516616,20723,STRAWBERRY CHARLOTTE BAG,30,2010-07-21 15:07:00,0.85,13266.0,United Kingdom
549733,84192,ASSORTED COLOUR METAL CAT ,3,2011-04-11 16:56:00,1.25,17827.0,United Kingdom
571278,85071B,RED CHARLIE+LOLA PERSONAL DOORSIGN,24,2011-10-16 12:46:00,0.39,14780.0,United Kingdom
574529,23360,SET 8 CANDLES VINTAGE DOILY,12,2011-11-04 14:06:00,1.95,17233.0,United Kingdom
508614,47591B,SCOTTIES DES CHILD'S APRON,1,2010-05-17 13:18:00,1.65,13432.0,United Kingdom
544461,22676,FRENCH BLUE METAL DOOR SIGN 1,20,2011-02-20 14:08:00,1.25,13744.0,United Kingdom
544077,22248,DECORATION  PINK CHICK MAGIC GARDEN,8,2011-02-15 15:04:00,0.85,14825.0,United Kingdom
512564,22423,REGENCY CAKESTAND 3 TIER,1,2010-06-16 14:34:00,12.75,14375.0,United Kingdom
529727,22623,BOX OF VINTAGE JIGSAW BLOCKS ,1,2010-10-29 14:12:00,11.02,,United Kingdom
494643,84396,6 HOOK JEWELLERY STAND BLACK DRESS,96,2010-01-17 11:55:00,1.95,13694.0,United Kingdom
492729,22112,CHOCOLATE HOT WATER BOTTLE,8,2009-12-18 11:32:00,4.95,15911.0,United Kingdom
571682,82583,HOT BATHS METAL SIGN,2,2011-10-18 14:00:00,2.1,14179.0,United Kingdom
540364,21272,SALLE DE BAIN HOOK,3,2011-01-06 16:03:00,1.25,14505.0,United Kingdom
531771,22904,CALENDAR PAPER CUT DESIGN,6,2010-11-09 14:24:00,2.95,17738.0,United Kingdom
528586,22294,HEART FILIGREE DOVE  SMALL,6,2010-10-22 13:59:00,1.25,17191.0,United Kingdom
534389,21733,RED HANGING HEART T-LIGHT HOLDER,1,2010-11-22 13:02:00,5.91,,United Kingdom
501150,22584,PACK OF 6 PANNETONE GIFT BOXES,1,2010-03-14 13:46:00,2.55,13211.0,United Kingdom
515479,20725,LUNCH BAG RED SPOTTY,1,2010-07-13 09:58:00,4.21,,United Kingdom
511023,21980,PACK OF 12 RED SPOTTY TISSUES ,1,2010-06-04 17:01:00,0.29,17235.0,United Kingdom
490811,21732,RED HANGING METAL STAR TLIGHT HLDR,8,2009-12-08 12:30:00,3.75,18145.0,United Kingdom
509476,21523,DOOR MAT FANCY FONT HOME SWEET HOME,2,2010-05-24 11:21:00,6.35,17448.0,United Kingdom
554030,21891,TRADITIONAL WOODEN SKIPPING ROPE,12,2011-05-20 13:56:00,1.45,16497.0,United Kingdom
550144,21936,RED RETROSPOT PICNIC BAG,2,2011-04-14 14:14:00,2.95,16520.0,United Kingdom
519879,20973,12 PENCIL SMALL TUBE WOODLAND,3,2010-08-22 10:57:00,0.65,14078.0,United Kingdom
504904,21166,COOK WITH WINE METAL SIGN ,1,2010-04-18 15:53:00,1.95,18069.0,United Kingdom
523291,20711,JUMBO BAG TOYS ,10,2010-09-21 12:22:00,1.95,14534.0,United Kingdom
575787,22636,CHILDS BREAKFAST SET CIRCUS PARADE,2,2011-11-11 11:18:00,8.5,12518.0,Germany
496737,22111,SCOTTIE DOG HOT WATER BOTTLE,6,2010-02-03 14:26:00,4.95,17690.0,United Kingdom
505185,20725,LUNCH BAG RED SPOTTY,6,2010-04-20 14:33:00,1.65,14648.0,United Kingdom
569010,22492,MINI PAINT SET VINTAGE ,216,2011-09-30 07:36:00,0.65,14156.0,EIRE
516378,21115,ROSE CARAVAN DOORSTOP,2,2010-07-20 11:06:00,6.75,14855.0,United Kingdom
558540,21636,MADRAS NOTEBOOK MEDIUM,12,2011-06-30 12:15:00,0.75,17706.0,United Kingdom
568657,35964,FOLKART CLIP ON STARS,2,2011-09-28 12:22:00,0.39,16460.0,United Kingdom
511072,48116,DOOR MAT MULTICOLOUR STRIPE,2,2010-06-06 13:36:00,7.49,14709.0,United Kingdom
510412,22327,ROUND SNACK BOXES SET OF 4 SKULLS,5,2010-05-30 10:40:00,2.95,17920.0,United Kingdom
529325,22492,MINI PAINT SET VINTAGE ,2,2010-10-27 14:10:00,1.66,,United Kingdom
519728,22557,PLASTERS IN TIN VINTAGE PAISLEY ,4,2010-08-19 18:13:00,1.65,16743.0,United Kingdom
571442,23240,SET OF 4 KNICK KNACK TINS DOILY ,3,2011-10-17 13:39:00,4.15,17049.0,United Kingdom
C502459,BANK CHARGES,Bank Charges,-1,2010-03-24 14:25:00,39.24,,United Kingdom
568591,20725,LUNCH BAG RED RETROSPOT,10,2011-09-28 10:39:00,1.65,17088.0,United Kingdom
548780,22854,CREAM SWEETHEART EGG HOLDER,4,2011-04-04 12:37:00,4.95,13294.0,United Kingdom
542610,21703,BAG 125g SWIRLY MARBLES,10,2011-01-30 14:05:00,0.42,13148.0,United Kingdom
549240,22411,JUMBO SHOPPER VINTAGE RED PAISLEY,1,2011-04-07 11:37:00,2.08,15910.0,United Kingdom
489998,48185,DOOR MAT FAIRY CAKE,2,2009-12-03 11:19:00,0.0,15658.0,United Kingdom
528504,22821,GIFT BAG PSYCHEDELIC APPLES,12,2010-10-22 12:22:00,0.65,16428.0,United Kingdom
575705,23543,WALL ART KEEP CALM ,4,2011-11-10 17:06:00,8.25,15159.0,United Kingdom
545217,21976,PACK OF 60 MUSHROOM CAKE CASES,1,2011-02-28 16:59:00,1.25,,United Kingdom
489857,47503A,ASS FLORAL PRINT MULTI SCREWDRIVER,2,2009-12-02 14:43:00,2.57,,United Kingdom
C564900,20970,PINK FLORAL FELTCRAFT SHOULDER BAG,-2,2011-08-31 11:34:00,3.75,12948.0,United Kingdom
522987,21975,PACK OF 60 DINOSAUR CAKE CASES,3,2010-09-19 14:51:00,0.55,17625.0,United Kingdom
494014,35004B,SET OF 3 BLACK FLYING DUCKS,1,2010-01-11 09:33:00,6.04,,United Kingdom
566234,20828,GLITTER BUTTERFLY CLIPS,10,2011-09-11 11:08:00,2.55,15035.0,United Kingdom
525694,21876,POTTERING MUG,12,2010-10-06 12:30:00,1.25,17429.0,United Kingdom
525075,82482,WOODEN PICTURE FRAME WHITE FINISH,1,2010-10-03 15:24:00,2.55,16782.0,United Kingdom
513190,22612,TEA COSY VINTAGE UNION JACK,2,2010-06-22 14:21:00,3.75,16894.0,United Kingdom
532798,15056BL,EDWARDIAN PARASOL BLACK,2,2010-11-14 14:47:00,5.95,17544.0,United Kingdom
530809,20713,JUMBO BAG OWLS,1,2010-11-04 13:02:00,1.95,13772.0,United Kingdom
501853,22382,LUNCH BAG SPACEBOY DESIGN ,2,2010-03-21 11:07:00,1.65,16782.0,United Kingdom
538078,22966,GINGERBREAD MAN COOKIE CUTTER,12,2010-12-09 14:25:00,1.25,16255.0,United Kingdom
522984,22130,PARTY CONE CHRISTMAS DECORATION ,18,2010-09-19 14:11:00,0.85,17027.0,United Kingdom
524174,16162L,THE KING GIFT BAG,3744,2010-09-27 16:30:00,0.05,13687.0,United Kingdom
543022,22423,REGENCY CAKESTAND 3 TIER,3,2011-02-02 14:37:00,12.75,16771.0,United Kingdom
526894,22554,PLASTERS IN TIN WOODLAND ANIMALS,12,2010-10-13 14:52:00,1.65,12471.0,Germany
553902,21084,SET/6 COLLAGE PAPER CUPS,24,2011-05-19 18:02:00,0.19,15809.0,United Kingdom
571545,23452,HEART MINI PORTRAIT FRAME,1,2011-10-17 16:59:00,1.95,,United Kingdom
578993,23569,TRADTIONAL ALPHABET STAMP SET,2,2011-11-27 15:38:00,4.95,15987.0,United Kingdom
509408,22477,WATERING CAN GARDEN MARKER,10,2010-05-23 11:46:00,1.25,16290.0,United Kingdom
554959,85099B,JUMBO BAG RED RETROSPOT,2,2011-05-27 15:18:00,4.13,,United Kingdom
579399,22951,60 CAKE CASES DOLLY GIRL DESIGN,2,2011-11-29 12:09:00,0.55,13137.0,United Kingdom
577483,85071D,CHARLIE+LOLA MY ROOM DOOR SIGN,1,2011-11-20 11:50:00,0.39,14502.0,United Kingdom
549567,21929,JUMBO BAG PINK VINTAGE PAISLEY,2,2011-04-10 15:07:00,2.08,13632.0,United Kingdom
543587,22173,METAL 4 HOOK HANGER FRENCH CHATEAU,8,2011-02-10 11:39:00,2.95,12561.0,Germany
562102,22667,RECIPE BOX RETROSPOT ,6,2011-08-02 14:21:00,2.95,13089.0,United Kingdom
505202,22185,SLATE TILE NATURAL HANGING,1,2010-04-20 16:21:00,3.36,,United Kingdom
578074,23263,SET OF 3 WOODEN HEART DECORATIONS,2,2011-11-22 16:06:00,1.25,17590.0,United Kingdom
533730,21888,BINGO SET,2,2010-11-18 13:30:00,3.75,17884.0,United Kingdom
494482,22087,PAPER BUNTING WHITE LACE,6,2010-01-14 16:24:00,2.95,13983.0,United Kingdom
529313,22131,FOOD CONTAINER SET 3 LOVE HEART ,1,2010-10-27 13:18:00,1.95,15373.0,United Kingdom
579533,21620,SET OF 4 ROSE BOTANICAL CANDLES,12,2011-11-30 09:24:00,1.25,12953.0,United Kingdom
567656,22467,GUMBALL COAT RACK,1,2011-09-21 14:40:00,4.96,14096.0,United Kingdom
571257,23367,SET 12 COLOUR PENCILS SPACEBOY ,1,2011-10-14 17:17:00,1.25,,United Kingdom
518061,84813,SET OF 4 DIAMOND NAPKIN RINGS,1,2010-08-04 12:19:00,12.75,15311.0,United Kingdom
521115,22112,CHOCOLATE HOT WATER BOTTLE,3,2010-09-02 11:30:00,4.95,14911.0,EIRE
563502,16169E,WRAP 50'S  CHRISTMAS,25,2011-08-17 08:50:00,0.42,12722.0,France
539464,22480,RED TEA TOWEL CLASSIC DESIGN,2,2010-12-19 11:35:00,1.25,17913.0,United Kingdom
510322,22082,RIBBON REEL STRIPES DESIGN ,3,2010-05-28 12:37:00,1.65,14530.0,United Kingdom
495925,35096B,RED VICTORIAN FABRIC HEART BOX,6,2010-01-27 14:38:00,0.42,17861.0,United Kingdom
514540,21171,BATHROOM METAL SIGN ,6,2010-07-05 10:42:00,1.25,17850.0,United Kingdom
553093,20723,STRAWBERRY CHARLOTTE BAG,100,2011-05-13 11:54:00,0.72,13798.0,United Kingdom
556139,21873,IF YOU CAN'T STAND THE HEAT MUG,12,2011-06-09 11:05:00,1.25,14231.0,United Kingdom
528417,22890,NOVELTY BISCUITS CAKE STAND 3 TIER,4,2010-10-22 09:36:00,9.95,14156.0,EIRE
489797,22130,PARTY CONE CHRISTMAS DECORATION ,12,2009-12-02 12:19:00,0.85,15581.0,United Kingdom
523733,22139,RETRO SPOT TEA SET CERAMIC 11 PC ,3,2010-09-23 17:34:00,4.95,16775.0,United Kingdom
526491,20749,ASSORTED COLOUR MINI CASES,2,2010-10-12 09:17:00,7.95,12655.0,France
494379,35832,WOOLLY HAT SOCK GLOVE ADVENT STRING,2,2010-01-13 17:08:00,12.72,,United Kingdom
555524,22698,PINK REGENCY TEACUP AND SAUCER,1,2011-06-05 11:37:00,2.95,16923.0,United Kingdom
523344,72741,GRAND CHOCOLATECANDLE,9,2010-09-21 15:51:00,1.45,13031.0,United Kingdom
542664,84971S,SMALL HEART FLOWERS HOOK ,1,2011-01-31 12:14:00,1.63,,United Kingdom
519669,21558,SKULL LUNCH BOX WITH CUTLERY ,6,2010-08-19 12:18:00,2.55,12976.0,United Kingdom
554347,23233,WRAP POPPIES  DESIGN,25,2011-05-24 08:21:00,0.42,16523.0,United Kingdom
547560,72732,thrown away-can't sell,-2472,2011-03-23 17:28:00,0.0,,United Kingdom
573151,21212,PACK OF 72 RETROSPOT CAKE CASES,6,2011-10-27 20:09:00,0.55,17602.0,United Kingdom
508193,21756,BATH BUILDING BLOCK WORD,2,2010-05-13 13:23:00,5.95,16906.0,United Kingdom
554054,22558,CLOTHES PEGS RETROSPOT PACK 24 ,2,2011-05-20 15:29:00,3.29,,United Kingdom
555092,22138,BAKING SET 9 PIECE RETROSPOT ,2,2011-05-31 13:08:00,4.95,16483.0,United Kingdom
527520,20978,36 PENCILS TUBE SKULLS,1,2010-10-18 13:18:00,2.51,,United Kingdom
498400,22355,"CHARLOTTE BAG , SUKI DESIGN",6,2010-02-18 15:33:00,0.85,15005.0,United Kingdom
564723,23301,GARDENERS KNEELING PAD KEEP CALM ,48,2011-08-28 12:11:00,1.45,16168.0,United Kingdom
561900,22817,CARD SUKI BIRTHDAY,12,2011-07-31 15:31:00,0.42,16655.0,United Kingdom
544040,20829,GLITTER HANGING BUTTERFLY STRING,2,2011-02-15 11:40:00,2.1,14701.0,United Kingdom
549007,84596B,SMALL DOLLY MIX DESIGN ORANGE BOWL,24,2011-04-05 14:38:00,0.42,17470.0,United Kingdom
573875,84086C,PINK/PURPLE RETRO RADIO,6,2011-11-01 12:47:00,2.95,15018.0,United Kingdom
538009,20754,RETROSPOT RED WASHING UP GLOVES,6,2010-12-09 12:17:00,2.1,14911.0,EIRE
540469,22113,GREY HEART HOT WATER BOTTLE,2,2011-01-07 14:04:00,3.75,12484.0,Spain
501080,47503G,ASS FLORAL PRINT TAPE MEASURE,1,2010-03-12 11:19:00,2.51,,United Kingdom
531728,21929,JUMBO BAG PINK VINTAGE PAISLEY,3,2010-11-09 12:07:00,1.95,16223.0,United Kingdom
533593,22379,RECYCLING BAG RETROSPOT ,5,2010-11-18 12:11:00,2.1,12951.0,United Kingdom
536988,72802A,ROSE SCENT CANDLE IN JEWELLED BOX,1,2010-12-03 15:05:00,4.25,17238.0,United Kingdom
579555,22951,60 CAKE CASES DOLLY GIRL DESIGN,1,2011-11-30 11:08:00,0.55,16241.0,United Kingdom
505876,22423,REGENCY CAKESTAND 3 TIER,1,2010-04-26 13:32:00,25.49,,United Kingdom
565919,22422,TOOTHPASTE TUBE PEN,2,2011-09-07 16:48:00,1.25,,United Kingdom
545590,22858,EASTER TIN KEEPSAKE,6,2011-03-04 10:24:00,1.65,15220.0,United Kingdom
518765,85103,SILVER T-LIGHT SETTING,3,2010-08-11 14:34:00,6.75,16519.0,United Kingdom
490745,85014A,BLACK/BLUE DOTS RUFFLED UMBRELLA,1,2009-12-07 18:02:00,13.0,,United Kingdom
575176,22134,MINI LADLE LOVE HEART RED ,1,2011-11-08 18:29:00,0.83,,United Kingdom
496710,35644,PAIR PINK/BLACK COATHANGERS,1,2010-02-03 13:52:00,1.95,18101.0,United Kingdom
550458,21718,RED METAL BEACH SPADE ,5,2011-04-18 13:13:00,2.46,,United Kingdom
511078,21891,TRADITIONAL WOODEN SKIPPING ROPE,12,2010-06-06 13:52:00,1.25,16497.0,United Kingdom
536042,22417,PACK OF 60 SPACEBOY CAKE CASES,1,2010-11-29 17:35:00,0.55,13955.0,United Kingdom
533302,22586,FELTCRAFT HAIRBAND PINK AND BLUE,12,2010-11-16 16:50:00,0.85,14913.0,United Kingdom
494239,22218,CAKE STAND LACE WHITE,2,2010-01-12 15:48:00,4.25,14081.0,United Kingdom
574298,90183C,BLACK DROP EARRINGS W LONG BEADS,1,2011-11-03 15:56:00,2.9,,United Kingdom
555470,20725,LUNCH BAG RED RETROSPOT,10,2011-06-03 11:33:00,1.65,12455.0,Spain
521369,22470,HEART OF WICKER LARGE,3,2010-09-05 11:14:00,2.95,16085.0,United Kingdom
576613,21340,CLASSIC METAL BIRDCAGE PLANT HOLDER,8,2011-11-15 16:34:00,9.95,13854.0,United Kingdom
578678,23002,TRAVEL CARD WALLET SKULLS,1,2011-11-24 19:59:00,0.42,17841.0,United Kingdom
550034,22652,TRAVEL SEWING KIT,20,2011-04-14 11:48:00,1.65,16187.0,United Kingdom
560996,22597,MUSICAL ZINC HEART DECORATION ,12,2011-07-22 13:53:00,0.85,17625.0,United Kingdom
543242,22492,MINI PAINT SET VINTAGE ,36,2011-02-04 14:03:00,0.65,15090.0,United Kingdom
519196,84692,BOX OF 24 COCKTAIL PARASOLS,35,2010-08-13 18:25:00,1.66,,United Kingdom
511858,21864,UNION JACK FLAG PASSPORT COVER ,3,2010-06-11 10:05:00,4.21,,United Kingdom
578510,21891,TRADITIONAL WOODEN SKIPPING ROPE,2,2011-11-24 13:25:00,1.45,14056.0,United Kingdom
544599,22024,RAINY LADIES BIRTHDAY CARD,1,2011-02-21 18:15:00,0.83,,United Kingdom
522858,84997C,BLUE 3 PIECE MINI DOTS CUTLERY SET,1,2010-09-17 11:33:00,7.62,,United Kingdom
511638,22421,LIPSTICK PEN FUSCHIA,1,2010-06-09 13:08:00,0.42,17346.0,United Kingdom
561650,22738,RIBBON REEL SNOWY VILLAGE,10,2011-07-28 15:31:00,1.65,15329.0,United Kingdom
523855,22597,CHRISTMAS MUSICAL ZINC HEART ,16,2010-09-24 12:18:00,0.85,15551.0,United Kingdom
571690,22593,CHRISTMAS GINGHAM STAR,12,2011-10-18 14:32:00,0.85,14191.0,United Kingdom
498104,21675,BUTTERFLIES STICKERS,6,2010-02-16 13:49:00,0.85,13503.0,United Kingdom
517625,21705,BAG 500g SWIRLY MARBLES,1,2010-07-30 11:59:00,1.65,16391.0,United Kingdom
512544,22464,HANGING METAL HEART LANTERN,6,2010-06-16 13:20:00,1.65,16327.0,United Kingdom
578243,21531,RED RETROSPOT SUGAR JAM BOWL,6,2011-11-23 12:33:00,2.55,13448.0,United Kingdom
559802,21930,JUMBO STORAGE BAG SKULLS,1,2011-07-12 13:48:00,4.96,,United Kingdom
511844,22468,BABUSHKA LIGHTS STRING OF 10,4,2010-06-10 18:35:00,6.75,16679.0,United Kingdom
522858,22947,WOODEN ADVENT CALENDAR RED,1,2010-09-17 11:33:00,34.0,,United Kingdom
548893,22183,CAKE STAND VICTORIAN FILIGREE MED,8,2011-04-04 15:54:00,5.79,,United Kingdom
557888,23091,ZINC HERB GARDEN CONTAINER,1,2011-06-23 13:51:00,6.25,14656.0,United Kingdom
538890,84991,60 TEATIME FAIRY CAKE CASES,5,2010-12-14 16:39:00,0.55,12867.0,United Kingdom
559128,23206,LUNCH BAG APPLE DESIGN,2,2011-07-06 12:39:00,1.65,17238.0,United Kingdom
530947,21166,COOK WITH WINE METAL SIGN ,24,2010-11-04 18:00:00,1.95,15856.0,United Kingdom
571055,22187,GREEN CHRISTMAS TREE CARD HOLDER,6,2011-10-13 14:08:00,1.95,14975.0,United Kingdom
557573,71459,HANGING JAM JAR T-LIGHT HOLDER,96,2011-06-21 10:56:00,0.72,15061.0,United Kingdom
544323,35915B,BLUE KNITTED HEN ,1,2011-02-17 15:51:00,0.83,,United Kingdom
537888,21976,PACK OF 60 MUSHROOM CAKE CASES,48,2010-12-09 10:04:00,0.55,15358.0,United Kingdom
580882,22086,PAPER CHAIN KIT 50'S CHRISTMAS ,24,2011-12-06 12:20:00,2.95,12971.0,United Kingdom
C491521,79340P,PURPLE ORCHID FLOWER LIGHTS,-1,2009-12-11 12:29:00,7.95,14895.0,United Kingdom
544944,21535,RED RETROSPOT SMALL MILK JUG,5,2011-02-25 10:46:00,2.55,14541.0,United Kingdom
575952,22488,NATURAL SLATE RECTANGLE CHALKBOARD,2,2011-11-13 11:55:00,1.65,16015.0,United Kingdom
559055,20768,GREEN FERN JOURNAL ,1,2011-07-05 17:09:00,2.46,,United Kingdom
550360,21682,LARGE MEDINA STAMPED METAL BOWL ,4,2011-04-18 10:55:00,4.95,14978.0,United Kingdom
533027,21591,COSY HOUR CIGAR BOX MATCHES ,389,2010-11-15 16:02:00,2.95,,United Kingdom
551462,22960,JAM MAKING SET WITH JARS,6,2011-04-28 16:11:00,4.25,15210.0,United Kingdom
544968,22470,HEART OF WICKER LARGE,24,2011-02-25 11:30:00,2.95,13458.0,United Kingdom
551996,22969,HOMEMADE JAM SCENTED CANDLES,12,2011-05-05 15:44:00,1.45,16628.0,United Kingdom
555284,79000,MOROCCAN TEA GLASS,24,2011-06-02 09:37:00,0.65,14298.0,United Kingdom
525227,21671,RED SPOT CERAMIC DRAWER KNOB,12,2010-10-04 13:35:00,1.25,17696.0,United Kingdom
552852,21716,BOYS VINTAGE TIN SEASIDE BUCKET,2,2011-05-11 15:08:00,2.55,16712.0,United Kingdom
562540,22311,OFFICE MUG WARMER BLACK+SILVER ,2,2011-08-05 15:38:00,2.95,17400.0,United Kingdom
490699,22344,PARTY PIZZA DISH PINK WHITE SPOT ,1,2009-12-07 14:34:00,0.85,,United Kingdom
514835,21974,SET OF 36 PAISLEY FLOWER DOILIES,1,2010-07-06 14:25:00,2.98,,United Kingdom
579612,22844,VINTAGE CREAM DOG FOOD CONTAINER,1,2011-11-30 12:06:00,8.5,15024.0,United Kingdom
501157,22352,LUNCHBOX WITH CUTLERY RETROSPOT ,1,2010-03-14 16:18:00,2.55,16686.0,United Kingdom
568165,22499,WOODEN UNION JACK BUNTING,4,2011-09-25 12:42:00,5.95,17131.0,United Kingdom
503549,20713,JUMBO BAG OWLS,1,2010-04-01 15:04:00,4.21,,United Kingdom
527724,82494L,WOODEN FRAME ANTIQUE WHITE ,6,2010-10-18 15:37:00,2.95,17023.0,United Kingdom
559337,20719,WOODLAND CHARLOTTE BAG,2,2011-07-07 16:27:00,1.63,,United Kingdom
515008,22296,HEART IVORY TRELLIS LARGE,12,2010-07-07 15:58:00,1.65,15056.0,United Kingdom
556288,21507,"ELEPHANT, BIRTHDAY CARD, ",12,2011-06-10 09:23:00,0.42,13426.0,United Kingdom
511300,22444,GROW YOUR OWN PLANT IN A CAN ,4,2010-06-07 15:31:00,1.25,16788.0,United Kingdom
515036,20973,12 PENCIL SMALL TUBE WOODLAND,192,2010-07-08 10:44:00,0.65,17368.0,United Kingdom
531570,22581,WOOD STOCKING CHRISTMAS SCANDISPOT,20,2010-11-09 10:35:00,0.85,12841.0,United Kingdom
549901,37448,CERAMIC CAKE DESIGN SPOTTED MUG,6,2011-04-12 16:17:00,1.49,17180.0,United Kingdom
533137,84029E,RED WOOLLY HOTTIE WHITE HEART.,1,2010-11-16 12:58:00,3.75,17203.0,United Kingdom
494912,48138,DOOR MAT UNION FLAG,10,2010-01-19 17:03:00,5.95,16705.0,United Kingdom
550277,22605,WOODEN CROQUET GARDEN SET,1,2011-04-15 12:48:00,14.95,12639.0,Sweden
560926,84559A,3D SHEET OF DOG STICKERS,1,2011-07-22 09:20:00,0.79,,United Kingdom
581439,22514,CHILDS GARDEN SPADE BLUE,1,2011-12-08 16:30:00,4.13,,United Kingdom
552108,72800D,4 BLUE DINNER CANDLES SILVER FLOCK,3,2011-05-06 11:36:00,2.55,17841.0,United Kingdom
578852,22554,PLASTERS IN TIN WOODLAND ANIMALS,1,2011-11-27 11:12:00,1.65,17841.0,United Kingdom
580727,23310,BUBBLEGUM RING ASSORTED,3,2011-12-05 17:17:00,0.83,14096.0,United Kingdom
578098,20992,JAZZ HEARTS PURSE NOTEBOOK,1,2011-11-22 17:32:00,0.39,12936.0,United Kingdom
519338,22759,SET OF 3 NOTEBOOKS IN PARCEL,12,2010-08-16 11:27:00,1.65,15755.0,United Kingdom
541809,22328,ROUND SNACK BOXES SET OF 4 FRUITS ,1,2011-01-21 14:58:00,4.13,,United Kingdom
517983,85065,CREAM SWEETHEART TRAYS,1,2010-08-03 14:55:00,12.75,14253.0,United Kingdom
537202,22272,FELTCRAFT DOLL MARIA,1,2010-12-05 14:25:00,2.95,14506.0,United Kingdom
546753,22332,SKULLS PARTY BAG + STICKER SET,2,2011-03-16 13:00:00,1.65,16383.0,United Kingdom
500472,22477,WATERING CAN GARDEN MARKER,2,2010-03-08 12:44:00,2.51,,United Kingdom
510410,82484,WOOD BLACK BOARD ANT WHITE FINISH,1,2010-05-28 17:25:00,13.57,,United Kingdom
574587,20685,DOORMAT RED RETROSPOT,4,2011-11-06 10:29:00,8.25,14936.0,Channel Islands
533132,35833P,4 PINK FLOCK CHRISTMAS BALLS,12,2010-11-16 12:49:00,1.25,15235.0,United Kingdom
494468,72484,ROSES IN WHITE HEART CANDLE ,12,2010-01-14 14:32:00,1.25,13050.0,United Kingdom
502617,21203,BUTTERFLIES  HONEYCOMB GARLAND,12,2010-03-25 14:39:00,1.65,15027.0,United Kingdom
511313,21728,METAL MEDINA LANTERN ,1,2010-06-07 16:28:00,12.75,13064.0,United Kingdom
569336,23184,BULL DOG BOTTLE OPENER,4,2011-10-03 14:05:00,4.95,15088.0,United Kingdom
569216,35598D,PINK/WHITE CHRISTMAS TREE 60CM,4,2011-10-02 12:41:00,0.65,15555.0,United Kingdom
557570,21080,SET/20 RED RETROSPOT PAPER NAPKINS ,6,2011-06-21 10:48:00,0.85,15998.0,United Kingdom
493067,20969,RED FLORAL FELTCRAFT SHOULDER BAG,1,2009-12-21 17:20:00,3.75,,United Kingdom
566281,23267,SET OF 4 SANTA PLACE SETTINGS,12,2011-09-11 14:15:00,1.25,12748.0,United Kingdom
570830,23356,LOVE HOT WATER BOTTLE,3,2011-10-12 13:20:00,5.95,14852.0,United Kingdom
533525,85014B,RED RETROSPOT UMBRELLA,6,2010-11-17 15:03:00,5.95,18195.0,United Kingdom
505684,20725,LUNCH BAG RED SPOTTY,1,2010-04-23 16:16:00,4.21,,United Kingdom
494378,22256,FELT FARM ANIMAL CHICKEN,2,2010-01-13 17:03:00,2.51,,United Kingdom
516609,20969,RED FLORAL FELTCRAFT SHOULDER BAG,2,2010-07-21 14:39:00,3.75,17338.0,United Kingdom
506344,85230E,STRAWBRY SCENTED VOTIVE CANDLE,24,2010-04-29 11:48:00,0.29,17730.0,United Kingdom
531027,90024A,NEW BAROQUE B'FLY NECKLACE BLACK,1,2010-11-05 11:49:00,8.5,13118.0,United Kingdom
511433,22423,REGENCY CAKESTAND 3 TIER,2,2010-06-08 11:49:00,12.75,17706.0,United Kingdom
552376,23283,DOORMAT VINTAGE LEAVES DESIGN ,2,2011-05-09 12:30:00,7.95,16326.0,United Kingdom
563854,22437,SET OF 9 BLACK SKULL BALLOONS,20,2011-08-19 15:24:00,0.85,12364.0,Belgium
573585,23482,PEARLISED IVORY HEART LARGE ,1,2011-10-31 14:41:00,3.29,,United Kingdom
C507118,20798,CLEAR MILKSHAKE GLASS,-9,2010-05-06 11:38:00,1.65,15311.0,United Kingdom
555731,22595,GINGHAM HEART DECORATION,12,2011-06-07 07:49:00,0.85,16655.0,United Kingdom
555397,84674,FLYING PIG WATERING CAN,1,2011-06-02 17:26:00,5.79,,United Kingdom
573151,23471,SIX DRAWER OFFICE TIDY,1,2011-10-27 20:09:00,9.95,17602.0,United Kingdom
580610,23370,SET 36 COLOURING PENCILS DOILY,1,2011-12-05 11:48:00,1.25,,United Kingdom
498905,20971,PINK BLUE FELT CRAFT TRINKET BOX,3,2010-02-23 14:40:00,1.25,12854.0,United Kingdom
575919,21988,PACK OF 6 SKULL PAPER PLATES,3,2011-11-11 17:00:00,0.85,15311.0,United Kingdom
523118,21247,SET OF RED SALAD SERVERS ,3,2010-09-20 12:54:00,1.49,17338.0,United Kingdom
555108,22469,HEART OF WICKER SMALL,3,2011-05-31 14:18:00,1.65,18231.0,United Kingdom
570872,90181B,AMETHYST GLASS/SHELL/PEARL NECKLACE,1,2011-10-12 16:40:00,9.15,,United Kingdom
567093,22082,RIBBON REEL STRIPES DESIGN ,10,2011-09-16 12:50:00,1.65,17144.0,United Kingdom
543193,21530,DAIRY MAID TOASTRACK,12,2011-02-04 12:18:00,2.95,13725.0,United Kingdom
490074,21163,DO NOT TOUCH MY STUFF DOOR HANGER ,1,2009-12-03 14:39:00,3.43,,United Kingdom
534671,22082,RIBBON REEL STRIPES DESIGN ,15,2010-11-23 14:17:00,1.65,17766.0,United Kingdom
517467,84279P,CHERRY BLOSSOM  DECORATIVE FLASK,4,2010-07-29 11:47:00,3.75,18075.0,United Kingdom
531843,22374,AIRLINE BAG VINTAGE JET SET RED,1,2010-11-10 09:34:00,8.47,,United Kingdom
575176,20685,DOORMAT RED RETROSPOT,1,2011-11-08 18:29:00,15.79,,United Kingdom
C551348,22990,COTTON APRON PANTRY DESIGN,-100,2011-04-28 09:49:00,4.25,12415.0,Australia
492542,20935,ROUND CACTUS CANDLE,1,2009-12-17 13:38:00,2.95,15889.0,United Kingdom
502638,21533,RETRO SPOT LARGE MILK JUG,3,2010-03-25 16:33:00,4.95,15260.0,United Kingdom
571280,22384,LUNCH BAG PINK POLKADOT,2,2011-10-16 13:08:00,1.65,18122.0,United Kingdom
578067,22247,BUNNY DECORATION MAGIC GARDEN,1,2011-11-22 15:43:00,1.63,,United Kingdom
509400,22429,ENAMEL MEASURING JUG CREAM,1,2010-05-23 11:19:00,4.25,16923.0,United Kingdom
518556,20724,RED SPOTTY CHARLOTTE BAG,10,2010-08-10 09:50:00,0.85,15805.0,United Kingdom
570209,23439,HAND WARMER RED LOVE HEART,5,2011-10-09 10:29:00,2.1,16326.0,United Kingdom
508037,22138,BAKING SET 9 PIECE RETROSPOT ,1,2010-05-12 12:09:00,4.95,16891.0,United Kingdom
536530,21038,SET/4 MODERN VINTAGE COTTON NAPKINS,1,2010-12-01 13:21:00,2.95,17905.0,United Kingdom
516748,17003,BROCADE RING PURSE ,1,2010-07-22 15:06:00,0.43,,United Kingdom
576672,23007, SPACEBOY BABY GIFT SET,6,2011-11-16 11:59:00,14.95,12731.0,France
498114,21085,SET/6 WOODLAND PAPER CUPS,4,2010-02-16 14:32:00,0.65,15311.0,United Kingdom
518679,47556B,TEA TIME TEA TOWELS ,4,2010-08-10 17:02:00,2.95,13421.0,United Kingdom
527017,84032B,CHARLIE + LOLA RED HOT WATER BOTTLE,6,2010-10-14 11:43:00,2.95,14696.0,United Kingdom
564184,23295,SET OF 12 MINI LOAF BAKING CASES,8,2011-08-23 15:11:00,0.83,,EIRE
573924,23293,SET OF 12 FAIRY CAKE BAKING CASES,16,2011-11-02 09:45:00,0.83,15065.0,United Kingdom
489678,22023,EMPIRE BIRTHDAY CARD,1,2009-12-02 09:57:00,0.42,16823.0,United Kingdom
496514,21877,HOME SWEET HOME MUG,4,2010-02-02 11:57:00,1.25,17377.0,United Kingdom
511858,21558,SKULL LUNCH BOX WITH CUTLERY ,1,2010-06-11 10:05:00,5.06,,United Kingdom
490533,85117,NIGHTINGALE COATHOOK WHITE,4,2009-12-06 16:07:00,1.65,17610.0,United Kingdom
507235,85230G,ORANGE VOTIVE CANDLE,72,2010-05-07 09:04:00,0.21,14298.0,United Kingdom
C524576,22618,COOKING SET RETROSPOT,-2,2010-09-29 16:05:00,9.95,12524.0,Germany
569214,22299,PIG KEYRING WITH LIGHT & SOUND ,48,2011-10-02 12:22:00,1.25,14533.0,United Kingdom
579393,21670,BLUE SPOT CERAMIC DRAWER KNOB,12,2011-11-29 12:07:00,1.45,12627.0,Germany
522594,22557,PLASTERS IN TIN VINTAGE PAISLEY ,1,2010-09-15 13:21:00,1.65,16005.0,United Kingdom
520211,21540,DAIRY MAID BUTTER DISH,1,2010-08-24 17:21:00,4.25,18124.0,United Kingdom
547788,21109,LARGE CAKE TOWEL CHOCOLATE SPOTS,1,2011-03-25 12:00:00,13.29,,United Kingdom
518220,35910A,MULTICOLOUR EASTER RABBIT ,3,2010-08-05 13:31:00,1.95,14049.0,United Kingdom
555009,84947,ANTIQUE SILVER TEA GLASS ENGRAVED,12,2011-05-31 10:32:00,1.25,17340.0,United Kingdom
530799,20769,DAISY JOURNAL ,36,2010-11-04 12:31:00,2.1,12497.0,Germany
541862,22111,SCOTTIE DOG HOT WATER BOTTLE,1,2011-01-23 16:02:00,4.95,14068.0,United Kingdom
565397,22796,PHOTO FRAME 3 CLASSIC HANGING,1,2011-09-02 16:43:00,9.95,14171.0,United Kingdom
567193,82583,HOT BATHS METAL SIGN,12,2011-09-19 09:27:00,2.1,18094.0,United Kingdom
516726,20723,STRAWBERRY CHARLOTTE BAG,10,2010-07-22 13:07:00,0.85,17643.0,United Kingdom
544434,22077,6 RIBBONS RUSTIC CHARM,2,2011-02-18 16:12:00,3.29,,United Kingdom
573486,21668,RED STRIPE CERAMIC DRAWER KNOB,12,2011-10-31 11:40:00,1.45,13186.0,United Kingdom
C493795,21527,RETRO SPOT TRADITIONAL TEAPOT ,-1,2010-01-07 11:00:00,7.95,12471.0,Germany
493073,21232,STRAWBERRY CERAMIC TRINKET BOX,8,2009-12-22 09:41:00,2.57,,United Kingdom
577482,23269,SET OF 2 CERAMIC CHRISTMAS TREES,6,2011-11-20 11:43:00,1.45,16762.0,United Kingdom
517623,21750,LARGE SKULL WINDMILL,12,2010-07-30 11:52:00,2.1,15629.0,United Kingdom
578678,23583,LUNCH BAG PAISLEY PARK  ,1,2011-11-24 19:59:00,1.65,17841.0,United Kingdom
541874,82482,WOODEN PICTURE FRAME WHITE FINISH,36,2011-01-24 10:01:00,2.1,15497.0,United Kingdom
557217,22624,IVORY KITCHEN SCALES,2,2011-06-17 12:30:00,8.5,17426.0,United Kingdom
491041,21661,VINTAGE GLASS TEA CADDY,1,2009-12-09 09:42:00,12.13,,United Kingdom
575738,23437, 50'S CHRISTMAS GIFT BAG LARGE,12,2011-11-11 09:02:00,1.25,16790.0,United Kingdom
580730,22356,CHARLOTTE BAG PINK POLKADOT,13,2011-12-05 17:28:00,1.63,,United Kingdom
577217,22046,TEA PARTY  WRAPPING PAPER ,25,2011-11-18 11:53:00,0.42,17324.0,United Kingdom
536874,22632,HAND WARMER RED RETROSPOT,1,2010-12-03 11:35:00,2.1,16891.0,United Kingdom
559914,22139,RETROSPOT TEA SET CERAMIC 11 PC ,1,2011-07-13 15:13:00,10.79,,United Kingdom
576593,20619,TROPICAL PASSPORT COVER ,1,2011-11-15 14:48:00,2.1,15720.0,United Kingdom
527371,21890,S/6 WOODEN SKITTLES IN COTTON BAG,2,2010-10-17 12:03:00,2.95,17769.0,United Kingdom
490074,16238,PARTY TIME PENCIL ERASERS,2,2009-12-03 14:39:00,0.43,,United Kingdom
534521,22603,CHRISTMAS RETROSPOT TREE WOOD,10,2010-11-23 12:02:00,0.85,17872.0,United Kingdom
526638,22321,BIRD DECORATION RED RETROSPOT,1,2010-10-12 13:19:00,1.66,,United Kingdom
580469,22553,PLASTERS IN TIN SKULLS,1,2011-12-04 12:32:00,1.65,14583.0,United Kingdom
555397,85131A,BEADED PEARL HEART WHITE ON STICK,19,2011-06-02 17:26:00,0.83,,United Kingdom
501652,21937,STRAWBERRY   PICNIC BAG,2,2010-03-18 12:47:00,2.95,17841.0,United Kingdom
566912,23426,METAL SIGN DROP YOUR PANTS,6,2011-09-15 14:05:00,2.89,14367.0,United Kingdom
576567,16237,SLEEPING CAT ERASERS,8,2011-11-15 13:41:00,0.21,17220.0,United Kingdom
521374,84596K,JELLY BABIES YELLOW SMALL BOWL,1,2010-09-05 11:57:00,1.25,14606.0,United Kingdom
551268,47348A,FUSCHIA VOILE POINTY SHOE DEC,4,2011-04-27 12:08:00,0.39,16965.0,United Kingdom
537216,47580,TEA TIME DES TEA COSY,6,2010-12-05 15:40:00,2.55,15502.0,United Kingdom
569374,22173,METAL 4 HOOK HANGER FRENCH CHATEAU,1,2011-10-03 16:14:00,5.79,,United Kingdom
491634,20659,ECONOMY LUGGAGE TAG,1,2009-12-11 15:40:00,1.25,17841.0,United Kingdom
543600,22649,STRAWBERRY FAIRY CAKE TEAPOT,2,2011-02-10 13:19:00,4.95,18168.0,United Kingdom
575491,20992,JAZZ HEARTS PURSE NOTEBOOK,4,2011-11-09 17:47:00,0.39,15531.0,United Kingdom
553046,21931,JUMBO STORAGE BAG SUKI,10,2011-05-13 09:37:00,2.08,13534.0,United Kingdom
497854,72785A,,-6,2010-02-12 16:47:00,0.0,,United Kingdom
522089,21912,VINTAGE SNAKES & LADDERS,1,2010-09-12 12:41:00,3.75,16387.0,United Kingdom
537237,71053,WHITE METAL LANTERN,1,2010-12-06 09:58:00,8.47,,United Kingdom
536592,20616,CHERRY BLOSSOM PASSPORT COVER,1,2010-12-01 17:06:00,4.21,,United Kingdom
525219,40001,WHITE BAMBOO RIBS LAMPSHADE,3,2010-10-04 12:48:00,0.85,14905.0,United Kingdom
506165,22471,TV DINNER TRAY AIR HOSTESS ,2,2010-04-28 09:41:00,4.95,14912.0,Italy
547360,21790,VINTAGE SNAP CARDS,12,2011-03-22 12:30:00,0.85,16135.0,United Kingdom
540469,22751,FELTCRAFT PRINCESS OLIVIA DOLL,2,2011-01-07 14:04:00,3.75,12484.0,Spain
526211,21640,ASSORTED TUTTI FRUTTI  FOB NOTEBOOK,24,2010-10-10 13:51:00,0.85,16593.0,United Kingdom
528087,22737,RIBBON REEL CHRISTMAS PRESENT ,3,2010-10-20 13:09:00,1.65,16521.0,United Kingdom
578807,23215,JINGLE BELL HEART ANTIQUE SILVER,36,2011-11-25 13:10:00,2.08,17491.0,United Kingdom
560772,85132C,CHARLIE AND LOLA FIGURES TINS,3,2011-07-20 16:12:00,5.79,,United Kingdom
503062,21231,SWEETHEART CERAMIC TRINKET BOX,2,2010-03-29 16:48:00,1.25,14606.0,United Kingdom
546974,22196,SMALL HEART MEASURING SPOONS,2,2011-03-18 12:08:00,1.63,,United Kingdom
500737,22178,VICTORIAN GLASS HANGING T-LIGHT,12,2010-03-09 16:32:00,1.25,13491.0,United Kingdom
506843,82552,WASHROOM METAL SIGN,12,2010-05-04 14:12:00,1.25,15122.0,United Kingdom
538844,22112,CHOCOLATE HOT WATER BOTTLE,24,2010-12-14 13:19:00,4.25,14680.0,United Kingdom
572317,20735,BLACK MINI TAPE MEASURE ,2,2011-10-23 16:13:00,0.85,14629.0,United Kingdom
538509,20716,PARTY FOOD SHOPPER BAG,1,2010-12-12 13:37:00,1.25,14413.0,United Kingdom
490403,84029G,KNITTED UNION FLAG HOT WATER BOTTLE,3,2009-12-06 11:13:00,3.75,17920.0,United Kingdom
C576561,21929,JUMBO BAG PINK VINTAGE PAISLEY,-1,2011-11-15 13:22:00,1.79,15311.0,United Kingdom
561820,82494L,WOODEN FRAME ANTIQUE WHITE ,8,2011-07-29 16:00:00,2.95,,United Kingdom
571289,23025,DRAWER KNOB VINTAGE GLASS BALL,2,2011-10-16 15:27:00,2.08,15113.0,United Kingdom
489597,21493, VINTAGE DESIGN GIFT TAGS,4,2009-12-01 14:28:00,1.7,,United Kingdom
540473,82580,BATHROOM METAL SIGN,2,2011-01-07 14:31:00,0.55,17284.0,United Kingdom
551811,21181,PLEASE ONE PERSON METAL SIGN,1,2011-05-04 11:37:00,2.1,15039.0,United Kingdom
580983,22090,PAPER BUNTING RETROSPOT,1,2011-12-06 16:26:00,5.79,,United Kingdom
544168,21165,BEWARE OF THE CAT METAL SIGN ,48,2011-02-16 13:16:00,1.45,13798.0,United Kingdom
537045,22296,HEART IVORY TRELLIS LARGE,1,2010-12-05 10:54:00,1.65,15038.0,United Kingdom
573576,23170,REGENCY TEA PLATE ROSES ,1,2011-10-31 14:09:00,3.29,14096.0,United Kingdom
505684,22064,PINK DOUGHNUT TRINKET POT ,1,2010-04-23 16:16:00,3.36,,United Kingdom
534754,22358,KINGS CHOICE TEA CADDY ,2,2010-11-24 10:02:00,5.91,,United Kingdom
537237,21678,PAISLEY PATTERN  STICKERS,1,2010-12-06 09:58:00,1.66,,United Kingdom
506386,21508,VINTAGE KID DOLLY CARD ,12,2010-04-29 12:43:00,0.42,15203.0,United Kingdom
519263,22130,PARTY CONE CHRISTMAS DECORATION ,48,2010-08-16 08:57:00,0.85,12530.0,Germany
495304,84933B,LARGE PINK PEONY FOLDING STOOL,1,2010-01-22 13:52:00,2.1,14156.0,EIRE
570410,21975,PACK OF 60 DINOSAUR CAKE CASES,3,2011-10-10 13:04:00,0.55,16776.0,United Kingdom
494808,84839,SWEETHEART KEY CABINET,1,2010-01-18 16:09:00,6.75,17231.0,United Kingdom
524311,22109,FULL ENGLISH BREAKFAST PLATE,1,2010-09-28 14:09:00,3.75,17841.0,United Kingdom
568869,23288,GREEN VINTAGE SPOT BEAKER,8,2011-09-29 12:01:00,0.85,12957.0,United Kingdom
565315,22178,VICTORIAN GLASS HANGING T-LIGHT,24,2011-09-02 12:51:00,1.25,14019.0,United Kingdom
556459,23171,REGENCY TEA PLATE GREEN ,5,2011-06-10 17:25:00,3.29,,United Kingdom
577331,22154,ANGEL DECORATION 3 BUTTONS ,48,2011-11-18 14:23:00,0.42,14667.0,United Kingdom
513963,22386,JUMBO BAG PINK WITH WHITE SPOTS,100,2010-06-29 15:17:00,1.65,13694.0,United Kingdom
535816,22597,CHRISTMAS MUSICAL ZINC HEART ,6,2010-11-28 15:25:00,0.85,14986.0,United Kingdom
575730,22734,SET OF 6 RIBBONS VINTAGE CHRISTMAS,2,2011-11-10 19:53:00,2.89,14765.0,United Kingdom
528591,22507,MEMO BOARD RETROSPOT  DESIGN,1,2010-10-22 14:04:00,11.02,,United Kingdom
496925,22060,LARGE CAKE STAND HANGING HEARTS,1,2010-02-04 16:12:00,9.95,14081.0,United Kingdom
519868,85063,CREAM SWEETHEART MAGAZINE RACK,1,2010-08-20 16:21:00,30.6,,United Kingdom
537680,22899,CHILDREN'S APRON DOLLY GIRL ,6,2010-12-08 10:11:00,2.1,13599.0,United Kingdom
549981,22520,CHILDS GARDEN TROWEL BLUE ,1,2011-04-13 15:49:00,0.85,16348.0,United Kingdom
537391,22624,IVORY KITCHEN SCALES,2,2010-12-06 13:53:00,8.5,16550.0,United Kingdom
561036,22759,SET OF 3 NOTEBOOKS IN PARCEL,2,2011-07-24 11:54:00,1.65,13137.0,United Kingdom
500506,47591D,PINK FAIRY CAKE CHILD'S APRON,2,2010-03-08 13:48:00,1.95,14562.0,United Kingdom
498049,21676,FLOWERS  STICKERS,12,2010-02-16 11:13:00,0.85,13407.0,United Kingdom
C569989,21481,FAWN BLUE HOT WATER BOTTLE,-26,2011-10-06 20:08:00,2.55,16839.0,United Kingdom
558614,22028,PENNY FARTHING BIRTHDAY CARD,1,2011-06-30 15:56:00,0.83,,United Kingdom
512318,22587,FELTCRAFT HAIRBAND RED AND BLUE,12,2010-06-15 09:14:00,0.85,18178.0,United Kingdom
505364,22215,CAKE STAND WHITE TWO TIER LACE,1,2010-04-21 15:46:00,8.5,14395.0,United Kingdom
544571,22438,BALLOON ART MAKE YOUR OWN FLOWERS,10,2011-02-21 13:07:00,1.95,15146.0,United Kingdom
547093,22374,AIRLINE BAG VINTAGE JET SET RED,4,2011-03-21 08:20:00,4.25,14762.0,United Kingdom
564729,21990,MODERN FLORAL STATIONERY SET,2,2011-08-28 12:44:00,1.25,13137.0,United Kingdom
574559,22629,SPACEBOY LUNCH BOX ,1,2011-11-04 15:50:00,1.95,14056.0,United Kingdom
555647,84380,SET OF 3 BUTTERFLY COOKIE CUTTERS,12,2011-06-06 13:43:00,1.25,12957.0,United Kingdom
534319,22837,HOT WATER BOTTLE BABUSHKA ,1,2010-11-22 11:37:00,9.32,,United Kingdom
552036,22971,QUEENS GUARD COFFEE MUG,6,2011-05-05 19:16:00,2.55,12748.0,United Kingdom
490925,82600,NO SINGING METAL SIGN,12,2009-12-08 13:28:00,2.1,13078.0,United Kingdom
493947,21126,SET OF 6 GIRLS CELEBRATION CANDLES,12,2010-01-08 12:22:00,1.25,17243.0,United Kingdom
553375,22960,JAM MAKING SET WITH JARS,12,2011-05-16 14:52:00,3.75,14911.0,EIRE
571931,22371,AIRLINE BAG VINTAGE TOKYO 78,2,2011-10-19 16:59:00,8.29,,United Kingdom
494157,84247G,"DECOUPAGE,GREETING CARD,",24,2010-01-11 16:00:00,0.42,13089.0,United Kingdom
557283,20728,LUNCH BAG CARS BLUE,1,2011-06-19 12:26:00,1.65,16813.0,United Kingdom
528659,22759,SET OF 3 NOTEBOOKS IN PARCEL,24,2010-10-24 12:44:00,1.65,15723.0,United Kingdom
523554,20846,ZINC HEART LATTICE T-LIGHT HOLDER,24,2010-09-22 15:09:00,1.25,15681.0,United Kingdom
517400,22078,RIBBON REEL LACE DESIGN ,10,2010-07-29 10:20:00,2.1,15358.0,United Kingdom
578084,23480,MINI LIGHTS WOODLAND MUSHROOMS,4,2011-11-22 16:34:00,3.75,12465.0,Belgium
565734,23425,STORAGE TIN HOME SWEET HOME,3,2011-09-06 12:15:00,2.49,17191.0,United Kingdom
529816,21587,COSY HOUR GIANT TUBE MATCHES,2,2010-10-31 11:15:00,2.55,15501.0,United Kingdom
524151,35600D,damages,-36,2010-09-27 15:42:00,0.0,,United Kingdom
538171,20770,ABSTRACT CIRCLE JOURNAL ,1,2010-12-09 20:01:00,2.55,17530.0,United Kingdom
499601,21755,LOVE BUILDING BLOCK WORD,3,2010-03-01 12:34:00,5.95,13018.0,United Kingdom
516117,21625,VINTAGE UNION JACK APRON,3,2010-07-16 14:29:00,6.95,14766.0,United Kingdom
573397,23320,GIANT 50'S CHRISTMAS CRACKER,1,2011-10-30 15:19:00,2.89,15547.0,United Kingdom
514512,22089,PAPER BUNTING VINTAGE PAISLEY,1,2010-07-04 13:33:00,2.95,14247.0,United Kingdom
575612,21117,BLOND DOLL DOORSTOP,12,2011-11-10 12:47:00,1.25,17416.0,United Kingdom
541830,21932,SCANDINAVIAN PAISLEY PICNIC BAG,1,2011-01-21 17:09:00,5.79,,United Kingdom
553215,23108,SET OF 10 LED DOLLY LIGHTS,12,2011-05-16 09:50:00,5.39,13408.0,United Kingdom
561873,22704,WRAP RED APPLES ,25,2011-07-31 11:48:00,0.42,13316.0,United Kingdom
581179,23346,SPACEBOY BEAKER,12,2011-12-07 15:43:00,1.25,12471.0,Germany
512585,22513,DOORSTOP FOOTBALL DESIGN,1,2010-06-16 15:27:00,3.75,15867.0,United Kingdom
508508,20725,LUNCH BAG RED SPOTTY,10,2010-05-17 09:03:00,1.65,14112.0,United Kingdom
573585,48111,DOORMAT 3 SMILEY CATS,1,2011-10-31 14:41:00,15.79,,United Kingdom
569031,85099B,JUMBO BAG RED RETROSPOT,4,2011-09-30 10:37:00,2.08,,United Kingdom
572380,23318,BOX OF 6 MINI VINTAGE CRACKERS,6,2011-10-24 11:51:00,2.49,16019.0,United Kingdom
569717,21137,BLACK RECORD COVER FRAME,12,2011-10-06 08:25:00,3.75,13845.0,United Kingdom
553182,20727,LUNCH BAG  BLACK SKULL.,10,2011-05-15 12:21:00,1.65,17107.0,United Kingdom
545062,22186,RED STAR CARD HOLDER,1,2011-02-27 14:07:00,2.95,12748.0,United Kingdom
490963,85232B,SET/3 RUSSIAN DOLL STACKING TINS,1,2009-12-08 15:49:00,10.39,,United Kingdom
513762,22077,6 RIBBONS RUSTIC CHARM,12,2010-06-28 12:58:00,1.65,12451.0,Switzerland
575049,22333,RETROSPOT PARTY BAG + STICKER SET,8,2011-11-08 12:13:00,1.65,12721.0,France
566922,23389,SPACEBOY MINI BACKPACK,4,2011-09-15 14:58:00,4.15,16156.0,United Kingdom
526761,21789,KIDS RAIN MAC PINK,144,2010-10-13 10:53:00,0.65,14646.0,Netherlands
537840,47567B,TEA TIME KITCHEN APRON,3,2010-12-08 15:03:00,5.95,13531.0,United Kingdom
564526,23121,PACK OF 6 COCKTAIL PARASOL STRAWS,24,2011-08-25 14:50:00,0.42,15805.0,United Kingdom
526089,22219,LOVEBIRD HANGING DECORATION WHITE ,12,2010-10-08 12:14:00,0.85,15281.0,United Kingdom
580367,22814,CARD PARTY GAMES ,4,2011-12-02 16:39:00,0.42,,United Kingdom
580613,21498,RED RETROSPOT WRAP ,25,2011-12-05 12:03:00,0.42,14759.0,United Kingdom
577046,22712,CARD DOLLY GIRL ,12,2011-11-17 13:46:00,0.42,12449.0,Belgium
545226,22637,PIGGY BANK RETROSPOT ,4,2011-03-01 09:33:00,2.55,12428.0,Finland
569897,21428,SET3 BOOK BOX GREEN GINGHAM FLOWER ,1,2011-10-06 16:01:00,4.25,17813.0,United Kingdom
496063,22197,"POPCORN HOLDER , SMALL ",36,2010-01-28 15:45:00,0.85,15137.0,United Kingdom
569215,22091,EMPIRE TISSUE BOX,8,2011-10-02 12:30:00,0.39,13571.0,United Kingdom
494386,84032A,CHARLIE+LOLA PINK HOT WATER BOTTLE,6,2010-01-14 09:41:00,2.51,,United Kingdom
545065,22466,FAIRY TALE COTTAGE NIGHTLIGHT,12,2011-02-27 14:43:00,1.95,12431.0,Australia
534187,21901,"KEY FOB , BACK DOOR ",1,2010-11-21 14:10:00,0.65,16501.0,United Kingdom
569222,23047,PAPER LANTERN 5 POINT SEQUIN STAR,4,2011-10-02 13:46:00,5.75,15906.0,United Kingdom
514349,84970S,HANGING HEART ZINC T-LIGHT HOLDER,36,2010-07-01 15:46:00,0.85,18061.0,United Kingdom
532989,22086,PAPER CHAIN KIT 50'S CHRISTMAS ,5,2010-11-15 14:09:00,2.95,14451.0,United Kingdom
559163,21329,DINOSAURS  WRITING SET ,3,2011-07-06 16:33:00,0.83,,United Kingdom
512952,20828,GLITTER BUTTERFLY CLIPS,1,2010-06-21 09:56:00,2.55,16456.0,United Kingdom
568144,22730,ALARM CLOCK BAKELIKE IVORY,8,2011-09-25 11:29:00,3.75,14005.0,United Kingdom
579196,22142,CHRISTMAS CRAFT WHITE FAIRY ,1,2011-11-28 15:54:00,3.29,14096.0,United Kingdom
503790,21407,BROWN CHECK CAT DOORSTOP ,1,2010-04-07 12:45:00,4.25,13174.0,United Kingdom
566607,22637,PIGGY BANK RETROSPOT ,8,2011-09-13 16:40:00,2.55,13032.0,United Kingdom
561585,21975,PACK OF 60 DINOSAUR CAKE CASES,24,2011-07-28 10:46:00,0.55,13728.0,United Kingdom
531495,21429,RED GINGHAM ROSE JEWELLERY BOX,8,2010-11-08 15:19:00,1.65,15390.0,Canada
528609,22906,12 MESSAGE CARDS WITH ENVELOPES,12,2010-10-22 15:42:00,1.65,16491.0,United Kingdom
537775,22083,PAPER CHAIN KIT RETROSPOT,6,2010-12-08 12:41:00,2.95,17722.0,United Kingdom
569253,22653,BUTTON BOX ,10,2011-10-03 10:55:00,1.95,13635.0,United Kingdom
580120,23084,RABBIT NIGHT LIGHT,48,2011-12-01 16:38:00,1.79,12553.0,France
554441,47590B,PINK HAPPY BIRTHDAY BUNTING,3,2011-05-24 12:22:00,5.45,13213.0,United Kingdom
533750,21918,SET 12 KIDS COLOUR  CHALK STICKS,6,2010-11-18 14:17:00,0.42,15571.0,United Kingdom
538353,21700,BIG DOUGHNUT FRIDGE MAGNETS,2,2010-12-10 15:31:00,0.85,13798.0,United Kingdom
548648,21172,PARTY METAL SIGN ,12,2011-04-01 13:20:00,1.45,12949.0,United Kingdom
551527,47566,PARTY BUNTING,6,2011-05-01 12:41:00,4.95,14395.0,United Kingdom
537265,22476,EMPIRE UNION JACK TV DINNER TRAY,1,2010-12-06 11:26:00,4.95,15919.0,United Kingdom
556953,22934,BAKING MOULD EASTER EGG WHITE CHOC,6,2011-06-16 08:16:00,2.95,14911.0,EIRE
519607,90185C,BLACK DIAMANTE EXPANDABLE RING,1,2010-08-18 16:21:00,4.25,14505.0,United Kingdom
540943,82484,WOOD BLACK BOARD ANT WHITE FINISH,1,2011-01-12 12:31:00,6.45,17841.0,United Kingdom
575848,23439,HAND WARMER RED LOVE HEART,3,2011-11-11 12:10:00,2.1,14178.0,United Kingdom
575931,23108,SET OF 10 LED DOLLY LIGHTS,2,2011-11-13 10:35:00,6.25,16560.0,United Kingdom
534389,90129A,PINK GLASS TASSLE BAG CHARM ,1,2010-11-22 13:02:00,1.66,,United Kingdom
559506,21715,GIRLS VINTAGE TIN SEASIDE BUCKET,4,2011-07-08 15:17:00,2.46,,United Kingdom
559338,84968A,SET OF 16 VINTAGE ROSE CUTLERY,1,2011-07-07 16:30:00,24.96,,United Kingdom
550179,22969,HOMEMADE JAM SCENTED CANDLES,12,2011-04-14 17:29:00,1.45,15220.0,United Kingdom
580539,23543,WALL ART KEEP CALM ,6,2011-12-05 08:39:00,4.15,18180.0,United Kingdom
536390,22963,JAM JAR WITH GREEN LID,48,2010-12-01 10:19:00,0.72,17511.0,United Kingdom
542898,22720,SET OF 3 CAKE TINS PANTRY DESIGN ,2,2011-02-01 14:01:00,4.95,16110.0,United Kingdom
533106,22731,3D CHRISTMAS STAMPS STICKERS ,36,2010-11-16 11:53:00,1.25,16083.0,United Kingdom
578041,72800E,4 IVORY DINNER CANDLES SILVER FLOCK,1,2011-11-22 14:23:00,2.55,17338.0,United Kingdom
536544,85017A,ENVELOPE 50 ROMANTIC IMAGES,1,2010-12-01 14:32:00,0.85,,United Kingdom
522458,21931,JUMBO STORAGE BAG SUKI,1,2010-09-14 15:55:00,1.95,12933.0,United Kingdom
541132,21218,RED SPOTTY BISCUIT TIN,2,2011-01-14 10:17:00,8.29,,United Kingdom
570223,22611,VINTAGE UNION JACK SHOPPING BAG,3,2011-10-09 13:11:00,4.95,15787.0,United Kingdom
557950,23096,PETIT TRAY CHIC,2,2011-06-23 17:35:00,1.65,17848.0,United Kingdom
529821,22295,HEART FILIGREE DOVE LARGE,2,2010-10-31 11:32:00,1.65,13677.0,United Kingdom
570465,21098,CHRISTMAS TOILET ROLL,7,2011-10-10 16:02:00,2.46,,United Kingdom
490164,20724,RED SPOTTY CHARLOTTE BAG,10,2009-12-04 11:32:00,0.85,14961.0,United Kingdom
503609,21868,POTTING SHED TEA MUG,72,2010-04-06 10:22:00,1.06,17457.0,United Kingdom
533594,22333,RETROSPOT PARTY BAG + STICKER SET,3,2010-11-18 12:14:00,1.65,17776.0,United Kingdom
505023,21211,SET OF 72 SKULL PAPER  DOILIES,12,2010-04-19 14:14:00,1.45,12516.0,Germany
527595,21894,POTTING SHED SEED ENVELOPES,12,2010-10-18 13:40:00,1.25,16163.0,United Kingdom
536592,22091,EMPIRE TISSUE BOX,2,2010-12-01 17:06:00,2.51,,United Kingdom
566272,35961,FOLKART ZINC HEART CHRISTMAS DEC,12,2011-09-11 13:51:00,0.85,14487.0,United Kingdom
541570,84992,72 SWEETHEART FAIRY CAKE CASES,120,2011-01-19 12:34:00,0.42,14646.0,Netherlands
568191,22141,CHRISTMAS CRAFT TREE TOP ANGEL,6,2011-09-25 14:37:00,2.1,16655.0,United Kingdom
518981,22335,HEART DECORATION PAINTED ZINC ,7,2010-08-12 16:41:00,1.28,,United Kingdom
571729,POST,POSTAGE,1,2011-10-19 09:43:00,18.0,12500.0,Germany
496580,82486,WOOD S/3 CABINET ANT WHITE FINISH,1,2010-02-02 13:49:00,7.95,15898.0,United Kingdom
506244,22358,KINGS CHOICE TEA CADDY ,6,2010-04-28 13:18:00,2.95,14194.0,United Kingdom
555343,21272,SALLE DE BAIN HOOK,1,2011-06-02 11:42:00,1.25,15918.0,United Kingdom
511117,22644,CERAMIC CHERRY CAKE MONEY BANK,6,2010-06-07 10:41:00,18.0,12471.0,Germany
527428,22336,DOVE DECORATION PAINTED ZINC ,6,2010-10-17 16:17:00,0.65,16283.0,United Kingdom
494732,22312,OFFICE MUG WARMER POLKADOT,2,2010-01-18 12:27:00,4.95,16670.0,United Kingdom
556108,21174,POTTERING IN THE SHED METAL SIGN,2,2011-06-08 17:59:00,4.13,,United Kingdom
510485,22353,LUNCH BOX WITH CUTLERY FAIRY CAKES ,1,2010-06-01 11:38:00,2.55,13544.0,United Kingdom
516187,85198,ASSORTED FARMYARD ANIMALS IN BUCKET,12,2010-07-18 15:51:00,0.85,16089.0,United Kingdom
563739,22664,TOY TIDY DOLLY GIRL DESIGN,2,2011-08-18 20:05:00,2.1,17750.0,United Kingdom
490162,21181,PLEASE ONE PERSON  METAL SIGN,1,2009-12-04 11:07:00,2.1,13946.0,United Kingdom
515910,84212,"ASSORTED FLOWER COLOUR ""LEIS""",240,2010-07-15 13:17:00,0.42,14298.0,United Kingdom
553374,85099B,JUMBO BAG RED RETROSPOT,10,2011-05-16 14:51:00,2.08,14489.0,United Kingdom
576590,21121,SET/10 RED POLKADOT PARTY CANDLES,24,2011-11-15 14:30:00,1.25,16240.0,United Kingdom
569129,22910,PAPER CHAIN KIT VINTAGE CHRISTMAS,3,2011-09-30 13:40:00,2.95,15034.0,United Kingdom
517732,21035,SET/2 RED SPOTTY TEA TOWELS ,6,2010-08-01 13:48:00,2.95,17618.0,United Kingdom
509033,22559,SEASIDE FLYING DISC,2,2010-05-19 17:49:00,1.25,15879.0,United Kingdom
541497,22196,SMALL HEART MEASURING SPOONS,1,2011-01-18 15:19:00,1.63,,United Kingdom
494495,20830,SILVER PHOTO FRAME,1,2010-01-14 17:43:00,4.21,,United Kingdom
578347,23144,ZINC T-LIGHT HOLDER STARS SMALL,6,2011-11-24 09:26:00,1.63,,United Kingdom
521866,22625,RED KITCHEN SCALES,2,2010-09-09 11:02:00,8.5,14918.0,United Kingdom
569228,22511,RETROSPOT BABUSHKA DOORSTOP,1,2011-10-02 14:47:00,3.75,15547.0,United Kingdom
505964,82580,BATHROOM METAL SIGN,12,2010-04-26 15:30:00,0.55,13015.0,United Kingdom
547363,22459,?lost,-232,2011-03-22 12:33:00,0.0,,United Kingdom
547669,21364,PEACE SMALL WOOD LETTERS,1,2011-03-24 13:37:00,6.75,12748.0,United Kingdom
498091,21232,STRAWBERRY CERAMIC TRINKET BOX,12,2010-02-16 12:35:00,1.25,14639.0,United Kingdom
558388,22720,SET OF 3 CAKE TINS PANTRY DESIGN ,3,2011-06-29 10:00:00,4.95,,EIRE
555924,85099C,JUMBO  BAG BAROQUE BLACK WHITE,1,2011-06-07 17:12:00,4.13,,United Kingdom
531382,22577,WOODEN HEART CHRISTMAS SCANDINAVIAN,1,2010-11-07 16:29:00,0.85,16549.0,United Kingdom
498444,20689,RETRO SISTERS EXPRESSO CUPS,1,2010-02-19 09:52:00,12.72,,United Kingdom
553162,84692,BOX OF 24 COCKTAIL PARASOLS,2,2011-05-13 15:53:00,0.83,,United Kingdom
534218,22781,GUMBALL MAGAZINE RACK,1,2010-11-21 16:11:00,7.65,17402.0,United Kingdom
576014,22434,BALLOON PUMP WITH 10 BALLOONS,2,2011-11-13 14:29:00,1.95,17218.0,United Kingdom
509743,22636,CHILDS BREAKFAST SET CIRCUS PARADE,1,2010-05-25 13:21:00,8.5,17841.0,United Kingdom
546896,22534,MAGIC DRAWING SLATE SPACEBOY ,8,2011-03-17 18:24:00,0.83,,United Kingdom
502319,21624,VINTAGE UNION JACK DOORSTOP,3,2010-03-24 10:00:00,5.95,14370.0,United Kingdom
517729,21731,RED TOADSTOOL LED NIGHT LIGHT,6,2010-08-01 13:26:00,1.65,14455.0,United Kingdom
495232,22203,MILK PAN RED RETROSPOT,4,2010-01-22 09:19:00,3.75,14156.0,EIRE
547724,84510A,SET OF 4 ENGLISH ROSE COASTERS,10,2011-03-25 10:42:00,1.25,13468.0,United Kingdom
508228,22407,MONEY BOX FIRST ADE DESIGN,1,2010-05-13 16:49:00,2.51,,United Kingdom
531812,20724,RED RETROSPOT CHARLOTTE BAG,10,2010-11-09 16:39:00,0.85,16218.0,United Kingdom
535253,22362,GLASS JAR PEACOCK BATH SALTS,1,2010-11-25 13:08:00,2.95,16874.0,United Kingdom
536544,82580,BATHROOM METAL SIGN,1,2010-12-01 14:32:00,1.28,,United Kingdom
506285,22587,FELTCRAFT HAIRBAND RED AND BLUE,1,2010-04-28 16:49:00,0.85,16767.0,United Kingdom
522917,21980,PACK OF 12 RED SPOTTY TISSUES ,24,2010-09-17 14:10:00,0.29,12425.0,Portugal
539103,21181,PLEASE ONE PERSON METAL SIGN,12,2010-12-16 10:38:00,2.1,16985.0,United Kingdom
552520,21985,PACK OF 12 HEARTS DESIGN TISSUES ,2,2011-05-09 16:34:00,0.83,,United Kingdom
514532,21524,DOORMAT SPOTTY HOME SWEET HOME,1,2010-07-05 10:07:00,14.43,,United Kingdom
576245,21931,JUMBO STORAGE BAG SUKI,10,2011-11-14 13:40:00,2.08,12553.0,France
524290,85049E,SCANDINAVIAN REDS RIBBONS,6,2010-09-28 12:54:00,1.25,14461.0,United Kingdom
537799,84029G,KNITTED UNION FLAG HOT WATER BOTTLE,6,2010-12-08 13:07:00,3.75,15916.0,United Kingdom
505315,21555,CERAMIC STRAWBERRY TRINKET TRAY,2,2010-04-21 12:03:00,2.55,15311.0,United Kingdom
542084,21154,RED RETROSPOT OVEN GLOVE ,5,2011-01-25 12:31:00,1.25,14680.0,United Kingdom
531804,22866,HAND WARMER SCOTTY DOG DESIGN,2,2010-11-09 16:03:00,2.1,14535.0,United Kingdom
547649,20992,JAZZ HEARTS PURSE NOTEBOOK,2,2011-03-24 12:02:00,0.85,18118.0,United Kingdom
492325,85099F,JUMBO BAG STRAWBERRY,10,2009-12-16 12:24:00,1.95,13641.0,United Kingdom
548714,17003,BROCADE RING PURSE ,13,2011-04-03 15:07:00,0.29,17337.0,United Kingdom
552662,22089,PAPER BUNTING VINTAGE PAISLEY,1,2011-05-10 15:04:00,4.13,,United Kingdom
522907,22243,5 HOOK HANGER RED MAGIC TOADSTOOL,2,2010-09-17 13:08:00,1.65,15514.0,United Kingdom
570861,22393,PAPERWEIGHT VINTAGE COLLAGE,6,2011-10-12 15:27:00,2.55,14775.0,United Kingdom
506470,21706,"FOLDING UMBRELLA , RED/WHITE SPOT",4,2010-04-30 09:28:00,4.95,15605.0,United Kingdom
570442,22939,ADULT APRON APPLE DELIGHT,1,2011-10-10 14:37:00,4.95,16549.0,United Kingdom
553369,23171,REGENCY TEA PLATE GREEN ,12,2011-05-16 14:30:00,1.65,15044.0,United Kingdom
512694,21245,GREEN  SPOTTY PLATE ,2,2010-06-17 11:52:00,1.69,14710.0,United Kingdom
499474,21900,"KEY FOB , SHED",1,2010-02-28 12:29:00,0.65,15421.0,United Kingdom
526197,22198,LARGE POPCORN HOLDER ,3,2010-10-10 12:53:00,1.65,17757.0,United Kingdom
566060,84535B,FAIRY CAKES NOTEBOOK A6 SIZE,1,2011-09-08 15:27:00,1.46,,United Kingdom
528919,84030E,ENGLISH ROSE HOT WATER BOTTLE,1,2010-10-25 14:27:00,4.25,16259.0,United Kingdom
547832,20728,LUNCH BAG CARS BLUE,100,2011-03-25 16:25:00,1.45,17511.0,United Kingdom
554697,22487,WHITE WOOD GARDEN PLANT LADDER,2,2011-05-25 17:31:00,9.95,14584.0,United Kingdom
508003,21988,PACK OF 6 SKULL PAPER PLATES,2,2010-05-12 11:49:00,0.85,15012.0,United Kingdom
516708,84970s,HANGING HEART ZINC T-LIGHT HOLDER,1,2010-07-22 12:15:00,2.13,,United Kingdom
563183,82578,KITCHEN METAL SIGN,12,2011-08-12 14:47:00,0.55,14110.0,United Kingdom
545447,22149,FELTCRAFT 6 FLOWER FRIENDS,6,2011-03-02 16:34:00,2.1,17426.0,United Kingdom
580050,21531,RED RETROSPOT SUGAR JAM BOWL,1,2011-12-01 12:54:00,2.55,14960.0,United Kingdom
518737,82484,WOOD BLACK BOARD ANT WHITE FINISH,108,2010-08-11 12:05:00,5.55,18102.0,United Kingdom
518206,22222,CAKE PLATE LOVEBIRD WHITE,12,2010-08-05 11:55:00,4.25,13802.0,United Kingdom
505877,22464,HANGING METAL HEART LANTERN,12,2010-04-26 13:33:00,1.65,12921.0,United Kingdom
498365,22249,DECORATION WHITE CHICK MAGIC GARDEN,16,2010-02-18 13:53:00,0.85,13579.0,United Kingdom
567954,22712,CARD DOLLY GIRL ,12,2011-09-23 08:30:00,0.42,13004.0,United Kingdom
552182,22770,MIRROR CORNICE,1,2011-05-06 13:38:00,14.95,14180.0,United Kingdom
507393,21358,TOAST ITS - HAPPY BIRTHDAY,12,2010-05-09 12:49:00,1.25,14911.0,EIRE
535842,22863,SOAP DISH BROCANTE,6,2010-11-29 10:19:00,2.95,14344.0,United Kingdom
512589,21531,RED RETROSPOT SUGAR JAM BOWL,1,2010-06-16 16:04:00,5.06,,United Kingdom
498642,21621,VINTAGE UNION JACK BUNTING,2,2010-02-22 11:13:00,8.5,16057.0,United Kingdom
508174,21910,WAY OUT METAL SIGN ,1,2010-05-13 11:57:00,1.65,13888.0,United Kingdom
500891,35809B,ENAMEL BLUE RIM TEA CONTAINER,1,2010-03-10 16:24:00,4.21,,United Kingdom
577411,23207,LUNCH BAG ALPHABET DESIGN,8,2011-11-20 11:00:00,1.65,17387.0,United Kingdom
537240,21673,WHITE SPOT BLUE CERAMIC DRAWER KNOB,4,2010-12-06 10:08:00,2.51,,United Kingdom
491457,20856,DENIM PATCH PURSE PINK BUTTERFLY,1,2009-12-11 11:26:00,1.65,15998.0,United Kingdom
506290,21239,PINK  SPOTTY CUP,8,2010-04-29 09:16:00,0.85,14911.0,EIRE
578147,22456,NATURAL SLATE CHALKBOARD LARGE ,2,2011-11-23 11:09:00,4.95,12748.0,United Kingdom
501133,22236,CAKE STAND 3 TIER MAGIC GARDEN,2,2010-03-14 10:10:00,12.75,17920.0,United Kingdom
578292,23293,SET OF 12 FAIRY CAKE BAKING CASES,1,2011-11-23 14:35:00,0.83,13174.0,United Kingdom
493813,84029G,KNITTED UNION FLAG HOT WATER BOTTLE,6,2010-01-07 11:53:00,3.75,14051.0,United Kingdom
547800,22082,RIBBON REEL STRIPES DESIGN ,1,2011-03-25 12:55:00,1.65,14504.0,United Kingdom
520344,21754,HOME BUILDING BLOCK WORD,1,2010-08-25 13:05:00,5.95,13680.0,United Kingdom
572309,85231B,CINAMMON SET OF 9 T-LIGHTS,4,2011-10-23 15:29:00,0.85,14432.0,United Kingdom
522966,22386,JUMBO BAG PINK WITH WHITE SPOTS,1,2010-09-19 13:01:00,1.95,16007.0,United Kingdom
524851,21614,SET OF 12 ROSE BOTANICAL T-LIGHTS,18,2010-09-30 18:45:00,2.95,12500.0,Germany
575706,21928,JUMBO BAG SCANDINAVIAN BLUE PAISLEY,2,2011-11-10 17:13:00,2.08,14713.0,United Kingdom
569545,21116,OWL DOORSTOP,1,2011-10-04 16:37:00,8.29,,United Kingdom
580687,22383,LUNCH BAG SUKI DESIGN ,10,2011-12-05 15:38:00,1.65,16379.0,United Kingdom
538174,22554,PLASTERS IN TIN WOODLAND ANIMALS,24,2010-12-10 09:35:00,1.65,12471.0,Germany
578118,22086,PAPER CHAIN KIT 50'S CHRISTMAS ,12,2011-11-23 10:08:00,2.95,12955.0,United Kingdom
538638,84849B,FAIRY SOAP SOAP HOLDER,1,2010-12-13 14:16:00,1.69,17231.0,United Kingdom
511095,22296,HEART IVORY TRELLIS LARGE,24,2010-06-06 15:47:00,1.65,14249.0,United Kingdom
534499,22141,CHRISTMAS CRAFT TREE TOP ANGEL,2,2010-11-23 11:12:00,2.1,17372.0,United Kingdom
544673,21609,SET 12 LAVENDER  BOTANICAL T-LIGHTS,12,2011-02-22 15:46:00,2.95,13421.0,United Kingdom
566178,23574,PACKING CHARGE,1,2011-09-09 12:41:00,7.5,16353.0,United Kingdom
538529,22748,POPPY'S PLAYHOUSE KITCHEN,6,2010-12-13 10:24:00,2.1,14290.0,United Kingdom
562031,22673,FRENCH GARDEN SIGN BLUE METAL,8,2011-08-01 17:37:00,1.25,16984.0,United Kingdom
518006,37448,CERAMIC CAKE DESIGN SPOTTED MUG,12,2010-08-04 09:13:00,1.49,15798.0,United Kingdom
559912,23029,DRAWER KNOB CRACKLE GLAZE GREEN,6,2011-07-13 15:04:00,1.65,14221.0,United Kingdom
547492,22964,3 PIECE SPACEBOY COOKIE CUTTER SET,6,2011-03-23 12:06:00,2.1,12604.0,France
569846,23113,PANTRY CHOPPING BOARD,3,2011-10-06 13:42:00,4.95,13422.0,United Kingdom
525973,22409,MONEY BOX BISCUITS DESIGN,1,2010-10-08 10:22:00,2.51,,United Kingdom
575895,23285,PINK VINTAGE SPOT BEAKER,4,2011-11-11 14:50:00,0.85,17052.0,United Kingdom
534786,21929,JUMBO BAG PINK VINTAGE PAISLEY,1,2010-11-24 11:21:00,1.95,15854.0,United Kingdom
535260,22557,PLASTERS IN TIN VINTAGE PAISLEY ,1,2010-11-25 13:20:00,1.65,15021.0,United Kingdom
511314,84880,WHITE WIRE EGG HOLDER,1,2010-06-07 16:39:00,5.95,14606.0,United Kingdom
500503,85023C,PINK LARGE JEWELED PHOTOFRAME,2,2010-03-08 13:38:00,2.55,15916.0,United Kingdom
571082,23394,POSTE FRANCE CUSHION COVER,1,2011-10-13 15:25:00,10.79,,United Kingdom
539475,20969,RED FLORAL FELTCRAFT SHOULDER BAG,1,2010-12-19 14:41:00,3.75,16686.0,United Kingdom
578400,23329,DECORATIVE WICKER HEART LARGE,2,2011-11-24 11:52:00,1.65,12748.0,United Kingdom
533965,22166,WALL MIRROR RECTANGLE DIAMANTE PINK,2,2010-11-19 13:06:00,16.13,,United Kingdom
536975,84030E,ENGLISH ROSE HOT WATER BOTTLE,4,2010-12-03 14:04:00,4.25,14911.0,EIRE
513665,17091J,VANILLA INCENSE IN TIN,3,2010-06-28 11:11:00,1.25,17437.0,United Kingdom
569722,16169E,WRAP 50'S  CHRISTMAS,25,2011-10-06 09:31:00,0.42,12431.0,Australia
573633,72801c,4 ROSE PINK DINNER CANDLES,1,2011-10-31 15:48:00,2.46,,United Kingdom
515861,21217,RED SPOTTY ROUND CAKE TINS,12,2010-07-15 11:26:00,8.95,13999.0,United Kingdom
567308,22333,RETROSPOT PARTY BAG + STICKER SET,48,2011-09-19 13:35:00,1.45,16422.0,United Kingdom
566771,22592,CARDHOLDER HOLLY WREATH METAL,4,2011-09-15 09:34:00,3.75,15322.0,United Kingdom
537638,22246,MAGIC GARDEN FELT GARLAND ,6,2010-12-07 15:28:00,4.21,,United Kingdom
574740,22348,TEA BAG PLATE RED RETROSPOT,48,2011-11-06 16:07:00,0.85,12357.0,Switzerland
567515,20749,ASSORTED COLOUR MINI CASES,12,2011-09-20 15:29:00,6.35,16839.0,United Kingdom
506250,21580,RABBIT  DESIGN  COTTON TOTE BAG,2,2010-04-28 13:34:00,2.25,16327.0,United Kingdom
550106,23207,LUNCH BAG ALPHABET DESIGN,1,2011-04-14 12:31:00,1.65,13772.0,United Kingdom
525221,21915,RED  HARMONICA IN BOX ,1,2010-10-04 12:51:00,2.51,,United Kingdom
499071,22352,LUNCHBOX WITH CUTLERY RETROSPOT ,2,2010-02-24 15:03:00,2.55,14535.0,United Kingdom
524534,21981,PACK OF 12 WOODLAND TISSUES ,12,2010-09-29 13:35:00,0.29,14510.0,United Kingdom
499597,20725,LUNCH BAG RED SPOTTY,10,2010-03-01 12:31:00,1.65,16037.0,United Kingdom
535831,21471,STRAWBERRY RAFFIA FOOD COVER,6,2010-11-29 09:38:00,3.75,12767.0,Korea
579196,22739,RIBBON REEL CHRISTMAS SOCK BAUBLE,7,2011-11-28 15:54:00,3.29,14096.0,United Kingdom
499638,21733,RED HANGING HEART T-LIGHT HOLDER,1,2010-03-01 13:45:00,5.91,,United Kingdom
508759,84997C,BLUE 3 PIECE MINI DOTS CUTLERY SET,4,2010-05-18 12:03:00,3.75,14680.0,United Kingdom
575731,23313,VINTAGE CHRISTMAS BUNTING,1,2011-11-10 20:01:00,4.95,13230.0,United Kingdom
565289,84050,PINK HEART SHAPE EGG FRYING PAN,6,2011-09-02 11:43:00,1.65,14911.0,EIRE
505566,21034,REX CASH+CARRY JUMBO SHOPPER,3,2010-04-23 11:00:00,0.95,15218.0,United Kingdom
510414,22202,MILK PAN PINK RETROSPOT,1,2010-05-30 11:02:00,3.75,15555.0,United Kingdom
561857,22356,CHARLOTTE BAG PINK POLKADOT,10,2011-07-29 16:24:00,0.85,13004.0,United Kingdom
566200,17107D,FLOWER FAIRY 5 DRAWER LINERS,1,2011-09-09 14:14:00,2.55,16910.0,United Kingdom
538171,21975,PACK OF 60 DINOSAUR CAKE CASES,2,2010-12-09 20:01:00,0.55,17530.0,United Kingdom
531866,22764,"RUSTIC WOODEN CABINET, GLASS DOORS",100,2010-11-10 11:28:00,16.88,18102.0,United Kingdom
574592,84946,ANTIQUE SILVER T-LIGHT GLASS,12,2011-11-06 10:49:00,1.25,14820.0,United Kingdom
550619,22808,SET OF 6 T-LIGHTS EASTER CHICKS,6,2011-04-19 13:21:00,2.95,15717.0,United Kingdom
493267,84029G,KNITTED UNION FLAG HOT WATER BOTTLE,2,2009-12-22 15:06:00,7.78,,United Kingdom
540255,22110,BIRD HOUSE HOT WATER BOTTLE,9,2011-01-05 16:50:00,3.36,,United Kingdom
580729,22069,BROWN  PIRATE TREASURE CHEST ,1,2011-12-05 17:24:00,3.29,,United Kingdom
552446,72741,GRAND CHOCOLATECANDLE,9,2011-05-09 13:28:00,1.45,16729.0,United Kingdom
564516,22412,METAL SIGN NEIGHBOURHOOD WITCH ,1,2011-08-25 14:45:00,4.13,,United Kingdom
512744,21441,BLUE BIRDHOUSE DECORATION,12,2010-06-17 14:46:00,0.85,12681.0,France
526497,79321,CHILLI LIGHTS,4,2010-10-12 09:55:00,4.95,17677.0,United Kingdom
564365,21210,SET OF 72 RETROSPOT PAPER  DOILIES,2,2011-08-24 16:46:00,1.45,,United Kingdom
521932,21934,SKULL SHOULDER BAG,2,2010-09-09 15:49:00,3.36,,United Kingdom
497894,22221,CAKE STAND LOVEBIRD 2 TIER PINK,2,2010-02-14 12:36:00,9.95,15425.0,United Kingdom
578949,21624,VINTAGE UNION JACK DOORSTOP,1,2011-11-27 14:30:00,5.95,14954.0,United Kingdom
496290,22243,"HOOK, 5 HANGER ,MAGIC TOADSTOOL RED",1,2010-01-29 17:55:00,3.36,,United Kingdom
542906,20961,STRAWBERRY BATH SPONGE ,1,2011-02-01 15:12:00,2.46,,United Kingdom
559501,21706,FOLDING UMBRELLA RED/WHITE POLKADOT,1,2011-07-08 14:45:00,4.95,,United Kingdom
509739,22418,10 COLOUR SPACEBOY PEN,48,2010-05-25 12:46:00,0.85,13266.0,United Kingdom
490925,21463,MIRRORED DISCO BALL ,16,2009-12-08 13:28:00,4.95,13078.0,United Kingdom
522792,22112,CHOCOLATE HOT WATER BOTTLE,6,2010-09-16 14:52:00,4.95,17706.0,United Kingdom
532810,85129D,BEADED CRYSTAL HEART PINK SMALL,1,2010-11-14 15:23:00,1.25,17545.0,United Kingdom
504128,22464,HANGING METAL HEART LANTERN,6,2010-04-11 10:47:00,1.65,16742.0,United Kingdom
550819,22956,36 FOIL HEART CAKE CASES,3,2011-04-20 17:37:00,2.1,17530.0,United Kingdom
570964,22050,PINK PAISLEY ROSE GIFT WRAP,25,2011-10-13 11:50:00,0.42,12766.0,Portugal
499845,85112,,-338,2010-03-02 16:20:00,0.0,,United Kingdom
500287,21213,PACK OF 72 SKULL CAKE CASES,24,2010-03-05 15:21:00,0.55,14852.0,United Kingdom
575128,72817,SET OF 2 CHRISTMAS DECOUPAGE CANDLE,24,2011-11-08 14:27:00,0.79,16837.0,United Kingdom
567092,21507,ELEPHANT BIRTHDAY CARD ,12,2011-09-16 12:48:00,0.42,13196.0,United Kingdom
566735,22736,RIBBON REEL MAKING SNOWMEN ,1,2011-09-14 14:19:00,1.65,15707.0,United Kingdom
561671,23229,VINTAGE DONKEY TAIL GAME ,72,2011-07-28 17:17:00,2.62,12830.0,United Kingdom
552278,82552,WASHROOM METAL SIGN,2,2011-05-08 12:36:00,1.45,15059.0,United Kingdom
570420,22274,FELTCRAFT DOLL EMILY,2,2011-10-10 13:33:00,2.95,17841.0,United Kingdom
501284,79067,CORONA MEXICAN TRAY,8,2010-03-15 14:19:00,3.75,12714.0,France
543828,22567,20 DOLLY PEGS RETROSPOT,12,2011-02-14 09:45:00,1.25,14156.0,EIRE
519411,20727,LUNCH BAG  BLACK SKULL.,10,2010-08-17 10:16:00,1.65,14531.0,United Kingdom
545020,22938,CUPCAKE LACE PAPER SET 6,12,2011-02-25 14:03:00,1.95,13792.0,United Kingdom
C491985,21770,OPEN CLOSED METAL SIGN,-4,2009-12-15 09:46:00,4.95,13097.0,United Kingdom
505314,22029,SPACEBOY BIRTHDAY CARD,12,2010-04-21 12:02:00,0.42,12681.0,France
580958,23074,EMBOSSED HEART TRINKET BOX,3,2011-12-06 14:30:00,2.08,17266.0,United Kingdom
531014,22355,CHARLOTTE BAG SUKI DESIGN,20,2010-11-05 11:42:00,0.85,13278.0,United Kingdom
541132,22383,LUNCH BAG SUKI  DESIGN ,2,2011-01-14 10:17:00,4.96,,United Kingdom
497267,22131,FOOD CONTAINER SET 3 LOVE HEART ,1,2010-02-08 13:29:00,1.95,16078.0,United Kingdom
538351,22112,CHOCOLATE HOT WATER BOTTLE,35,2010-12-10 15:17:00,12.72,,United Kingdom
545085,22315,200 RED + WHITE BENDY STRAWS,1,2011-02-28 11:19:00,1.25,15039.0,United Kingdom
520406,20685,DOORMAT RED SPOT,10,2010-08-26 09:23:00,6.35,16652.0,United Kingdom
536031,22112,CHOCOLATE HOT WATER BOTTLE,2,2010-11-29 16:45:00,11.02,,United Kingdom
544930,21385,IVORY HANGING DECORATION  HEART,2,2011-02-24 18:26:00,0.85,17472.0,United Kingdom
570721,22118,JOY WOODEN BLOCK LETTERS,3,2011-10-12 10:51:00,4.95,13842.0,United Kingdom
495806,21217,RED SPOTTY ROUND CAKE TINS,2,2010-01-27 08:48:00,9.95,15073.0,United Kingdom
564065,22739,RIBBON REEL CHRISTMAS SOCK BAUBLE,10,2011-08-22 15:05:00,1.65,15150.0,United Kingdom
548384,22191,IVORY DINER WALL CLOCK,1,2011-03-30 16:47:00,8.5,,United Kingdom
497592,21157,RED SPOTTY WASHBAG,6,2010-02-11 08:51:00,2.1,17139.0,United Kingdom
513907,85099C,JUMBO  BAG BAROQUE BLACK WHITE,1,2010-06-29 12:08:00,4.21,,United Kingdom
542252,22683,FRENCH BLUE METAL DOOR SIGN 8,1,2011-01-26 16:01:00,2.46,,United Kingdom
575074,23321,SMALL WHITE HEART OF WICKER,6,2011-11-08 13:11:00,1.65,15356.0,United Kingdom
497504,90143,SILVER BRACELET W PASTEL FLOWER,2,2010-02-10 11:21:00,7.5,14593.0,United Kingdom
574714,22991,GIRAFFE WOODEN RULER,2,2011-11-06 14:29:00,1.95,15427.0,United Kingdom
564660,22748,POPPY'S PLAYHOUSE KITCHEN,6,2011-08-26 14:45:00,2.1,15074.0,United Kingdom
494866,84558A,3D DOG PICTURE PLAYING CARDS,24,2010-01-19 11:20:00,2.95,16253.0,United Kingdom
542397,22966,GINGERBREAD MAN COOKIE CUTTER,24,2011-01-27 15:22:00,1.25,13328.0,United Kingdom
522332,22167,"WALL MIRROR , DIAMANTE OVAL SHAPE",2,2010-09-14 09:36:00,9.95,15600.0,United Kingdom
529988,21733,RED HANGING HEART T-LIGHT HOLDER,6,2010-10-31 15:58:00,2.95,18226.0,United Kingdom
578067,23371,SET 36 COLOUR PENCILS SPACEBOY ,2,2011-11-22 15:43:00,2.46,,United Kingdom
571824,23285,PINK VINTAGE SPOT BEAKER,8,2011-10-19 11:49:00,0.85,12472.0,Germany
490605,20776,ABSTRACT CIRCLES NOTEBOOK,6,2009-12-07 11:20:00,1.65,15115.0,United Kingdom
534446,22158,3 HEARTS HANGING DECORATION RUSTIC,8,2010-11-22 15:38:00,2.95,15602.0,United Kingdom
540478,22386,JUMBO BAG PINK POLKADOT,200,2011-01-07 14:53:00,1.65,15769.0,United Kingdom
580515,22695,WICKER WREATH SMALL,1,2011-12-04 14:09:00,0.59,17750.0,United Kingdom
544654,84876B,GREEN HEART COMPACT MIRROR,48,2011-02-22 12:56:00,1.25,16913.0,United Kingdom
576329,22960,JAM MAKING SET WITH JARS,1,2011-11-14 15:22:00,8.29,,United Kingdom
525458,22738,RIBBON REEL SNOWY VILLAGE,2,2010-10-05 14:45:00,3.36,,United Kingdom
557961,23200,JUMBO BAG PEARS,10,2011-06-24 08:40:00,2.08,18257.0,United Kingdom
562393,23336,EGG FRYING PAN PINK ,6,2011-08-04 16:17:00,2.08,18172.0,United Kingdom
494918,22036,DINOSAUR BIRTHDAY CARD,1,2010-01-19 17:49:00,0.84,,United Kingdom
580367,84347,ROTATING SILVER ANGELS T-LIGHT HLDR,1,2011-12-02 16:39:00,4.96,,United Kingdom
500461,82613B,"METAL SIGN,CUPCAKE SINGLE HOOK",1,2010-03-08 12:35:00,2.51,,United Kingdom
561894,22556,PLASTERS IN TIN CIRCUS PARADE ,1,2011-07-31 15:00:00,1.65,14456.0,United Kingdom
572280,22729,ALARM CLOCK BAKELIKE ORANGE,1,2011-10-23 11:05:00,3.75,16007.0,United Kingdom
517134,84950,ASSORTED COLOUR T-LIGHT HOLDER,24,2010-07-27 10:29:00,0.85,15051.0,United Kingdom
504916,84580,MOUSE TOY WITH PINK T-SHIRT,2,2010-04-19 10:28:00,4.21,,United Kingdom
492783,22065,CHRISTMAS PUDDING TRINKET POT ,1,2009-12-18 17:15:00,3.43,,United Kingdom
553174,23091,ZINC HERB GARDEN CONTAINER,2,2011-05-15 11:04:00,6.25,16206.0,United Kingdom
492782,47568,ENGLISH ROSE DESIGN PEG BAG,1,2009-12-18 17:06:00,4.3,,United Kingdom
576771,23208,LUNCH BAG VINTAGE LEAF DESIGN,10,2011-11-16 13:19:00,1.65,13285.0,United Kingdom
569008,84991,60 TEATIME FAIRY CAKE CASES,24,2011-09-29 18:53:00,0.55,15114.0,United Kingdom
577597,85123A,WHITE HANGING HEART T-LIGHT HOLDER,12,2011-11-21 08:19:00,2.95,16366.0,United Kingdom
573772,22633,HAND WARMER UNION JACK,2,2011-11-01 10:16:00,2.1,17377.0,United Kingdom
552232,21922,UNION STRIPE WITH FRINGE  HAMMOCK,14,2011-05-06 15:54:00,6.62,,United Kingdom
541604,22631,CIRCUS PARADE LUNCH BOX ,1,2011-01-19 17:23:00,1.95,14572.0,United Kingdom
566534,82583,HOT BATHS METAL SIGN,10,2011-09-13 11:32:00,4.96,,United Kingdom
516880,22076,6 RIBBONS EMPIRE  ,1,2010-07-23 13:43:00,1.65,15862.0,United Kingdom
505214,22417,PACK OF 60 SPACEBOY CAKE CASES,24,2010-04-21 10:04:00,0.55,,Hong Kong
552293,22432,WATERING CAN PINK BUNNY,6,2011-05-08 14:05:00,1.95,16232.0,United Kingdom
560259,22628,PICNIC BOXES SET OF 3 RETROSPOT ,4,2011-07-17 13:29:00,4.95,13654.0,United Kingdom
523416,22581,WOOD STOCKING CHRISTMAS SCANDISPOT,12,2010-09-22 09:19:00,0.85,14611.0,United Kingdom
524965,22198,LARGE POPCORN HOLDER ,2,2010-10-01 14:07:00,1.65,17555.0,United Kingdom
533364,72349b,SET/6 PURPLE BUTTERFLY T-LIGHTS,1,2010-11-17 10:12:00,4.21,,United Kingdom
546406,21928,JUMBO BAG SCANDINAVIAN BLUE PAISLEY,2,2011-03-11 16:21:00,4.13,,United Kingdom
560992,22457,NATURAL SLATE HEART CHALKBOARD ,6,2011-07-22 13:31:00,2.95,18161.0,United Kingdom
507206,22399,MAGNETS PACK OF 4 CHILDHOOD MEMORY,12,2010-05-06 16:50:00,1.25,13870.0,United Kingdom
493260,37422,WHITE WITH BLACK CATS BOWL,2,2009-12-22 14:31:00,1.7,,United Kingdom
560207,22662,LUNCH BAG DOLLY GIRL DESIGN,10,2011-07-15 13:57:00,1.65,15301.0,United Kingdom
522966,82494L,WOODEN FRAME ANTIQUE WHITE ,2,2010-09-19 13:01:00,2.95,16007.0,United Kingdom
498222,85036B,CHOCOLATE 1 WICK MORRIS BOX CANDLE,1,2010-02-17 14:01:00,4.25,14584.0,United Kingdom
530902,85152,HAND OVER THE CHOCOLATE   SIGN ,2,2010-11-04 15:13:00,2.1,14099.0,United Kingdom
533462,90210D,PURPLE ACRYLIC FACETED BANGLE,1,2010-11-17 12:15:00,2.95,17349.0,United Kingdom
499232,20941,FROG CANDLE,12,2010-02-25 12:21:00,1.25,13334.0,United Kingdom
530433,22968,ROSE COTTAGE KEEPSAKE BOX ,4,2010-11-03 10:46:00,9.95,12673.0,Germany
518662,84988,SET OF 72 PINK HEART PAPER DOILIES,1,2010-08-10 14:08:00,2.98,,United Kingdom
500506,40018F,CHERRY DESIGN PAPERLANTERNS,2,2010-03-08 13:48:00,1.95,14562.0,United Kingdom
515439,21768,WALL MOUNTED VINTAGE ORGANISER,2,2010-07-12 14:52:00,14.95,,United Kingdom
559052,22610,PENS ASSORTED FUNNY FACE,8,2011-07-05 16:53:00,0.42,,United Kingdom
498497,84997d,PINK 3 PIECE MINI DOTS CUTLERY SET,1,2010-02-19 11:07:00,7.62,,United Kingdom
577016,47566,PARTY BUNTING,4,2011-11-17 12:21:00,4.95,17095.0,United Kingdom
519917,20669,RED HEART LUGGAGE TAG,3,2010-08-22 14:31:00,1.25,15555.0,United Kingdom
512903,22492,MINI PAINT SET VINTAGE ,36,2010-06-18 13:43:00,0.65,16156.0,United Kingdom
503560,84814A,,1,2010-04-01 15:21:00,0.0,,United Kingdom
513942,22379,RECYCLING BAG RETROSPOT ,1,2010-06-29 13:12:00,4.21,,United Kingdom
515013,22501,PICNIC BASKET WICKER LARGE,1,2010-07-07 16:29:00,21.23,,United Kingdom
508251,21472,LADYBIRD + BEE RAFFIA FOOD COVER,6,2010-05-14 10:40:00,3.75,13157.0,United Kingdom
550447,21912,VINTAGE SNAKES & LADDERS,1,2011-04-18 12:36:00,3.75,16033.0,United Kingdom
578344,47504H,ENGLISH ROSE SPIRIT LEVEL ,1,2011-11-24 09:21:00,3.29,,United Kingdom
544055,84879,ASSORTED COLOUR BIRD ORNAMENT,40,2011-02-15 12:48:00,1.69,14035.0,United Kingdom
579274,23112,PARISIENNE CURIO CABINET,2,2011-11-29 10:01:00,7.5,13467.0,United Kingdom
556483,23301,GARDENERS KNEELING PAD KEEP CALM ,1,2011-06-12 13:12:00,1.65,14823.0,United Kingdom
494139,84050,PINK HEART SHAPE EGG FRYING PAN,14,2010-01-11 13:16:00,1.65,15549.0,United Kingdom
493073,22059,CERAMIC STRWBERRY DESIGN MUG,1,2009-12-22 09:41:00,3.43,,United Kingdom
521822,21975,PACK OF 60 DINOSAUR CAKE CASES,24,2010-09-09 10:37:00,0.55,12714.0,France
532051,48194,DOORMAT HEARTS,4,2010-11-10 14:16:00,7.95,14911.0,EIRE
500493,21122,SET/10 PINK SPOTTY PARTY CANDLES,1,2010-03-08 12:52:00,1.25,17289.0,United Kingdom
561873,22569,FELTCRAFT CUSHION BUTTERFLY,24,2011-07-31 11:48:00,3.39,13316.0,United Kingdom
545568,21288,STRIPEY CHOCOLATE NESTING BOXES,3,2011-03-03 16:22:00,3.29,,United Kingdom
580501,84978,HANGING HEART JAR T-LIGHT HOLDER,4,2011-12-04 13:00:00,1.25,14546.0,United Kingdom
531382,21907,I'M ON HOLIDAY METAL SIGN,6,2010-11-07 16:29:00,2.1,16549.0,United Kingdom
514097,21935,SUKI  SHOULDER BAG,1,2010-06-30 12:27:00,3.36,,United Kingdom
576575,22910,PAPER CHAIN KIT VINTAGE CHRISTMAS,6,2011-11-15 13:55:00,2.95,16295.0,United Kingdom
578833,22668,PINK BABY BUNTING,5,2011-11-25 15:23:00,5.79,,United Kingdom
506285,21653,GLASS ETCHED T-LIGHT HOLDER LARGE,1,2010-04-28 16:49:00,2.1,16767.0,United Kingdom
497230,85130B,BEADED CRYSTAL HEART GREEN LARGE,12,2010-02-08 09:22:00,1.65,17504.0,United Kingdom
573585,22181,SNOWSTORM PHOTO FRAME FRIDGE MAGNET,1,2011-10-31 14:41:00,1.63,,United Kingdom
501906,84997B,RED 3 PIECE MINI DOTS CUTLERY SET,2,2010-03-21 16:02:00,3.75,17340.0,United Kingdom
504933,21720,CAKE SHOP  STICKER SHEET,1,2010-04-19 11:13:00,1.66,,United Kingdom
567183,23224,CHERUB HEART DECORATION GOLD,48,2011-09-18 15:32:00,0.83,14769.0,United Kingdom
519490,72008,FROSTED BOX 9 WHITE T-LIGHT CANDLES,12,2010-08-17 13:49:00,0.42,17713.0,United Kingdom
504919,21975,PACK OF 60 DINOSAUR CAKE CASES,2,2010-04-19 10:40:00,1.28,,United Kingdom
536865,22144,CHRISTMAS CRAFT LITTLE FRIENDS,4,2010-12-03 11:28:00,4.21,,United Kingdom
535475,22379,RECYCLING BAG RETROSPOT ,1,2010-11-26 14:09:00,2.1,17817.0,United Kingdom
530140,22497,SET OF 2 TINS VINTAGE BATHROOM ,1,2010-11-01 16:45:00,8.47,,United Kingdom
525031,21745,GAOLERS KEYS DECORATIVE GARDEN ,1,2010-10-03 12:18:00,3.75,13838.0,United Kingdom
576690,21591,COSY HOUR CIGAR BOX MATCHES ,1,2011-11-16 12:19:00,1.25,15900.0,United Kingdom
531359,20898,VINTAGE NOTEBOOK TRAVELOGUE,3,2010-11-07 14:17:00,2.95,13276.0,United Kingdom
526195,22804,CANDLEHOLDER PINK HANGING HEART,6,2010-10-10 12:51:00,2.95,15645.0,United Kingdom
564750,23317,BLUE REFECTORY CLOCK ,2,2011-08-30 09:36:00,9.95,17690.0,United Kingdom
538877,21484,CHICK GREY HOT WATER BOTTLE,2,2010-12-14 15:29:00,8.47,,United Kingdom
557995,11001,ASSTD DESIGN RACING CAR PEN,32,2011-06-24 10:44:00,1.69,17979.0,United Kingdom
562264,23295,SET OF 12 MINI LOAF BAKING CASES,1,2011-08-03 16:14:00,2.46,,United Kingdom
496429,21481,FAWN BLUE HOT WATER BOTTLE,1,2010-02-01 12:18:00,2.95,14527.0,United Kingdom
572662,23314,VINTAGE CHRISTMAS TABLECLOTH,2,2011-10-25 12:54:00,12.5,15443.0,United Kingdom
578977,22153,ANGEL DECORATION STARS ON DRESS,6,2011-11-27 15:18:00,0.42,17231.0,United Kingdom
528581,22636,CHILDS BREAKFAST SET CIRCUS PARADE,4,2010-10-22 13:27:00,8.5,18055.0,United Kingdom
565326,47559B,TEA TIME OVEN GLOVE,1,2011-09-02 13:41:00,1.25,16706.0,United Kingdom
572326,23201,JUMBO BAG ALPHABET,100,2011-10-24 09:55:00,1.79,14607.0,United Kingdom
572911,84879,ASSORTED COLOUR BIRD ORNAMENT,8,2011-10-26 16:03:00,1.69,16345.0,United Kingdom
506992,20886,BOX OF 9 PEBBLE CANDLES,4,2010-05-05 13:50:00,1.95,15023.0,United Kingdom
492782,20933,YELLOW POT PLANT CANDLE,1,2009-12-18 17:06:00,7.78,,United Kingdom
527068,20662,FIRST CLASS HOLIDAY PURSE ,6,2010-10-14 14:08:00,2.95,16991.0,United Kingdom
561773,20719,WOODLAND CHARLOTTE BAG,1,2011-07-29 12:41:00,0.85,17841.0,United Kingdom
530140,21232,STRAWBERRY CERAMIC TRINKET BOX,3,2010-11-01 16:45:00,2.51,,United Kingdom
538035,21181,PLEASE ONE PERSON METAL SIGN,4,2010-12-09 13:03:00,2.1,16065.0,United Kingdom
547253,22149,FELTCRAFT 6 FLOWER FRIENDS,3,2011-03-22 10:44:00,2.1,13869.0,United Kingdom
560875,48138,DOORMAT UNION FLAG,4,2011-07-21 15:12:00,7.95,13562.0,United Kingdom
570268,23343,JUMBO BAG VINTAGE CHRISTMAS ,20,2011-10-10 10:16:00,2.08,13098.0,United Kingdom
517625,21592,RETRO SPOT  CIGAR BOX MATCHES ,4,2010-07-30 11:59:00,1.25,16391.0,United Kingdom
523696,22582,PACK OF 6 SWEETIE GIFT BOXES,1,2010-09-23 14:47:00,5.06,,United Kingdom
534366,22139,RETROSPOT TEA SET CERAMIC 11 PC ,12,2010-11-22 11:59:00,4.95,16043.0,United Kingdom
497912,22224,WHITE LOVEBIRD LANTERN,3,2010-02-14 14:35:00,2.95,12867.0,United Kingdom
517336,21889,WOODEN BOX OF DOMINOES,24,2010-07-28 13:36:00,1.25,13590.0,United Kingdom
541424,85099F,JUMBO BAG STRAWBERRY,1,2011-01-17 17:57:00,4.13,,United Kingdom
570656,21106,CREAM SLICE FLANNEL CHOCOLATE SPOT ,24,2011-10-11 14:10:00,2.55,16120.0,United Kingdom
510777,37495,FAIRY CAKE BIRTHDAY CANDLE SET,1,2010-06-03 14:57:00,3.75,13031.0,United Kingdom
550169,22381,TOY TIDY PINK POLKADOT,5,2011-04-14 16:41:00,2.1,14482.0,United Kingdom
574074,23328,SET 6 SCHOOL MILK BOTTLES IN CRATE,1,2011-11-02 15:33:00,7.46,,United Kingdom
504903,47599B,BLUE PARTY BAGS ,1,2010-04-18 15:48:00,2.1,16549.0,United Kingdom
541424,22171,3 HOOK PHOTO SHELF ANTIQUE WHITE,1,2011-01-17 17:57:00,16.63,,United Kingdom
494011,84270,ASSTD DESIGN BUBBLE GUM RING,7,2010-01-11 09:30:00,0.43,,United Kingdom
500130,22411,JUMBO SHOPPER VINTAGE RED PAISLEY,10,2010-03-04 14:53:00,1.95,17159.0,United Kingdom
522984,22082,RIBBON REEL STRIPES DESIGN ,2,2010-09-19 14:11:00,1.65,17027.0,United Kingdom
531258,22222,CAKE PLATE LOVEBIRD WHITE,1,2010-11-07 11:27:00,4.95,16115.0,United Kingdom
512289,84251G,"GREETING CARD, OVERCROWDED POOL.",1,2010-06-14 14:49:00,0.85,,United Kingdom
502104,21034,REX CASH+CARRY JUMBO SHOPPER,1,2010-03-23 09:57:00,0.95,15984.0,United Kingdom
538011,21164,HOME SWEET HOME METAL SIGN ,2,2010-12-09 12:24:00,2.95,14896.0,United Kingdom
528263,20894,HANGING BAUBLE T-LIGHT HOLDER LARGE,1,2010-10-21 11:52:00,2.95,16412.0,United Kingdom
579508,21213,PACK OF 72 SKULL CAKE CASES,1,2011-11-29 16:33:00,1.25,,United Kingdom
575875,10135,COLOURING PENCILS BROWN TUBE,2,2011-11-11 13:06:00,2.46,,United Kingdom
542431,22795,SWEETHEART RECIPE BOOK STAND,4,2011-01-28 10:28:00,6.75,12853.0,United Kingdom
499069,21175,GIN + TONIC DIET METAL SIGN,2,2010-02-24 15:02:00,2.1,13944.0,United Kingdom
559898,22831,WHITE BROCANTE SOAP DISH,2,2011-07-13 12:18:00,2.95,16225.0,United Kingdom
541999,90175B,PINK GLASS CHUNKY CHARM BRACELET,1,2011-01-25 10:45:00,9.15,,United Kingdom
520878,22759,SET OF 3 NOTEBOOKS IN PARCEL,1,2010-08-31 15:36:00,3.36,,United Kingdom
541292,22199,FRYING PAN RED RETROSPOT,4,2011-01-17 13:30:00,4.25,15596.0,United Kingdom
534859,84509A,SET OF 4 ENGLISH ROSE PLACEMATS,1,2010-11-24 13:56:00,7.62,,United Kingdom
564840,21641,ASSORTED TUTTI FRUTTI KEYRING BALL,2,2011-08-30 12:49:00,1.63,,United Kingdom
534761,21586,KINGS CHOICE GIANT TUBE MATCHES,48,2010-11-24 10:10:00,2.1,17377.0,United Kingdom
509631,72351A,SET/6 TURQUOISE BUTTERFLY T-LIGHTS,12,2010-05-25 10:14:00,2.1,15182.0,United Kingdom
541504,21928,JUMBO BAG SCANDINAVIAN PAISLEY,3,2011-01-18 15:37:00,1.95,14415.0,United Kingdom
497590,21000,ROSE DU SUD COSMETICS BAG,1,2010-02-10 17:59:00,8.47,,United Kingdom
572703,22144,CHRISTMAS CRAFT LITTLE FRIENDS,6,2011-10-25 14:35:00,2.1,16110.0,United Kingdom
491969,37423,WHITE WITH BLACK CATS PLATE,1,2009-12-14 17:57:00,1.7,,United Kingdom
514497,21452,TOADSTOOL MONEY BOX,2,2010-07-04 10:36:00,2.95,16782.0,United Kingdom
557886,22208,WOOD STAMP SET THANK YOU,4,2011-06-23 13:39:00,0.83,17799.0,United Kingdom
549694,22925,BLUE GIANT GARDEN THERMOMETER,1,2011-04-11 13:45:00,5.95,15414.0,United Kingdom
495706,84880,WHITE WIRE EGG HOLDER,1,2010-01-26 13:04:00,5.95,15003.0,United Kingdom
534859,22543,MINI JIGSAW BAKE A CAKE ,1,2010-11-24 13:56:00,0.85,,United Kingdom
548714,22745,POPPY'S PLAYHOUSE BEDROOM ,1,2011-04-03 15:07:00,2.1,17337.0,United Kingdom
530092,21733,RED HANGING HEART T-LIGHT HOLDER,6,2010-11-01 13:46:00,2.95,15253.0,United Kingdom
558475,22629,SPACEBOY LUNCH BOX ,1,2011-06-29 15:58:00,4.13,,United Kingdom
555382,23300,GARDENERS KNEELING PAD CUP OF TEA ,96,2011-06-02 14:46:00,1.45,17133.0,United Kingdom
539014,22338,STAR DECORATION PAINTED ZINC ,10,2010-12-15 13:37:00,0.65,17692.0,United Kingdom
567128,21078,SET/20 STRAWBERRY PAPER NAPKINS ,6,2011-09-16 14:04:00,0.85,18055.0,United Kingdom
489599,84879,ASSORTED COLOUR BIRD ORNAMENT,48,2009-12-01 14:40:00,1.69,12758.0,Portugal
527093,22112,CHOCOLATE HOT WATER BOTTLE,1,2010-10-14 16:14:00,4.95,17823.0,United Kingdom
549845,47503A,ASS FLORAL PRINT MULTI SCREWDRIVER,12,2011-04-12 14:22:00,1.25,16729.0,United Kingdom
522384,22435,SET OF 9 HEART SHAPED BALLOONS,1,2010-09-14 11:08:00,1.25,15673.0,United Kingdom
575088,22413,METAL SIGN TAKE IT OR LEAVE IT ,6,2011-11-08 14:00:00,2.95,13272.0,United Kingdom
509214,22502,mailout,100,2010-05-21 10:22:00,0.0,,United Kingdom
C534787,47567B,TEA TIME KITCHEN APRON,-1,2010-11-24 11:21:00,5.95,14606.0,United Kingdom
513117,20718,RED SPOTTY SHOPPER BAG,10,2010-06-22 09:37:00,1.25,14211.0,United Kingdom
540533,21034,REX CASH+CARRY JUMBO SHOPPER,4,2011-01-09 14:12:00,0.95,15005.0,United Kingdom
519791,22698,PINK REGENCY TEACUP AND SAUCER,6,2010-08-20 12:18:00,2.95,13649.0,United Kingdom
545349,20727,LUNCH BAG  BLACK SKULL.,1,2011-03-02 11:07:00,1.65,18118.0,United Kingdom
568590,22469,HEART OF WICKER SMALL,12,2011-09-28 10:29:00,1.65,13126.0,United Kingdom
565841,22350,ILLUSTRATED CAT BOWL ,2,2011-09-07 12:04:00,4.96,,United Kingdom
539240,21620,SET OF 4 ROSE BOTANICAL CANDLES,12,2010-12-16 13:15:00,1.25,15194.0,United Kingdom
579196,23144,ZINC T-LIGHT HOLDER STARS SMALL,10,2011-11-28 15:54:00,1.63,14096.0,United Kingdom
509041,21903,MAN FLU METAL SIGN,12,2010-05-20 10:04:00,2.1,14334.0,United Kingdom
544292,20719,WOODLAND CHARLOTTE BAG,10,2011-02-17 12:33:00,0.85,16745.0,United Kingdom
558571,21915,RED  HARMONICA IN BOX ,12,2011-06-30 14:46:00,1.25,17017.0,United Kingdom
546378,22241,GARLAND WOODEN HAPPY EASTER,12,2011-03-11 12:17:00,1.25,14329.0,United Kingdom
537648,22661,CHARLOTTE BAG DOLLY GIRL DESIGN,10,2010-12-07 15:48:00,0.85,12839.0,United Kingdom
498133,20730,STRAWBERRY CANDY BAG,4,2010-02-16 17:24:00,0.85,,United Kingdom
522801,15060B,FAIRY CAKE DESIGN UMBRELLA,4,2010-09-16 15:46:00,3.75,13573.0,United Kingdom
500146,22236,CAKE STAND 3 TIER MAGIC GARDEN,1,2010-03-04 17:10:00,12.75,15030.0,United Kingdom
543020,22629,SPACEBOY LUNCH BOX ,2,2011-02-02 14:29:00,1.95,15005.0,United Kingdom
529093,84378,SET OF 3 HEART COOKIE CUTTERS,12,2010-10-26 13:39:00,1.25,14911.0,EIRE
570238,23510,MINI PLAYING CARDS GYMKHANA,1,2011-10-09 15:01:00,0.42,16332.0,United Kingdom
529936,22693,GROW A FLYTRAP OR SUNFLOWER IN TIN,24,2010-10-31 14:42:00,1.25,17085.0,United Kingdom
575477,22766,PHOTO FRAME CORNICE,1,2011-11-09 16:14:00,5.79,,United Kingdom
559660,75049L,LARGE CIRCULAR MIRROR MOBILE,96,2011-07-11 13:19:00,0.85,16701.0,United Kingdom
524524,21317,GLASS SPHERE CANDLE STAND MEDIUM,4,2010-09-29 13:14:00,5.45,14514.0,United Kingdom
580876,23417,BATHROOM HOOK,1,2011-12-06 12:12:00,0.39,14071.0,United Kingdom
575177,22805,BLUE DRAWER KNOB ACRYLIC EDWARDIAN,4,2011-11-08 18:41:00,2.46,,United Kingdom
514462,21356,TOAST ITS - FAIRY FLOWER,4,2010-07-02 12:43:00,1.25,14963.0,United Kingdom
517549,72128,COLUMBIAN CANDLE ROUND,1,2010-07-29 17:30:00,0.85,16782.0,United Kingdom
547555,22264,FELT FARM ANIMAL WHITE BUNNY ,24,2011-03-23 16:35:00,0.85,14075.0,United Kingdom
579792,22752,SET 7 BABUSHKA NESTING BOXES,8,2011-11-30 15:43:00,8.5,12714.0,France
571696,84949,SILVER HANGING T-LIGHT HOLDER,6,2011-10-18 14:47:00,1.65,15604.0,United Kingdom
523097,21588,RETRO SPOT GIANT  TUBE MATCHES,12,2010-09-20 12:21:00,2.55,17055.0,United Kingdom
529842,21159,MOODY BOY  DOOR HANGER ,1,2010-10-31 12:52:00,1.45,15038.0,United Kingdom
C513587,79323LP,LIGHT PINK CHERRY LIGHTS,-30,2010-06-27 10:41:00,5.45,14970.0,United Kingdom
561206,21742,LARGE ROUND WICKER PLATTER ,1,2011-07-25 16:18:00,5.95,13110.0,United Kingdom
559327,23322,LARGE WHITE HEART OF WICKER,6,2011-07-07 15:21:00,2.95,13681.0,United Kingdom
536551,22835,HOT WATER BOTTLE I AM SO POORLY,2,2010-12-01 14:34:00,4.65,17346.0,United Kingdom
562933,22815,CARD PSYCHEDELIC APPLES,1,2011-08-10 16:51:00,0.83,,United Kingdom
572553,23328,SET 6 SCHOOL MILK BOTTLES IN CRATE,1,2011-10-24 17:09:00,7.46,,United Kingdom
512066,21673,WHITE SPOT BLUE CERAMIC DRAWER KNOB,12,2010-06-13 11:20:00,1.25,13750.0,United Kingdom
491702,C2,CARRIAGE,1,2009-12-13 13:53:00,50.0,,EIRE
541481,22180,RETROSPOT LAMP,2,2011-01-18 12:09:00,9.95,14696.0,United Kingdom
526214,22694,WICKER STAR ,6,2010-10-10 14:17:00,2.1,12749.0,United Kingdom
528629,22571,ROCKING HORSE RED CHRISTMAS ,24,2010-10-24 11:18:00,0.85,13654.0,United Kingdom
577408,23355,HOT WATER BOTTLE KEEP CALM,2,2011-11-20 10:51:00,4.95,14805.0,United Kingdom
567709,20983,12 PENCILS TALL TUBE RED RETROSPOT,12,2011-09-22 09:53:00,0.85,15239.0,United Kingdom
508750,21535,RED RETROSPOT SMALL MILK JUG,6,2010-05-18 11:48:00,2.55,13018.0,United Kingdom
559052,35911A,MULTICOLOUR RABBIT EGG WARMER,3,2011-07-05 16:53:00,0.83,,United Kingdom
527244,22356,CHARLOTTE BAG PINK POLKADOT,4,2010-10-15 12:11:00,0.85,15957.0,United Kingdom
578678,22994,TRAVEL CARD WALLET RETROSPOT,2,2011-11-24 19:59:00,0.42,17841.0,United Kingdom
531690,22644,CERAMIC CHERRY CAKE MONEY BANK,5,2010-11-09 11:49:00,4.21,,United Kingdom
561113,22652,TRAVEL SEWING KIT,10,2011-07-25 12:09:00,1.65,17841.0,United Kingdom
555851,22277,COSMETIC BAG VINTAGE ROSE PAISLEY,2,2011-06-07 13:37:00,2.1,13050.0,United Kingdom
545591,85099F,JUMBO BAG STRAWBERRY,20,2011-03-04 10:28:00,1.95,17581.0,United Kingdom
541219,22098,BOUDOIR SQUARE TISSUE BOX,1,2011-01-14 14:06:00,2.46,,United Kingdom
510191,21625,VINTAGE UNION JACK APRON,4,2010-05-27 17:56:00,6.95,16451.0,United Kingdom
520685,21849,SILVER DIAMANTE PEN IN GIFT BOX,4,2010-08-27 15:49:00,4.21,,United Kingdom
539434,82483,WOOD 2 DRAWER CABINET WHITE FINISH,1,2010-12-17 14:41:00,12.72,,United Kingdom
533737,22739,RIBBON REEL CHRISTMAS SOCK BAUBLE,1,2010-11-18 13:55:00,3.36,,United Kingdom
569688,21328,BALLOONS  WRITING SET ,1,2011-10-05 14:55:00,1.65,15048.0,United Kingdom
572653,23228,FILIGREE HEART BIRD WHITE ,4,2011-10-25 12:12:00,1.25,15861.0,United Kingdom
532819,21232,STRAWBERRY CERAMIC TRINKET BOX,4,2010-11-14 16:19:00,1.25,13230.0,United Kingdom
576688,22139,RETROSPOT TEA SET CERAMIC 11 PC ,3,2011-11-16 12:16:00,4.95,16717.0,United Kingdom
581219,22814,CARD PARTY GAMES ,10,2011-12-08 09:28:00,0.42,,United Kingdom
562725,22335,HEART DECORATION PAINTED ZINC ,24,2011-08-09 09:04:00,0.65,17302.0,United Kingdom
529082,22328,ROUND SNACK BOXES SET OF 4 FRUITS ,1,2010-10-26 13:11:00,2.95,14546.0,United Kingdom
530830,21212,PACK OF 72 RETROSPOT CAKE CASES,2,2010-11-04 13:32:00,0.55,15580.0,United Kingdom
537823,22743,MAKE YOUR OWN FLOWERPOWER CARD KIT,1,2010-12-08 14:25:00,5.91,,United Kingdom
511125,21792,CLASSIC FRENCH STYLE BASKET GREEN ,1,2010-06-07 10:59:00,6.75,15958.0,United Kingdom
500462,21557,SET OF 6 FUNKY BEAKERS,1,2010-03-08 12:40:00,5.91,,United Kingdom
526916,22900, SET 2 TEA TOWELS I LOVE LONDON ,1,2010-10-13 16:20:00,5.91,,United Kingdom
553219,22427,ENAMEL FLOWER JUG CREAM,3,2011-05-16 09:57:00,5.95,13769.0,United Kingdom
521518,20723,STRAWBERRY CHARLOTTE BAG,10,2010-09-06 14:37:00,0.85,13032.0,United Kingdom
550621,85123A,WHITE HANGING HEART T-LIGHT HOLDER,2,2011-04-19 13:41:00,2.95,13263.0,United Kingdom
515423,22055,MINI CAKE STAND  HANGING STRAWBERY,1,2010-07-12 13:26:00,1.65,17143.0,United Kingdom
562934,84912A,PINK ROSE WASHBAG,1,2011-08-10 16:56:00,3.29,,United Kingdom
576592,21991,BOHEMIAN COLLAGE STATIONERY SET,1,2011-11-15 14:47:00,1.25,13614.0,United Kingdom
C502078,72741,GRAND CHOCOLATECANDLE,-3,2010-03-22 15:45:00,1.25,17448.0,United Kingdom
510637,22502,PICNIC BASKET WICKER SMALL,4,2010-06-02 11:54:00,8.47,,United Kingdom
535427,22551,PLASTERS IN TIN SPACEBOY,3,2010-11-26 12:05:00,1.65,15872.0,United Kingdom
499965,21564,PINK  HEART SHAPE LOVE BUCKET ,1,2010-03-03 13:57:00,2.95,16461.0,United Kingdom
538514,48173C,DOORMAT BLACK FLOCK ,1,2010-12-12 14:27:00,7.95,15044.0,United Kingdom
562143,21210,SET OF 72 RETROSPOT PAPER  DOILIES,96,2011-08-03 10:41:00,1.25,16422.0,United Kingdom
516450,21983,PACK OF 12 BLUE PAISLEY TISSUES ,2,2010-07-20 13:04:00,0.29,17091.0,United Kingdom
560928,82494L,WOODEN FRAME ANTIQUE WHITE ,6,2011-07-22 10:00:00,2.95,14852.0,United Kingdom
560090,22209,WOOD STAMP SET HAPPY BIRTHDAY,1,2011-07-14 16:46:00,0.83,,United Kingdom
560026,21668,RED STRIPE CERAMIC DRAWER KNOB,12,2011-07-14 13:11:00,1.25,16928.0,United Kingdom
532139,21224,SET/4 SKULL BADGES,1,2010-11-11 11:18:00,2.51,,United Kingdom
546753,85040B,SET/4 BLUE FLOWER CANDLES IN BOWL,2,2011-03-16 13:00:00,1.65,16383.0,United Kingdom
577008,22457,NATURAL SLATE HEART CHALKBOARD ,3,2011-11-17 12:02:00,2.95,16869.0,United Kingdom
558777,22427,ENAMEL FLOWER JUG CREAM,8,2011-07-04 10:23:00,11.63,,United Kingdom
489830,90190A,SILVER/CRYSTAL DROP EARRINGS W LEAF,1,2009-12-02 13:57:00,2.95,13623.0,United Kingdom
566581,82578,KITCHEN METAL SIGN,5,2011-09-13 13:47:00,0.55,16081.0,United Kingdom
572565,22382,LUNCH BAG SPACEBOY DESIGN ,10,2011-10-25 10:17:00,1.65,16762.0,United Kingdom
519386,47566,PARTY BUNTING,3,2010-08-16 14:19:00,8.47,,United Kingdom
493395,22349,"DOG BOWL , CHASING BALL DESIGN",8,2009-12-23 13:41:00,3.75,12539.0,Spain
513190,21612,SET 12 WILDFLOWER BOTANICAL T-LIGHT,2,2010-06-22 14:21:00,2.95,16894.0,United Kingdom
578510,21883,STARS GIFT TAPE ,3,2011-11-24 13:25:00,0.65,14056.0,United Kingdom
534201,20871,OPULENT VELVET SET/3 CANDLES,12,2010-11-21 15:24:00,1.25,13550.0,United Kingdom
575070,23264,SET OF 3 WOODEN SLEIGH DECORATIONS,1,2011-11-08 12:58:00,1.25,17841.0,United Kingdom
525071,21212,PACK OF 72 RETROSPOT CAKE CASES,24,2010-10-03 14:50:00,0.55,12583.0,France
510993,21135,VICTORIAN  METAL POSTCARD SPRING,8,2010-06-04 13:47:00,1.69,18206.0,United Kingdom
501789,21218,RED SPOTTY BISCUIT TIN,2,2010-03-19 13:01:00,3.75,15768.0,United Kingdom
544657,22831,WHITE BROCANTE SOAP DISH,6,2011-02-22 13:08:00,2.95,14895.0,United Kingdom
572550,22759,SET OF 3 NOTEBOOKS IN PARCEL,1,2011-10-24 17:06:00,3.29,,United Kingdom
559055,22026,BANQUET BIRTHDAY  CARD  ,1,2011-07-05 17:09:00,0.83,,United Kingdom
500287,21207,SKULL AND CROSSBONES  GARLAND ,12,2010-03-05 15:21:00,1.65,14852.0,United Kingdom
517986,47597,NEW ENGLAND TEATOWELS,3,2010-08-03 15:17:00,1.66,,United Kingdom
579167,22228,BUNNY WOODEN PAINTED WITH BIRD ,3,2011-11-28 14:06:00,0.39,16800.0,United Kingdom
537817,22449,SILK PURSE BABUSHKA PINK,6,2010-12-08 13:53:00,3.35,18269.0,United Kingdom
569545,21147,JINGLE BELLS TREE DECORATION,1,2011-10-04 16:37:00,1.63,,United Kingdom
522288,22757,LARGE RED BABUSHKA NOTEBOOK ,12,2010-09-13 13:47:00,1.25,13129.0,United Kingdom
555923,22173,METAL 4 HOOK HANGER FRENCH CHATEAU,1,2011-06-07 17:09:00,5.79,,United Kingdom
523410,82494L,WOODEN FRAME ANTIQUE WHITE ,6,2010-09-22 08:44:00,2.55,17850.0,United Kingdom
558740,23322,LARGE WHITE HEART OF WICKER,2,2011-07-01 15:39:00,2.95,16775.0,United Kingdom
526938,22178,VICTORIAN GLASS HANGING T-LIGHT,96,2010-10-14 10:10:00,1.06,17409.0,United Kingdom
524534,22557,PLASTERS IN TIN VINTAGE PAISLEY ,24,2010-09-29 13:35:00,1.65,14510.0,United Kingdom
540681,21201,TROPICAL  HONEYCOMB PAPER GARLAND ,3,2011-01-10 16:25:00,5.06,,United Kingdom
491155,20619,TROPICAL PASSPORT COVER ,1,2009-12-10 09:49:00,4.3,,United Kingdom
540260,85014B,RED RETROSPOT UMBRELLA,6,2011-01-06 09:40:00,5.95,13097.0,United Kingdom
553013,16258A,SWIRLY CIRCULAR RUBBERS IN BAG,1,2011-05-12 18:19:00,0.83,,United Kingdom
565210,22994,TRAVEL CARD WALLET RETROSPOT,24,2011-09-01 17:09:00,0.42,17750.0,United Kingdom
494471,85231L,LAVENDER SCENTED SET/9 T-LIGHTS,2,2010-01-14 14:48:00,0.85,13680.0,United Kingdom
509373,22090,PAPER BUNTING RETRO SPOTS,1,2010-05-21 14:24:00,2.95,15861.0,United Kingdom
579471,23167,SMALL CERAMIC TOP STORAGE JAR ,1,2011-11-29 15:08:00,1.63,,United Kingdom
501664,20728,LUNCH BAG CARS BLUE,10,2010-03-18 14:12:00,1.65,16303.0,United Kingdom
556080,23204,CHARLOTTE BAG APPLES DESIGN,17,2011-06-08 15:21:00,2.46,,United Kingdom
519249,22169,FAMILY ALBUM WHITE PICTURE FRAME,2,2010-08-15 15:01:00,8.5,,EIRE
528763,21429,RED GINGHAM ROSE JEWELLERY BOX,8,2010-10-24 15:57:00,1.65,12926.0,United Kingdom
543660,20685,DOORMAT RED RETROSPOT,1,2011-02-11 10:40:00,14.13,,United Kingdom
576057,22418,10 COLOUR SPACEBOY PEN,12,2011-11-13 15:05:00,0.85,15861.0,United Kingdom
565388,85099B,JUMBO BAG RED RETROSPOT,5,2011-09-02 15:56:00,2.08,14415.0,United Kingdom
527870,16161U,WRAP SUKI AND FRIENDS,400,2010-10-19 11:36:00,0.34,16684.0,United Kingdom
533338,20718,RED RETROSPOT SHOPPER BAG,1,2010-11-16 18:18:00,2.51,,United Kingdom
578289,21977,PACK OF 60 PINK PAISLEY CAKE CASES,1,2011-11-23 14:07:00,0.55,17841.0,United Kingdom
570827,23241,TREASURE TIN GYMKHANA DESIGN,1,2011-10-12 13:14:00,2.08,15831.0,United Kingdom
580403,84356,POMPOM CURTAIN,5,2011-12-04 11:56:00,1.95,17858.0,United Kingdom
543800,22620,4 TRADITIONAL SPINNING TOPS,16,2011-02-13 11:36:00,1.25,17282.0,United Kingdom
542735,10002,INFLATABLE POLITICAL GLOBE ,12,2011-01-31 15:36:00,0.85,12681.0,France
521557,22585,PACK OF 6 BIRDY GIFT TAGS,12,2010-09-06 17:13:00,1.25,13983.0,United Kingdom
C543818,22423,REGENCY CAKESTAND 3 TIER,-2,2011-02-13 15:45:00,12.75,16897.0,United Kingdom
554270,22292,HANGING CHICK  YELLOW DECORATION,24,2011-05-23 13:05:00,1.45,15046.0,United Kingdom
534786,47570B,TEA TIME TABLE CLOTH,1,2010-11-24 11:21:00,10.65,15854.0,United Kingdom
575007,23473,WOODLAND SMALL RED FELT HEART,12,2011-11-08 11:20:00,0.83,14140.0,United Kingdom
496057,84327A,PINK JUMPER LARRY THE LAMB,6,2010-01-28 15:04:00,2.1,16137.0,United Kingdom
546542,22722,SET OF 6 SPICE TINS PANTRY DESIGN,2,2011-03-14 15:13:00,3.95,13263.0,United Kingdom
538035,22956,36 FOIL HEART CAKE CASES,2,2010-12-09 13:03:00,2.1,16065.0,United Kingdom
533737,21914,BLUE HARMONICA IN BOX ,3,2010-11-18 13:55:00,2.51,,United Kingdom
556779,22088,PAPER BUNTING COLOURED LACE,2,2011-06-14 12:45:00,2.95,16774.0,United Kingdom
503342,22177,5 HOOK BLACKBOARD ORGANISER ,1,2010-03-31 13:09:00,9.95,16845.0,United Kingdom
497590,37370,RETRO COFFEE MUGS ASSORTED,1,2010-02-10 17:59:00,16.13,,United Kingdom
521989,22446,PIN CUSHION BABUSHKA PINK,6,2010-09-10 10:47:00,3.35,12921.0,United Kingdom
501442,21982,PACK OF 12 SUKI TISSUES ,12,2010-03-16 13:47:00,0.29,12835.0,United Kingdom
496631,85123A,WHITE HANGING HEART T-LIGHT HOLDER,6,2010-02-03 10:39:00,2.95,14146.0,United Kingdom
562688,85034A,3 GARDENIA MORRIS BOXED CANDLES,4,2011-08-08 13:53:00,4.25,13869.0,United Kingdom
568645,23390,DOLLY GIRL MINI BACKPACK,4,2011-09-28 11:38:00,4.15,12656.0,France
518579,90175A,WHITE GLASS CHUNKY CHARM BRACELET,1,2010-08-10 12:08:00,9.34,,United Kingdom
553185,21385,IVORY HANGING DECORATION  HEART,24,2011-05-15 12:35:00,0.85,17504.0,United Kingdom
568346,23201,JUMBO BAG ALPHABET,1,2011-09-26 15:28:00,4.13,14096.0,United Kingdom
556114,15044D,RED PAPER PARASOL,12,2011-06-09 09:36:00,2.95,12569.0,Germany
543736,22784,LANTERN CREAM GAZEBO ,6,2011-02-11 12:36:00,4.95,15044.0,United Kingdom
537892,21791,VINTAGE HEADS AND TAILS CARD GAME ,12,2010-12-09 10:13:00,1.25,12481.0,Germany
493720,21175,GIN + TONIC DIET METAL SIGN,48,2010-01-06 10:20:00,1.85,17675.0,United Kingdom
575668,21890,S/6 WOODEN SKITTLES IN COTTON BAG,1,2011-11-10 14:59:00,3.25,18283.0,United Kingdom
493446,21447,12 IVORY ROSE PEG PLACE SETTINGS,2,2010-01-04 14:00:00,1.25,17807.0,United Kingdom
522466,20724,RED SPOTTY CHARLOTTE BAG,10,2010-09-15 09:38:00,0.85,16748.0,United Kingdom
565202,23168,CLASSIC CAFE SUGAR DISPENSER,2,2011-09-01 16:44:00,1.25,14482.0,United Kingdom
555516,23203,JUMBO BAG DOILEY PATTERNS,10,2011-06-05 10:50:00,2.08,17706.0,United Kingdom
497894,22241,GARLAND WOODEN HAPPY EASTER,4,2010-02-14 12:36:00,1.25,15425.0,United Kingdom
569231,22337,ANGEL DECORATION PAINTED ZINC ,6,2011-10-02 15:18:00,0.65,13379.0,United Kingdom
514974,84510B,SET OF 4 FAIRY CAKES COASTERS ,2,2010-07-07 12:45:00,1.25,14467.0,United Kingdom
562263,47504K,ENGLISH ROSE GARDEN SECATEURS,3,2011-08-03 15:45:00,0.79,17514.0,United Kingdom
548373,22477,WATERING CAN GARDEN MARKER,1,2011-03-30 16:34:00,2.46,,United Kingdom
531971,22841,ROUND CAKE TIN VINTAGE GREEN,4,2010-11-10 12:24:00,7.95,13464.0,United Kingdom
567140,23174,REGENCY SUGAR BOWL GREEN,4,2011-09-16 14:47:00,4.15,15410.0,United Kingdom
505013,15036,ASSORTED COLOURS SILK FAN,12,2010-04-19 13:29:00,0.75,13115.0,United Kingdom
519012,21430,SET/3 RED GINGHAM ROSE STORAGE BOX,4,2010-08-13 08:54:00,3.75,16592.0,United Kingdom
493074,22245,"HOOK, 1 HANGER ,MAGIC GARDEN",1,2009-12-22 09:45:00,1.7,,United Kingdom
581179,23295,SET OF 12 MINI LOAF BAKING CASES,32,2011-12-07 15:43:00,0.83,12471.0,Germany
556484,20712,JUMBO BAG WOODLAND ANIMALS,2,2011-06-12 13:17:00,2.08,16938.0,United Kingdom
554280,22386,JUMBO BAG PINK POLKADOT,10,2011-05-23 13:35:00,2.08,14817.0,United Kingdom
578746,22631,CIRCUS PARADE LUNCH BOX ,2,2011-11-25 11:36:00,4.96,,United Kingdom
559056,21175,GIN + TONIC DIET METAL SIGN,12,2011-07-06 09:15:00,2.55,14645.0,United Kingdom
542797,20674,GREEN POLKADOT BOWL,3,2011-02-01 11:08:00,1.25,17884.0,United Kingdom
563193,20685,DOORMAT RED RETROSPOT,1,2011-08-12 16:30:00,15.79,,United Kingdom
557070,22170,PICTURE FRAME WOOD TRIPLE PORTRAIT,4,2011-06-16 15:28:00,6.75,14755.0,United Kingdom
576889,21866,UNION JACK FLAG LUGGAGE TAG,2,2011-11-16 17:24:00,1.25,12748.0,United Kingdom
490686,82482,WOODEN PICTURE FRAME WHITE FINISH,12,2009-12-07 13:49:00,2.55,14512.0,United Kingdom
530980,22867,HAND WARMER BIRD DESIGN,12,2010-11-05 10:52:00,2.1,17677.0,United Kingdom
578113,84991,60 TEATIME FAIRY CAKE CASES,24,2011-11-23 09:35:00,0.55,14560.0,United Kingdom
511322,21932,SCANDINAVIAN PAISLEY PICNIC BAG,2,2010-06-07 17:15:00,2.95,13975.0,United Kingdom
512893,21755,LOVE BUILDING BLOCK WORD,18,2010-06-18 12:31:00,5.45,13225.0,United Kingdom
507148,22612,TEA COSY VINTAGE UNION JACK,4,2010-05-06 12:54:00,3.75,12388.0,Australia
530612,22984,"CARD, GINGHAM ROSE ",12,2010-11-03 15:45:00,0.42,16712.0,United Kingdom
510786,22169,FAMILY ALBUM WHITE PICTURE FRAME,2,2010-06-03 15:50:00,8.5,14492.0,United Kingdom
519622,20972,PINK CREAM FELT CRAFT TRINKET BOX ,12,2010-08-19 09:43:00,1.25,12949.0,United Kingdom
549257,20749,ASSORTED COLOUR MINI CASES,1,2011-04-07 12:29:00,7.95,14465.0,United Kingdom
514865,22587,"FELTCRAFT HAIRBAND, S/2, RED/BLUE",12,2010-07-07 09:41:00,0.85,15137.0,United Kingdom
504920,22443,GROW YOUR OWN HERBS SET OF 3,40,2010-04-19 10:43:00,6.75,17474.0,United Kingdom
563184,20726,LUNCH BAG WOODLAND,2,2011-08-12 14:50:00,1.65,17516.0,United Kingdom
528126,22663,JUMBO BAG DOLLY GIRL DESIGN,2,2010-10-20 14:42:00,1.95,16797.0,United Kingdom
560807,22910,PAPER CHAIN KIT VINTAGE CHRISTMAS,6,2011-07-21 10:44:00,2.95,18143.0,United Kingdom
579297,22549,PICTURE DOMINOES,1,2011-11-29 11:23:00,2.46,,United Kingdom
495710,21534,DAIRY MAID LARGE MILK JUG,6,2010-01-26 13:35:00,4.95,13459.0,United Kingdom
519386,22088,PAPER BUNTING COLOURED LACE,1,2010-08-16 14:19:00,5.91,,United Kingdom
570669,22865,HAND WARMER OWL DESIGN,12,2011-10-11 14:37:00,2.1,15955.0,United Kingdom
502746,84218,BOX/12 CHICK & EGG IN BASKET,1,2010-03-26 12:53:00,4.21,,United Kingdom
576927,23256,CHILDRENS CUTLERY SPACEBOY ,4,2011-11-17 11:02:00,4.15,12567.0,France
509456,85014B,RED/WHITE DOTS RUFFLED UMBRELLA,3,2010-05-24 10:30:00,5.95,13047.0,United Kingdom
520694,21843,RED RETROSPOT CAKE STAND,2,2010-08-29 10:38:00,10.95,15784.0,United Kingdom
559058,21108,FAIRY CAKE FLANNEL ASSORTED COLOUR,18,2011-07-06 09:49:00,2.55,12407.0,Belgium
541695,22182,CAKE STAND VICTORIAN FILIGREE SMALL,1,2011-01-20 18:01:00,4.13,,United Kingdom
540352,85053,FRENCH ENAMEL CANDLEHOLDER,2,2011-01-06 14:27:00,4.21,,United Kingdom
579555,21430,SET/3 RED GINGHAM ROSE STORAGE BOX,2,2011-11-30 11:08:00,3.75,16241.0,United Kingdom
525972,21967,PACK OF 12 SKULL TISSUES,1,2010-10-08 10:22:00,0.81,,United Kingdom
569263,23531,WALL ART BIG LOVE ,168,2011-10-03 11:37:00,4.77,18102.0,United Kingdom
526403,22588,CARD HOLDER GINGHAM HEART,1,2010-10-11 13:49:00,5.06,,United Kingdom
547042,21289,LARGE STRIPES CHOCOLATE GIFT BAG,2,2011-03-20 11:00:00,1.25,,United Kingdom
554058,21156,RETROSPOT CHILDRENS APRON,2,2011-05-20 16:04:00,1.95,17757.0,United Kingdom
529322,21914,BLUE HARMONICA IN BOX ,4,2010-10-27 14:01:00,1.25,13246.0,United Kingdom
513308,22077,6 RIBBONS RUSTIC CHARM,2,2010-06-23 14:49:00,3.36,,United Kingdom
541122,22328,ROUND SNACK BOXES SET OF 4 FRUITS ,6,2011-01-14 09:23:00,2.95,12708.0,Germany
515254,15034,PAPER POCKET TRAVELING FAN ,8,2010-07-09 11:44:00,0.81,,United Kingdom
522433,22333,RETRO SPOT PARTY BAG + STICKER SET,1,2010-09-14 13:37:00,1.65,15901.0,United Kingdom
542929,22508,DOORSTOP RETROSPOT HEART,2,2011-02-02 10:34:00,3.75,17811.0,United Kingdom
544330,22666,RECIPE BOX PANTRY YELLOW DESIGN,2,2011-02-17 16:59:00,2.95,17576.0,United Kingdom
576690,22150,3 STRIPEY MICE FELTCRAFT,1,2011-11-16 12:19:00,1.95,15900.0,United Kingdom
574682,21326,AGED GLASS SILVER T-LIGHT HOLDER,12,2011-11-06 12:44:00,0.65,14963.0,United Kingdom
576649,20972,PINK CREAM FELT CRAFT TRINKET BOX ,12,2011-11-16 10:32:00,1.25,16008.0,United Kingdom
580727,22564,ALPHABET STENCIL CRAFT,2,2011-12-05 17:17:00,2.46,14096.0,United Kingdom
550499,16048,TEATIME ROUND PENCIL SHARPENER ,1,2011-04-18 15:16:00,0.83,,United Kingdom
529985,22711,WRAP CIRCUS PARADE,25,2010-10-31 15:39:00,0.42,14286.0,United Kingdom
542934,48111,DOORMAT 3 SMILEY CATS,10,2011-02-02 11:01:00,6.75,13093.0,United Kingdom
517986,22585,PACK OF 6 BIRDY GIFT TAGS,1,2010-08-03 15:17:00,2.51,,United Kingdom
535346,21975,PACK OF 60 DINOSAUR CAKE CASES,3,2010-11-25 16:44:00,0.55,12961.0,United Kingdom
552046,21158,MOODY GIRL DOOR HANGER ,12,2011-05-06 09:44:00,1.45,15235.0,United Kingdom
561513,22616,PACK OF 12 LONDON TISSUES ,1,2011-07-27 15:12:00,0.83,,United Kingdom
539008,21717,EASTER TIN BUCKET,16,2010-12-15 13:21:00,2.55,17033.0,United Kingdom
580441,21257,VICTORIAN SEWING BOX MEDIUM,2,2011-12-04 12:18:00,7.95,13808.0,United Kingdom
501149,22333,RETRO SPORT PARTY BAG + STICKER SET,5,2010-03-14 13:43:00,1.65,13211.0,United Kingdom
568057,23301,GARDENERS KNEELING PAD KEEP CALM ,1,2011-09-23 12:56:00,3.29,,United Kingdom
516962,20914,SET/5 RED SPOTTY LID GLASS BOWLS,6,2010-07-26 09:04:00,2.95,12476.0,Germany
520571,21733,RED HANGING HEART T-LIGHT HOLDER,2,2010-08-27 09:12:00,5.91,,United Kingdom
567668,85019B,BLOSSOM  IMAGES NOTEBOOK SET,1,2011-09-21 15:29:00,8.29,,United Kingdom
534750,48189,DOORMAT FRIENDSHIP ,2,2010-11-24 09:54:00,16.98,,United Kingdom
540678,21667,,-1,2011-01-10 16:21:00,0.0,,United Kingdom
501558,82597,BOMBS AWAY METAL SIGN,1,2010-03-17 16:35:00,4.21,,United Kingdom
542932,22084,PAPER CHAIN KIT EMPIRE,12,2011-02-02 10:54:00,2.95,13089.0,United Kingdom
495504,22258,FELT FARM ANIMAL RABBIT,1,2010-01-25 13:14:00,1.25,16795.0,United Kingdom
566482,23379,PACK OF 12 RED APPLE TISSUES,24,2011-09-13 09:43:00,0.39,16609.0,United Kingdom
504573,22434,BALLOON PUMP WITH 10 BALLOONS,1,2010-04-14 15:06:00,1.95,,United Kingdom
524965,22550,HOLIDAY FUN LUDO,1,2010-10-01 14:07:00,3.75,17555.0,United Kingdom
496921,21791,VINTAGE HEADS AND TAILS CARD GAME ,5,2010-02-04 15:49:00,1.25,14081.0,United Kingdom
552681,22502,PICNIC BASKET WICKER SMALL,3,2011-05-10 15:08:00,8.29,,United Kingdom
502055,22191,EAU DE NIL DINER WALL CLOCK,1,2010-03-22 14:30:00,8.5,13357.0,United Kingdom
547967,21974,SET OF 36 PAISLEY FLOWER DOILIES,2,2011-03-28 15:49:00,2.92,,United Kingdom
581401,90214D,"LETTER ""D"" BLING KEY RING",12,2011-12-08 13:43:00,0.29,17644.0,United Kingdom
491694,22295,HEART FILIGREE DOVE LARGE,3,2009-12-13 13:24:00,1.65,17066.0,United Kingdom
545530,23194,GYMKHANA TREASURE BOOK BOX,8,2011-03-03 13:45:00,2.25,17416.0,United Kingdom
557888,22780,LIGHT GARLAND BUTTERFILES PINK,1,2011-06-23 13:51:00,4.25,14656.0,United Kingdom
570491,22835,HOT WATER BOTTLE I AM SO POORLY,1,2011-10-10 17:26:00,4.95,14395.0,United Kingdom
519610,21648,ASSORTED TUTTI FRUTTI SMALL PURSE,24,2010-08-18 16:54:00,1.25,15494.0,United Kingdom
534829,22453,MEASURING TAPE BABUSHKA BLUE,2,2010-11-24 13:00:00,2.95,,United Kingdom
533904,84569D,PACK 6 HEART/ICE-CREAM PATCHES,2,2010-11-19 11:54:00,1.25,16936.0,United Kingdom
580396,85034C,3 ROSE MORRIS BOXED CANDLES,1,2011-12-04 11:00:00,1.25,13838.0,United Kingdom
509871,22502,PICNIC BASKET WICKER SMALL,8,2010-05-26 11:03:00,4.25,14025.0,United Kingdom
490143,22333,RETRO SPORT PARTY BAG + STICKER SET,16,2009-12-04 08:40:00,1.65,14286.0,United Kingdom
492414,21011,GLITTER SNOW PEAR TREE DECORATION,4,2009-12-16 17:01:00,3.43,,United Kingdom
511042,84991,60 TEATIME FAIRY CAKE CASES,1,2010-06-06 11:22:00,0.55,18234.0,United Kingdom
568907,21110,LARGE CAKE TOWEL PINK SPOTS,2,2011-09-29 13:35:00,6.75,15370.0,United Kingdom
498934,47566B,TEA TIME PARTY BUNTING,1,2010-02-24 10:42:00,8.47,,United Kingdom
511544,47574A,ENGLISH ROSE SCENTED HANGING FLOWER,1,2010-06-08 17:48:00,8.47,,United Kingdom
504766,22362,GLASS JAR PEACOCK BATH SALTS,6,2010-04-16 11:51:00,2.95,13013.0,United Kingdom
553549,21080,SET/20 RED RETROSPOT PAPER NAPKINS ,1,2011-05-17 16:09:00,1.63,,United Kingdom
539466,82613D,METAL SIGN CUPCAKE SINGLE HOOK,20,2010-12-19 12:46:00,0.42,12668.0,Germany
554112,23207,LUNCH BAG ALPHABET DESIGN,2,2011-05-22 14:44:00,1.65,17611.0,United Kingdom
579572,23202,JUMBO BAG VINTAGE LEAF,10,2011-11-30 11:49:00,2.08,15394.0,United Kingdom
567973,22867,HAND WARMER BIRD DESIGN,12,2011-09-23 10:17:00,2.1,13994.0,United Kingdom
498049,22146,EASTER CRAFT IVY WREATH WITH CHICK,24,2010-02-16 11:13:00,1.95,13407.0,United Kingdom
524413,21937,STRAWBERRY   PICNIC BAG,5,2010-09-29 10:05:00,2.95,13639.0,United Kingdom
533114,22554,PLASTERS IN TIN WOODLAND ANIMALS,2,2010-11-16 12:22:00,1.65,14675.0,United Kingdom
547360,22652,TRAVEL SEWING KIT,10,2011-03-22 12:30:00,1.65,16135.0,United Kingdom
490112,21242,RED SPOTTY PLATE ,8,2009-12-03 17:04:00,1.69,13037.0,United Kingdom
551170,22492,MINI PAINT SET VINTAGE ,36,2011-04-26 16:40:00,0.65,15145.0,United Kingdom
520569,21754,HOME BUILDING BLOCK WORD,2,2010-08-26 19:57:00,5.95,13884.0,United Kingdom
498143,21377,SMALL CAMPHOR WOOD FIELD  MUSHROOM,6,2010-02-17 09:53:00,1.65,13901.0,United Kingdom
578026,84347,ROTATING SILVER ANGELS T-LIGHT HLDR,12,2011-11-22 13:29:00,2.55,17659.0,United Kingdom
574704,23321,SMALL WHITE HEART OF WICKER,8,2011-11-06 14:02:00,1.65,15696.0,United Kingdom
557525,22029,SPACEBOY BIRTHDAY CARD,12,2011-06-21 09:26:00,0.42,12759.0,Netherlands
544158,21080,SET/20 RED RETROSPOT PAPER NAPKINS ,24,2011-02-16 12:47:00,0.85,14944.0,United Kingdom
580637,22151,PLACE SETTING WHITE HEART,10,2011-12-05 12:40:00,0.42,15033.0,United Kingdom
579777,22893,MINI CAKE STAND T-LIGHT HOLDER,5,2011-11-30 15:13:00,0.83,,United Kingdom
535259,22837,HOT WATER BOTTLE BABUSHKA ,2,2010-11-25 13:18:00,4.65,17068.0,United Kingdom
566605,23187,FRENCH STYLE STORAGE JAR BONBONS,6,2011-09-13 16:27:00,0.29,13263.0,United Kingdom
500476,22486,PLASMATRONIC LAMP,2,2010-03-08 12:45:00,12.75,15719.0,United Kingdom
549325,22771,CLEAR DRAWER KNOB ACRYLIC EDWARDIAN,12,2011-04-08 10:32:00,1.25,12717.0,Greece
535282,22422,TOOTHPASTE TUBE PEN,13,2010-11-25 14:17:00,0.65,14099.0,United Kingdom
501161,22274,FELTCRAFT DOLL EMILY,1,2010-03-15 09:28:00,5.91,,United Kingdom
551739,22169,FAMILY ALBUM WHITE PICTURE FRAME,1,2011-05-04 10:58:00,8.5,18118.0,United Kingdom
511484,85040B,SET/4 BLUE FLOWER CANDLES IN BOWL,12,2010-06-08 14:10:00,1.65,17801.0,United Kingdom
554663,20658,RED RETROSPOT LUGGAGE TAG,3,2011-05-25 14:29:00,1.25,14985.0,United Kingdom
571040,22632,HAND WARMER RED RETROSPOT,2,2011-10-13 12:59:00,2.1,15272.0,United Kingdom
531776,22602,CHRISTMAS RETROSPOT HEART WOOD,12,2010-11-09 14:42:00,0.85,14911.0,EIRE
540550,84637,KITCHEN FLOWER POTS WALL PLAQUE,3,2011-01-10 09:11:00,5.95,12539.0,Spain
520340,22366,DOORMAT AIRMAIL ,1,2010-08-25 12:55:00,7.49,15039.0,United Kingdom
498636,21034,REX CASH+CARRY JUMBO SHOPPER,2,2010-02-22 11:11:00,0.95,14159.0,United Kingdom
490963,79160,HEART SHAPE WIRELESS DOORBELL,1,2009-12-08 15:49:00,3.43,,United Kingdom
521403,21349,IVY HEART WREATH,2,2010-09-06 10:19:00,6.75,12744.0,Singapore
554832,21918,SET 12 KIDS COLOUR  CHALK STICKS,24,2011-05-26 15:30:00,0.42,16092.0,United Kingdom
551282,84991,60 TEATIME FAIRY CAKE CASES,2,2011-04-27 13:44:00,0.55,16919.0,United Kingdom
559163,21328,BALLOONS  WRITING SET ,9,2011-07-06 16:33:00,0.83,,United Kingdom
510228,84406B,CREAM CUPID HEARTS COAT HANGER,8,2010-05-28 09:16:00,2.48,,United Kingdom
523696,22412,METAL SIGN NEIGHBOURHOOD WITCH ,1,2010-09-23 14:47:00,4.21,,United Kingdom
530906,22272,FELTCRAFT DOLL MARIA,1,2010-11-04 15:40:00,2.95,17965.0,United Kingdom
519473,22111,SCOTTIE DOG HOT WATER BOTTLE,1,2010-08-17 12:03:00,11.02,,United Kingdom
550124,21212,PACK OF 72 RETROSPOT CAKE CASES,24,2011-04-14 12:41:00,0.55,12853.0,United Kingdom
538051,22119,PEACE WOODEN BLOCK LETTERS,1,2010-12-09 13:24:00,6.95,18041.0,United Kingdom
520361,22189,CREAM HEART CARD HOLDER,3,2010-08-25 13:44:00,3.95,13548.0,United Kingdom
580622,47559B,TEA TIME OVEN GLOVE,10,2011-12-05 12:09:00,1.25,17006.0,United Kingdom
548741,22691,DOORMAT WELCOME SUNRISE,2,2011-04-04 12:00:00,7.95,16224.0,United Kingdom
552668,22200,FRYING PAN PINK POLKADOT,1,2011-05-10 15:05:00,8.29,,United Kingdom
579555,21754,HOME BUILDING BLOCK WORD,1,2011-11-30 11:08:00,6.25,16241.0,United Kingdom
577046,22329,ROUND CONTAINER SET OF 5 RETROSPOT,12,2011-11-17 13:46:00,1.65,12449.0,Belgium
554511,23173,REGENCY TEAPOT ROSES ,1,2011-05-24 15:52:00,19.96,,United Kingdom
546638,85016,SET OF 6 VINTAGE NOTELETS KIT,6,2011-03-15 12:52:00,2.55,15106.0,United Kingdom
539451,22502,PICNIC BASKET WICKER SMALL,1,2010-12-17 16:59:00,8.47,,United Kingdom
565234,22699,ROSES REGENCY TEACUP AND SAUCER ,9,2011-09-02 09:38:00,5.79,,United Kingdom
557284,21754,HOME BUILDING BLOCK WORD,2,2011-06-19 12:29:00,5.95,17377.0,United Kingdom
564840,85017B,ENVELOPE 50 BLOSSOM IMAGES,1,2011-08-30 12:49:00,0.83,,United Kingdom
490074,22300,COFFEE MUG DOG + BALL DESIGN,1,2009-12-03 14:39:00,5.17,,United Kingdom
544460,22624,IVORY KITCHEN SCALES,1,2011-02-20 14:01:00,8.5,16931.0,United Kingdom
539196,85027L,FRENCH CHATEAU LARGE PLATTER ,2,2010-12-16 12:09:00,7.95,18055.0,United Kingdom
578488,21928,JUMBO BAG SCANDINAVIAN BLUE PAISLEY,10,2011-11-24 12:53:00,2.08,12784.0,Portugal
529850,22296,HEART IVORY TRELLIS LARGE,3,2010-10-31 13:35:00,1.65,16788.0,United Kingdom
521493,20718,RED SPOTTY SHOPPER BAG,10,2010-09-06 14:04:00,1.25,14248.0,United Kingdom
540121,22308,TEA COSY BLUE STRIPE,6,2011-01-05 10:35:00,2.55,16145.0,United Kingdom
492420,90003E,GREEN PAIR HEART HAIR SLIDES,1,2009-12-16 17:36:00,3.75,,United Kingdom
535807,22733,3D TRADITIONAL CHRISTMAS STICKERS,1,2010-11-28 15:09:00,1.25,18003.0,United Kingdom
558731,22382,LUNCH BAG SPACEBOY DESIGN ,10,2011-07-01 14:53:00,1.65,13285.0,United Kingdom
534377,21527,RED RETROSPOT TRADITIONAL TEAPOT ,1,2010-11-22 12:31:00,7.95,16725.0,United Kingdom
540357,22846,BREAD BIN DINER STYLE RED ,4,2011-01-06 15:14:00,14.95,13093.0,United Kingdom
544677,22726,ALARM CLOCK BAKELIKE GREEN,1,2011-02-22 16:13:00,3.75,18196.0,United Kingdom
554310,21068,VINTAGE BILLBOARD LOVE/HATE MUG,2,2011-05-23 15:25:00,2.46,,United Kingdom
492367,20979,36 PENCILS TUBE RED SPOTTY,16,2009-12-16 14:00:00,1.25,13178.0,United Kingdom
527427,22623,BOX OF VINTAGE JIGSAW BLOCKS ,2,2010-10-17 16:16:00,4.95,15555.0,United Kingdom
510635,21671,RED SPOT CERAMIC DRAWER KNOB,48,2010-06-02 11:51:00,1.25,18231.0,United Kingdom
519213,21926,RED/CREAM STRIPE CUSHION COVER ,2,2010-08-15 11:24:00,1.25,17377.0,United Kingdom
570246,47503A,ASS FLORAL PRINT MULTI SCREWDRIVER,2,2011-10-09 16:22:00,0.42,16921.0,United Kingdom
493812,21980,PACK OF 12 RED SPOTTY TISSUES ,48,2010-01-07 11:52:00,0.29,13081.0,United Kingdom
501176,22150, 3 STRIPEY MICE FELTCRAFT,6,2010-03-15 11:00:00,1.95,14857.0,United Kingdom
530812,22694,WICKER STAR ,5,2010-11-04 13:05:00,2.1,15860.0,United Kingdom
550953,22294,HEART FILIGREE DOVE  SMALL,1,2011-04-21 16:17:00,2.46,,United Kingdom
518138,22477,WATERING CAN GARDEN MARKER,3,2010-08-04 15:48:00,2.51,,United Kingdom
515766,15056BL,EDWARDIAN PARASOL BLACK,1,2010-07-14 14:17:00,5.95,15272.0,United Kingdom
528079,22862,LOVE HEART NAPKIN BOX ,1,2010-10-20 12:47:00,4.25,15501.0,United Kingdom
574864,23485,BOTANICAL GARDENS WALL CLOCK ,4,2011-11-07 12:29:00,20.8,14387.0,United Kingdom
511522,47566,PARTY BUNTING,1,2010-06-08 16:47:00,4.65,16072.0,United Kingdom
539642,21181,PLEASE ONE PERSON METAL SIGN,2,2010-12-20 15:35:00,2.1,15867.0,United Kingdom
498886,22176,BLUE OWL SOFT TOY,1,2010-02-23 13:03:00,2.95,15295.0,United Kingdom
523343,21781,MA CAMPAGNE CUTLERY BOX,1,2010-09-21 15:46:00,29.74,,United Kingdom
514532,22135,LADLE LOVE HEART PINK,1,2010-07-05 10:07:00,0.85,,United Kingdom
546980,22961,JAM MAKING SET PRINTED,12,2011-03-18 12:18:00,1.45,13591.0,United Kingdom
556502,48188,DOORMAT WELCOME PUPPIES,2,2011-06-13 08:43:00,7.95,13761.0,United Kingdom
532295,21108,FAIRY CAKE FLANNEL ASSORTED COLOUR,9,2010-11-11 13:46:00,2.55,13226.0,United Kingdom
554355,84692,BOX OF 24 COCKTAIL PARASOLS,25,2011-05-24 09:20:00,0.42,16992.0,United Kingdom
509980,21100,CHARLIE AND LOLA CHARLOTTE BAG,10,2010-05-26 14:07:00,1.65,12378.0,Switzerland
491197,84077,WORLD WAR 2 GLIDERS ASSTD DESIGNS,48,2009-12-10 13:03:00,0.21,15912.0,United Kingdom
581129,85123A,WHITE HANGING HEART T-LIGHT HOLDER,18,2011-12-07 12:48:00,2.95,15498.0,United Kingdom
499858,20713,JUMBO BAG OWLS,2,2010-03-02 17:04:00,4.21,,United Kingdom
561592,22215,CAKE STAND WHITE TWO TIER LACE,4,2011-07-28 11:18:00,8.5,14560.0,United Kingdom
578021,22974,CHILDRENS DOLLY GIRL MUG,1,2011-11-22 13:22:00,1.65,12748.0,United Kingdom
559552,82582,AREA PATROLLED METAL SIGN,2,2011-07-10 16:29:00,2.1,16014.0,United Kingdom
555743,84406B,CREAM CUPID HEARTS COAT HANGER,4,2011-06-07 10:42:00,4.15,12868.0,United Kingdom
578541,22178,VICTORIAN GLASS HANGING T-LIGHT,30,2011-11-24 15:01:00,1.95,14277.0,France
562211,84976,RECTANGULAR SHAPED MIRROR,12,2011-08-03 13:22:00,0.79,17429.0,United Kingdom
568661,84380,SET OF 3 BUTTERFLY COOKIE CUTTERS,4,2011-09-28 12:34:00,1.45,18109.0,United Kingdom
504918,16237,SLEEPING CAT ERASERS,3,2010-04-19 10:36:00,0.43,,United Kingdom
559641,22294,HEART FILIGREE DOVE  SMALL,24,2011-07-11 12:31:00,1.25,13184.0,United Kingdom
534737,22452,MEASURING TAPE BABUSHKA PINK,25,2010-11-23 19:20:00,2.55,15061.0,United Kingdom
563183,22670,FRENCH WC SIGN BLUE METAL,12,2011-08-12 14:47:00,1.25,14110.0,United Kingdom
533114,22629,SPACEBOY LUNCH BOX ,1,2010-11-16 12:22:00,1.95,14675.0,United Kingdom
512733,22219,LOVEBIRD HANGING DECORATION WHITE ,1,2010-06-17 13:48:00,1.66,,United Kingdom
497201,21741,COSY SLIPPER SHOES LARGE GREEN,6,2010-02-07 11:37:00,2.95,12681.0,France
574667,22620,4 TRADITIONAL SPINNING TOPS,8,2011-11-06 12:12:00,1.45,15514.0,United Kingdom
555344,21929,JUMBO BAG PINK VINTAGE PAISLEY,100,2011-06-02 11:45:00,1.79,15311.0,United Kingdom
548650,20914,SET/5 RED RETROSPOT LID GLASS BOWLS,6,2011-04-01 13:22:00,2.95,14852.0,United Kingdom
565847,84029G,KNITTED UNION FLAG HOT WATER BOTTLE,6,2011-09-07 12:44:00,8.29,,United Kingdom
496341,21535,RETRO SPOT SMALL MILK JUG,1,2010-01-31 15:47:00,2.55,17107.0,United Kingdom
535576,22611,VINTAGE UNION JACK SHOPPING BAG,3,2010-11-26 15:37:00,4.95,12865.0,Austria
540468,22377,BOTTLE BAG RETROSPOT ,6,2011-01-07 13:55:00,1.66,,United Kingdom
525947,79067,CORONA MEXICAN TRAY,4,2010-10-07 17:52:00,3.75,16133.0,United Kingdom
550474,22859,EASTER TIN BUNNY BOUQUET,2,2011-04-18 13:58:00,3.29,,United Kingdom
515026,22624,IVORY KITCHEN SCALES,4,2010-07-08 10:15:00,8.5,17623.0,United Kingdom
524024,22358,KINGS CHOICE TEA CADDY ,6,2010-09-27 10:50:00,2.95,13729.0,United Kingdom
551650,21755,LOVE BUILDING BLOCK WORD,4,2011-05-03 12:02:00,5.95,13089.0,United Kingdom
575609,21015,DARK BIRD HOUSE TREE DECORATION,24,2011-11-10 12:40:00,0.29,17243.0,United Kingdom
522985,22417,PACK OF 60 SPACEBOY CAKE CASES,24,2010-09-19 14:12:00,0.55,14776.0,United Kingdom
541286,22342,HOME GARLAND PAINTED ZINC ,12,2011-01-17 13:08:00,1.65,13982.0,United Kingdom
507235,22517,CHILDS GARDEN RAKE PINK,12,2010-05-07 09:04:00,1.85,14298.0,United Kingdom
544202,20712,JUMBO BAG WOODLAND ANIMALS,2,2011-02-17 10:29:00,4.13,,United Kingdom
571061,20712,JUMBO BAG WOODLAND ANIMALS,21,2011-10-13 14:33:00,4.13,,United Kingdom
541592,22301,COFFEE MUG CAT + BIRD DESIGN,1,2011-01-19 15:08:00,4.96,,United Kingdom
503940,21875,KINGS CHOICE MUG,1,2010-04-08 14:47:00,3.36,,United Kingdom
572068,21892,TRADITIONAL WOODEN CATCH CUP GAME ,12,2011-10-20 13:20:00,1.25,13159.0,United Kingdom
498036,16161N,,-23,2010-02-16 10:10:00,0.0,,United Kingdom
569371,16015,MEDIUM CHINESE STYLE SCISSOR,10,2011-10-03 15:52:00,0.5,14651.0,United Kingdom
532063,90214J,"LETTER ""J"" BLING KEY RING",1,2010-11-10 14:48:00,0.85,,United Kingdom
552664,22697,GREEN REGENCY TEACUP AND SAUCER,24,2011-05-10 15:05:00,2.55,14051.0,United Kingdom
566171,23355,HOT WATER BOTTLE KEEP CALM,1,2011-09-09 12:22:00,4.95,18118.0,United Kingdom
494794,84992,72 SWEETHEART FAIRY CAKE CASES,24,2010-01-18 14:11:00,0.55,13037.0,United Kingdom
555095,22629,SPACEBOY LUNCH BOX ,12,2011-05-31 13:32:00,1.95,12540.0,Spain
548327,22427,ENAMEL FLOWER JUG CREAM,1,2011-03-30 13:05:00,5.95,16788.0,United Kingdom
572295,21640,ASSORTED TUTTI FRUTTI  FOB NOTEBOOK,12,2011-10-23 13:49:00,0.85,16686.0,United Kingdom
581217,84970L,SINGLE HEART ZINC T-LIGHT HOLDER,4,2011-12-08 09:20:00,2.08,,United Kingdom
521986,21210,SET OF 72 RETRO SPOT PAPER  DOILIES,12,2010-09-10 10:34:00,1.45,14205.0,United Kingdom
579328,71477,COLOUR GLASS. STAR T-LIGHT HOLDER,4,2011-11-29 11:40:00,3.95,17711.0,United Kingdom
C490996,22077,6 RIBBONS RUSTIC CHARM,-12,2009-12-08 17:23:00,1.65,15935.0,United Kingdom
564755,21094,SET/6 RED SPOTTY PAPER PLATES,6,2011-08-30 10:31:00,0.83,,United Kingdom
577168,POST,POSTAGE,7,2011-11-18 10:42:00,18.0,12603.0,Germany
497213,22138,BAKING SET 9 PIECE RETROSPOT ,9,2010-02-07 14:07:00,4.95,14735.0,United Kingdom
568139,22847,BREAD BIN DINER STYLE IVORY,1,2011-09-25 10:46:00,16.95,13083.0,United Kingdom
538181,20750,RED RETROSPOT MINI CASES,4,2010-12-10 10:08:00,7.95,17076.0,United Kingdom
559984,21212,PACK OF 72 RETROSPOT CAKE CASES,1,2011-07-14 11:45:00,0.55,16657.0,United Kingdom
540026,20766,GARDEN PATH SKETCHBOOK,1,2011-01-04 13:25:00,7.62,,United Kingdom
517743,21868,POTTING SHED TEA MUG,1,2010-08-01 15:51:00,1.25,17984.0,United Kingdom
545063,21068,VINTAGE BILLBOARD LOVE/HATE MUG,1,2011-02-27 14:26:00,1.25,14606.0,United Kingdom
533969,21111,"SWISS ROLL TOWEL, CHOCOLATE  SPOTS",1,2010-11-19 13:16:00,2.95,18022.0,United Kingdom
546172,22851,SET 20 NAPKINS FAIRY CAKES DESIGN ,12,2011-03-10 10:32:00,0.85,14156.0,EIRE
541216,84970S,HANGING HEART ZINC T-LIGHT HOLDER,1,2011-01-14 13:52:00,0.85,15311.0,United Kingdom
556433,22423,REGENCY CAKESTAND 3 TIER,5,2011-06-10 14:01:00,24.96,,United Kingdom
574744,85099B,JUMBO BAG RED RETROSPOT,10,2011-11-07 07:38:00,2.08,16612.0,United Kingdom
573355,23531,WALL ART BIG LOVE ,6,2011-10-30 12:43:00,6.95,15865.0,United Kingdom
490563,21697,SET 5 MINI DOUGHNUT FRIDGE MAGNET ,36,2009-12-07 10:41:00,1.69,12471.0,Germany
539958,22453,MEASURING TAPE BABUSHKA BLUE,1,2010-12-23 13:26:00,5.91,,United Kingdom
579177,22993,SET OF 4 PANTRY JELLY MOULDS,12,2011-11-28 14:53:00,1.25,13089.0,United Kingdom
553036,22491,PACK OF 12 COLOURED PENCILS,144,2011-05-13 08:09:00,0.72,15129.0,United Kingdom
533295,21116,OWL DOORSTOP,1,2010-11-16 16:08:00,4.95,15161.0,United Kingdom
555841,84596F,SMALL MARSHMALLOWS PINK BOWL,2,2011-06-07 12:47:00,0.42,14583.0,United Kingdom
555924,21928,JUMBO BAG SCANDINAVIAN BLUE PAISLEY,2,2011-06-07 17:12:00,4.13,,United Kingdom
580730,22457,NATURAL SLATE HEART CHALKBOARD ,8,2011-12-05 17:28:00,5.79,,United Kingdom
508469,21593,SWALLOW CIGAR BOX MATCHES ,4,2010-05-16 10:59:00,1.25,17377.0,United Kingdom
536676,22969,HOMEMADE JAM SCENTED CANDLES,12,2010-12-02 12:18:00,1.45,16752.0,United Kingdom
498222,85230B,CINNAMON SCENTED VOTIVE CANDLE,24,2010-02-17 14:01:00,0.29,14584.0,United Kingdom
566976,23377,PACK OF 12 DOLLY GIRL TISSUES,24,2011-09-16 09:27:00,0.39,15382.0,United Kingdom
490068,22353,LUNCHBOX WITH CUTLERY FAIRY CAKES ,12,2009-12-03 14:06:00,2.55,13085.0,United Kingdom
580771,22578,WOODEN STAR CHRISTMAS SCANDINAVIAN,12,2011-12-06 10:58:00,0.29,16015.0,United Kingdom
551532,23147,SINGLE ANTIQUE ROSE HOOK IVORY,12,2011-05-01 14:17:00,1.45,16554.0,United Kingdom
572309,21015,DARK BIRD HOUSE TREE DECORATION,6,2011-10-23 15:29:00,0.29,14432.0,United Kingdom
542898,22150,3 STRIPEY MICE FELTCRAFT,2,2011-02-01 14:01:00,1.95,16110.0,United Kingdom
579523,84029E,RED WOOLLY HOTTIE WHITE HEART.,24,2011-11-30 08:08:00,3.75,15903.0,United Kingdom
519936,22250,DECORATION  BUTTERFLY  MAGIC GARDEN,16,2010-08-23 08:08:00,0.85,17508.0,Greece
522075,22682,"FRENCH BLUE METAL DOOR SIGN, 7",10,2010-09-12 10:56:00,1.25,17640.0,United Kingdom
559823,22652,TRAVEL SEWING KIT,20,2011-07-12 17:21:00,1.65,12919.0,United Kingdom
516196,71053,WHITE METAL LANTERN,4,2010-07-19 10:07:00,3.75,14758.0,United Kingdom
572291,23148,MINIATURE ANTIQUE ROSE HOOK IVORY,6,2011-10-23 12:46:00,0.83,16931.0,United Kingdom
545084,22318,FIVE HEART HANGING DECORATION,6,2011-02-28 10:55:00,2.95,12458.0,Switzerland
525025,21915,RED  HARMONICA IN BOX ,3,2010-10-03 12:07:00,1.25,13838.0,United Kingdom
525952,22063,CERAMIC BOWL WITH STRAWBERRY DESIGN,1,2010-10-07 19:03:00,2.95,14525.0,United Kingdom
566495,23309,SET OF 60 I LOVE LONDON CAKE CASES ,4,2011-09-13 11:14:00,0.55,15529.0,United Kingdom
501849,85206B,PINK FELT EASTER EGG BASKET,2,2010-03-21 10:49:00,1.65,14451.0,United Kingdom
575875,72807A,SET/3 ROSE CANDLE IN JEWELLED BOX,1,2011-11-11 13:06:00,8.29,,United Kingdom
520364,85049G,CHOCOLATE BOX RIBBONS ,6,2010-08-25 14:18:00,1.25,18077.0,United Kingdom
578068,22189,CREAM HEART CARD HOLDER,2,2011-11-22 15:45:00,3.95,14505.0,United Kingdom
575867,21932,SCANDINAVIAN PAISLEY PICNIC BAG,1,2011-11-11 12:44:00,1.65,15034.0,United Kingdom
491692,72771B,BURG FLOCK GOLD CUP/CANDLE ,12,2009-12-13 13:21:00,0.42,14514.0,United Kingdom
552572,23209,LUNCH BAG DOILEY PATTERN ,100,2011-05-10 12:11:00,1.45,14680.0,United Kingdom
535427,22457,NATURAL SLATE HEART CHALKBOARD ,1,2010-11-26 12:05:00,2.95,15872.0,United Kingdom
521927,21945,STRAWBERRIES  DESIGN FLANNEL ,12,2010-09-09 15:22:00,0.85,16638.0,United Kingdom
557493,20712,JUMBO BAG WOODLAND ANIMALS,3,2011-06-20 15:18:00,4.13,,United Kingdom
498222,21165,BEWARE OF THE CAT METAL SIGN ,2,2010-02-17 14:01:00,1.69,14584.0,United Kingdom
541424,22844,VINTAGE CREAM DOG FOOD CONTAINER,1,2011-01-17 17:57:00,16.63,,United Kingdom
550207,21232,STRAWBERRY CERAMIC TRINKET BOX,2,2011-04-15 10:38:00,3.29,,United Kingdom
C490798,21080,SET/20 RED SPOTTY PAPER NAPKINS ,-12,2009-12-08 11:51:00,0.85,14277.0,France
509212,85014A,BLACK/BLUE DOTS RUFFLED UMBRELLA,3,2010-05-21 10:12:00,5.95,12431.0,Australia
553882,22729,ALARM CLOCK BAKELIKE ORANGE,24,2011-05-19 15:30:00,3.75,16672.0,United Kingdom
537666,90198A,VINTAGE ROSE BEAD BRACELET RASPBERR,1,2010-12-07 18:36:00,4.24,,United Kingdom
502090,21875,KINGS CHOICE MUG,1,2010-03-22 16:16:00,3.36,,United Kingdom
514950,35004C,SET OF 3 COLOURED  FLYING DUCKS,2,2010-07-07 11:57:00,12.72,,United Kingdom
501663,20679,EDWARDIAN PARASOL RED,3,2010-03-18 14:09:00,5.95,12615.0,France
530850,85204,HANGING WOOD AND FELT FLOWER,5,2010-11-04 14:49:00,0.84,,United Kingdom
566276,22711,WRAP CIRCUS PARADE,25,2011-09-11 14:00:00,0.42,13450.0,United Kingdom
546115,21754,HOME BUILDING BLOCK WORD,6,2011-03-09 13:50:00,5.95,15379.0,United Kingdom
570210,23420,PANTRY HOOK TEA STRAINER ,1,2011-10-09 10:48:00,2.08,13259.0,United Kingdom
534738,22449,SILK PURSE BABUSHKA PINK,6,2010-11-23 19:24:00,3.35,12377.0,Switzerland
494784,21278,VINTAGE KITCHEN PRINT PUDDINGS,1,2010-01-18 13:20:00,5.06,,United Kingdom
535382,22784,LANTERN CREAM GAZEBO ,2,2010-11-25 19:24:00,4.95,17921.0,United Kingdom
540154,22446,PIN CUSHION BABUSHKA PINK,1,2011-01-05 11:30:00,2.51,,United Kingdom
579091,21931,JUMBO STORAGE BAG SUKI,10,2011-11-28 10:49:00,2.08,14893.0,United Kingdom
502619,21383,PACK OF 12 STICKY BUNNIES,1,2010-03-25 14:56:00,1.66,,United Kingdom
574033,23355,HOT WATER BOTTLE KEEP CALM,4,2011-11-02 12:44:00,4.95,16558.0,United Kingdom
574693,23344,JUMBO BAG 50'S CHRISTMAS ,1,2011-11-06 13:32:00,2.08,14553.0,United Kingdom
511481,84879,ASSORTED COLOUR BIRD ORNAMENT,8,2010-06-08 14:00:00,1.69,15353.0,United Kingdom
503185,90201B,BLACK ENAMEL FLOWER RING,1,2010-03-30 14:29:00,2.96,,United Kingdom
564740,23002,TRAVEL CARD WALLET SKULLS,4,2011-08-28 14:39:00,0.42,14044.0,United Kingdom
524856,82494L,WOODEN FRAME ANTIQUE WHITE ,3,2010-09-30 19:43:00,2.95,14713.0,United Kingdom
519469,20975,12 PENCILS SMALL TUBE RED SPOTTY,24,2010-08-17 11:52:00,0.65,17430.0,United Kingdom
542622,22796,PHOTO FRAME 3 CLASSIC HANGING,1,2011-01-31 09:09:00,20.79,,United Kingdom
536196,85123A,WHITE HANGING HEART T-LIGHT HOLDER,12,2010-11-30 13:01:00,2.95,14841.0,United Kingdom
570872,23434,3 RAFFIA RIBBONS 50'S CHRISTMAS ,1,2011-10-12 16:40:00,0.83,,United Kingdom
539374,84755,COLOUR GLASS T-LIGHT HOLDER HANGING,16,2010-12-17 11:40:00,0.65,14769.0,United Kingdom
535274,22576,SWALLOW WOODEN CHRISTMAS DECORATION,1,2010-11-25 13:51:00,0.85,14415.0,United Kingdom
516706,20658,RED SPOTTY LUGGAGE TAG,1,2010-07-22 12:13:00,2.51,,United Kingdom
499459,84870B,BLUE GEISHA GIRL ,4,2010-02-28 11:13:00,3.75,15149.0,United Kingdom
525886,20652,BLUE POLKADOT LUGGAGE TAG ,1,2010-10-07 14:48:00,1.25,12748.0,United Kingdom
544434,21216,"SET 3 RETROSPOT TEA,COFFEE,SUGAR",1,2011-02-18 16:12:00,10.79,,United Kingdom
499066,84978,HANGING HEART JAR T-LIGHT HOLDER,12,2010-02-24 14:30:00,1.25,16742.0,United Kingdom
C525076,22197,SMALL POPCORN HOLDER,-2,2010-10-03 15:25:00,0.85,16485.0,United Kingdom
571061,22173,METAL 4 HOOK HANGER FRENCH CHATEAU,1,2011-10-13 14:33:00,5.79,,United Kingdom
495279,21135,VICTORIAN  METAL POSTCARD SPRING,16,2010-01-22 11:43:00,1.69,14440.0,United Kingdom
541219,21991,BOHEMIAN COLLAGE STATIONERY SET,1,2011-01-14 14:06:00,2.46,,United Kingdom
491431,85099B,JUMBO BAG RED WHITE SPOTTY ,400,2009-12-11 09:58:00,1.65,15769.0,United Kingdom
565473,22742,MAKE YOUR OWN PLAYTIME CARD KIT,6,2011-09-05 10:27:00,2.95,16717.0,United Kingdom
553167,20719,WOODLAND CHARLOTTE BAG,24,2011-05-13 16:19:00,2.46,,United Kingdom
505344,21647,ASSORTED TUTTI FRUTTI LARGE PURSE,12,2010-04-21 13:28:00,2.1,16086.0,United Kingdom
527444,22865,HAND WARMER OWL DESIGN,2,2010-10-18 09:28:00,4.21,,United Kingdom
501284,85199S,SMALL HANGING IVORY/RED WOOD BIRD,24,2010-03-15 14:19:00,0.42,12714.0,France
497029,22035,VINTAGE CARAVAN GREETING CARD ,12,2010-02-05 13:35:00,0.42,13141.0,United Kingdom
512412,22406,MONEY BOX KINGS CHOICE DESIGN,6,2010-06-15 13:24:00,1.25,15044.0,United Kingdom
541827,21706,FOLDING UMBRELLA RED/WHITE POLKADOT,3,2011-01-21 17:05:00,3.29,,United Kingdom
556905,23181,BULL DOG BOTTLE TOP WALL CLOCK,1,2011-06-15 13:05:00,8.25,16904.0,United Kingdom
536121,22734,,27,2010-11-30 11:40:00,0.0,,United Kingdom
572194,21108,FAIRY CAKE FLANNEL ASSORTED COLOUR,9,2011-10-21 11:43:00,0.79,17832.0,United Kingdom
528114,C2,CARRIAGE,1,2010-10-20 14:22:00,50.0,14911.0,EIRE
534555,22480,RED TEA TOWEL CLASSIC DESIGN,12,2010-11-23 12:22:00,1.25,17508.0,Greece
528915,16237,SLEEPING CAT ERASERS,6,2010-10-25 13:57:00,0.21,17432.0,United Kingdom
491893,20728,LUNCH BAG CARS BLUE,2,2009-12-14 15:17:00,1.65,16805.0,United Kingdom
580884,21993,FLORAL FOLK STATIONERY SET,1,2011-12-06 12:21:00,1.25,15907.0,United Kingdom
527139,47567B,TEA TIME KITCHEN APRON,3,2010-10-15 10:16:00,5.95,13136.0,United Kingdom
496868,21216,"SET 3 RED SPOT TIN TEA,COFFEE,SUGAR",10,2010-02-04 12:27:00,4.95,14590.0,United Kingdom
552662,22386,JUMBO BAG PINK POLKADOT,3,2011-05-10 15:04:00,4.13,,United Kingdom
540278,82483,WOOD 2 DRAWER CABINET WHITE FINISH,1,2011-01-06 12:31:00,5.95,15719.0,United Kingdom
573576,21908,CHOCOLATE THIS WAY METAL SIGN,4,2011-10-31 14:09:00,4.13,14096.0,United Kingdom
575330,85199S,SMALL HANGING IVORY/RED WOOD BIRD,24,2011-11-09 13:50:00,0.42,15152.0,United Kingdom
538140,90002D,,9,2010-12-09 15:57:00,0.0,,United Kingdom
510983,16236,KITTY PENCIL ERASERS,3,2010-06-04 12:23:00,0.43,,United Kingdom
490111,21447,12 IVORY ROSE PEG PLACE SETTINGS,1,2009-12-03 16:54:00,1.25,17576.0,United Kingdom
503549,21358,TOAST ITS - HAPPY BIRTHDAY,1,2010-04-01 15:04:00,2.51,,United Kingdom
501176,22498,WOODEN REGATTA BUNTING,3,2010-03-15 11:00:00,5.95,14857.0,United Kingdom
518579,47597,NEW ENGLAND TEATOWELS,1,2010-08-10 12:08:00,1.66,,United Kingdom
547547,21993,FLORAL FOLK STATIONERY SET,2,2011-03-23 15:30:00,2.46,,United Kingdom
574092,21166,COOK WITH WINE METAL SIGN ,48,2011-11-03 09:28:00,1.85,16684.0,United Kingdom
522070,46000M,POLYESTER FILLER PAD 45x45cm,5,2010-09-12 10:30:00,1.55,17377.0,United Kingdom
577495,22750,FELTCRAFT PRINCESS LOLA DOLL,3,2011-11-20 12:20:00,3.75,14704.0,United Kingdom
546656,22570,FELTCRAFT CUSHION RABBIT,1,2011-03-15 14:19:00,7.46,,United Kingdom
530115,22628,PICNIC BOXES SET OF 3 RETROSPOT ,1,2010-11-01 14:22:00,4.95,17190.0,United Kingdom
522172,21931,JUMBO STORAGE BAG SUKI,10,2010-09-13 11:38:00,1.95,13004.0,United Kingdom
572224,21802,CHRISTMAS TREE HEART DECORATION,36,2011-10-21 13:46:00,0.42,16558.0,United Kingdom
576897,37449,CERAMIC CAKE STAND + HANGING CAKES,2,2011-11-17 08:41:00,9.95,17828.0,Malta
566985,82567,"AIRLINE LOUNGE,METAL SIGN",1,2011-09-16 10:42:00,4.13,,United Kingdom
554628,22411,JUMBO SHOPPER VINTAGE RED PAISLEY,10,2011-05-25 11:26:00,2.08,15039.0,United Kingdom
492425,21581,SKULLS  DESIGN  COTTON TOTE BAG,1,2009-12-16 17:58:00,5.17,,United Kingdom
561048,21238,RED RETROSPOT CUP,96,2011-07-24 12:51:00,0.72,12939.0,United Kingdom
560551,22766,PHOTO FRAME CORNICE,1,2011-07-19 12:47:00,2.95,18041.0,United Kingdom
577180,21931,JUMBO STORAGE BAG SUKI,20,2011-11-18 11:27:00,2.08,12380.0,Belgium
496487,22217,T-LIGHT HOLDER HANGING LACE,1,2010-02-01 17:13:00,2.51,,United Kingdom
561334,22619,SET OF 6 SOLDIER SKITTLES,4,2011-07-26 14:27:00,3.75,15440.0,United Kingdom
502886,22379,RECYCLING BAG RETROSPOT ,10,2010-03-29 11:16:00,2.1,16456.0,United Kingdom
578998,22309,TEA COSY RED  STRIPE,2,2011-11-27 16:05:00,2.55,15436.0,United Kingdom
516625,47591A,CAROUSEL CHILDRENS APRON,4,2010-07-21 17:56:00,1.66,,United Kingdom
574720,22467,GUMBALL COAT RACK,2,2011-11-06 14:39:00,2.55,14547.0,United Kingdom
562558,21915,RED  HARMONICA IN BOX ,3,2011-08-05 16:43:00,1.25,13451.0,United Kingdom
504145,20717,STRAWBERRY SHOPPER BAG,10,2010-04-11 13:09:00,1.25,13786.0,United Kingdom
493965,84578,ELEPHANT TOY WITH BLUE T-SHIRT,1,2010-01-08 16:34:00,3.75,14573.0,United Kingdom
511262,22487,WHITE WOOD GARDEN PLANT LADDER,1,2010-06-07 12:43:00,9.95,16655.0,United Kingdom
532747,22305,COFFEE MUG PINK PAISLEY DESIGN,6,2010-11-14 13:16:00,2.55,12923.0,United Kingdom
518649,22580,ADVENT CALENDAR GINGHAM SACK,3,2010-08-10 13:01:00,5.95,13501.0,Switzerland
580358,23313,VINTAGE CHRISTMAS BUNTING,1,2011-12-02 16:07:00,4.95,17238.0,United Kingdom
494918,46776B,WOVEN BERRIES CUSHION COVER ,1,2010-01-19 17:49:00,4.21,,United Kingdom
532113,84859C,PINK DISCO HANDBAG,1,2010-11-10 16:56:00,5.95,16662.0,United Kingdom
553180,21172,PARTY METAL SIGN ,1,2011-05-15 11:35:00,1.45,16466.0,United Kingdom
548490,21399,BLUE POLKADOT COFFEE MUG,48,2011-03-31 13:13:00,0.39,12909.0,United Kingdom
533140,21733,RED HANGING HEART T-LIGHT HOLDER,6,2010-11-16 13:04:00,2.95,15968.0,United Kingdom
499300,22057,CERAMIC PLATE STRAWBERRY DESIGN,24,2010-02-25 20:19:00,0.88,18102.0,United Kingdom
521188,22149,FELTCRAFT 6 FLOWER FRIENDS,6,2010-09-02 16:47:00,2.1,16225.0,United Kingdom
550885,84987,SET OF 36 TEATIME PAPER DOILIES,12,2011-04-21 11:59:00,1.45,16185.0,United Kingdom
504842,22522,CHILDS GARDEN FORK BLUE ,12,2010-04-16 15:55:00,0.85,15259.0,United Kingdom
C570290,21481,FAWN BLUE HOT WATER BOTTLE,-4,2011-10-10 11:54:00,3.75,14665.0,United Kingdom
500121,21239,PINK  SPOTTY CUP,8,2010-03-04 14:05:00,0.85,12490.0,France
577314,22337,ANGEL DECORATION PAINTED ZINC ,24,2011-11-18 13:23:00,0.65,12444.0,Norway
555418,23284,DOORMAT KEEP CALM AND COME IN,20,2011-06-03 10:19:00,6.75,15498.0,United Kingdom
518427,22665,RECIPE BOX BLUE SKETCHBOOK DESIGN,12,2010-08-09 10:27:00,2.95,16282.0,United Kingdom
520728,22411,JUMBO SHOPPER VINTAGE RED PAISLEY,20,2010-08-29 15:47:00,1.95,18226.0,United Kingdom
542398,90123D,WHITE HEART OF GLASS BRACELET,1,2011-01-27 15:36:00,5.95,13174.0,United Kingdom
550638,22900, SET 2 TEA TOWELS I LOVE LONDON ,1,2011-04-19 15:44:00,6.63,,United Kingdom
512177,84380,SET OF 3 BUTTERFLY COOKIE CUTTERS,12,2010-06-14 12:01:00,1.25,15150.0,United Kingdom
580737,22951,60 CAKE CASES DOLLY GIRL DESIGN,24,2011-12-06 09:05:00,0.55,14140.0,United Kingdom
566394,22383,LUNCH BAG SUKI DESIGN ,10,2011-09-12 12:45:00,1.65,13650.0,United Kingdom
578463,23238,SET OF 4 KNICK KNACK TINS LONDON ,6,2011-11-24 12:30:00,4.15,12757.0,Portugal
555201,20974,12 PENCILS SMALL TUBE SKULL,24,2011-06-01 12:10:00,0.65,16969.0,United Kingdom
502249,22487,WHITE WOOD GARDEN PLANT LADDER,1,2010-03-23 14:09:00,9.95,17797.0,United Kingdom
542398,22219,LOVEBIRD HANGING DECORATION WHITE ,2,2011-01-27 15:36:00,0.85,13174.0,United Kingdom
521700,85040A,S/4 PINK FLOWER CANDLES IN BOWL,12,2010-09-08 10:54:00,1.65,14740.0,United Kingdom
515884,85064,CREAM SWEETHEART LETTER RACK,1,2010-07-15 12:00:00,5.45,16435.0,United Kingdom
C567690,20725,LUNCH BAG RED RETROSPOT,-9,2011-09-21 17:01:00,1.65,15810.0,United Kingdom
527262,22908,PACK OF 20 NAPKINS RED APPLES,1,2010-10-15 12:45:00,0.85,15574.0,United Kingdom
494893,21004,ROSE DU SUD CHILDS APRON,6,2010-01-19 13:31:00,4.25,14156.0,EIRE
569700,22466,FAIRY TALE COTTAGE NIGHT LIGHT,1,2011-10-05 15:56:00,4.13,,United Kingdom
496998,48169,,-9,2010-02-05 11:39:00,0.0,,United Kingdom
570466,23207,LUNCH BAG ALPHABET DESIGN,1,2011-10-10 16:03:00,1.65,16791.0,United Kingdom
526409,21777,RECIPE BOX WITH METAL HEART,4,2010-10-11 13:57:00,7.95,15920.0,United Kingdom
580436,23280,FOLDING BUTTERFLY MIRROR HOT PINK ,12,2011-12-04 12:17:00,0.83,13318.0,United Kingdom
517487,84986B,SET OF 36 SILVER PAPER DOILIES,24,2010-07-29 12:34:00,1.45,16779.0,United Kingdom
581401,90214P,"LETTER ""P"" BLING KEY RING",12,2011-12-08 13:43:00,0.29,17644.0,United Kingdom
515598,37503,TEA TIME CAKE STAND IN GIFT BOX,6,2010-07-13 14:07:00,10.75,14895.0,United Kingdom
506250,15044D,RED PAPER PARASOL,2,2010-04-28 13:34:00,2.95,16327.0,United Kingdom
494378,84536B,FAIRY CAKES NOTEBOOK A7 SIZE,1,2010-01-13 17:03:00,0.81,,United Kingdom
567656,85131D,BEADED CRYSTAL HEART PINK ON STICK,21,2011-09-21 14:40:00,0.83,14096.0,United Kingdom
535951,22507,MEMO BOARD RETROSPOT  DESIGN,1,2010-11-29 12:06:00,11.02,,United Kingdom
539002,71477,COLOUR GLASS. STAR T-LIGHT HOLDER,3,2010-12-15 12:30:00,3.25,14527.0,United Kingdom
546911,21668,RED STRIPE CERAMIC DRAWER KNOB,12,2011-03-17 19:47:00,1.25,17725.0,United Kingdom
553140,22090,PAPER BUNTING RETROSPOT,3,2011-05-13 12:53:00,2.95,15373.0,United Kingdom
543660,21889,WOODEN BOX OF DOMINOES,1,2011-02-11 10:40:00,2.46,,United Kingdom
529935,22216,T-LIGHT HOLDER WHITE LACE,2,2010-10-31 14:40:00,0.85,17449.0,United Kingdom
518139,85017B,ENVELOPE 50 BLOSSOM IMAGES,12,2010-08-04 15:52:00,0.85,12765.0,Netherlands
551387,22840,ROUND CAKE TIN VINTAGE RED,4,2011-04-28 11:40:00,7.95,14240.0,United Kingdom
554670,85175,CACTI T-LIGHT CANDLES,16,2011-05-25 15:47:00,0.42,18044.0,United Kingdom
493073,22067,CHOC TRUFFLE GOLD TRINKET POT ,1,2009-12-22 09:41:00,3.43,,United Kingdom
552454,85123A,WHITE HANGING HEART T-LIGHT HOLDER,128,2011-05-09 14:22:00,2.55,18172.0,United Kingdom
516157,48173C,DOORMAT BLACK FLOCK ,1,2010-07-18 11:49:00,7.49,17261.0,United Kingdom
501129,22081,RIBBON REEL FLORA + FAUNA ,4,2010-03-12 16:18:00,1.65,17754.0,United Kingdom
530115,21626,VINTAGE UNION JACK PENNANT,1,2010-11-01 14:22:00,1.95,17190.0,United Kingdom
C562952,23236,STORAGE TIN VINTAGE DOILY ,-1,2011-08-11 10:10:00,2.89,12749.0,United Kingdom
549564,22115,METAL SIGN EMPIRE TEA,3,2011-04-10 14:16:00,2.95,18129.0,United Kingdom
545657,22960,JAM MAKING SET WITH JARS,6,2011-03-04 14:02:00,3.75,14911.0,EIRE
538351,22746,POPPY'S PLAYHOUSE LIVINGROOM ,1,2010-12-10 15:17:00,5.06,,United Kingdom
573772,23372,SET 36 COLOUR PENCILS DOLLY GIRL,16,2011-11-01 10:16:00,1.25,17377.0,United Kingdom
539744,22898,CHILDRENS APRON APPLES DESIGN,1,2010-12-21 15:21:00,4.21,,United Kingdom
512411,84992,72 SWEETHEART FAIRY CAKE CASES,360,2010-06-15 13:19:00,0.42,14156.0,EIRE
516922,22579,WOODEN TREE CHRISTMAS SCANDINAVIAN,6,2010-07-25 11:46:00,0.85,15727.0,United Kingdom
555582,23083,SET 6 PAPER TABLE LANTERN STARS ,6,2011-06-06 09:01:00,3.75,14312.0,United Kingdom
569846,21914,BLUE HARMONICA IN BOX ,12,2011-10-06 13:42:00,1.25,13422.0,United Kingdom
568984,22867,HAND WARMER BIRD DESIGN,1,2011-09-29 15:57:00,2.1,17813.0,United Kingdom
572317,22660,DOORMAT I LOVE LONDON,2,2011-10-23 16:13:00,8.25,14629.0,United Kingdom
576019,21175,GIN + TONIC DIET METAL SIGN,12,2011-11-13 14:31:00,2.55,12865.0,Austria
506281,84856L,LARGE TAHITI BEACH BAG,2,2010-04-28 16:17:00,5.95,14395.0,United Kingdom
C542635,21212,PACK OF 72 RETROSPOT CAKE CASES,-2,2011-01-31 10:43:00,0.42,14688.0,United Kingdom
489856,21129,SILVER FISHING GNOME ,1,2009-12-02 14:36:00,13.0,,United Kingdom
557783,23338,EGG FRYING PAN RED ,1,2011-06-22 15:43:00,2.08,12748.0,United Kingdom
559097,21429,RED GINGHAM ROSE JEWELLERY BOX,8,2011-07-06 10:59:00,1.95,17562.0,United Kingdom
574662,22417,PACK OF 60 SPACEBOY CAKE CASES,24,2011-11-06 12:01:00,0.55,16676.0,United Kingdom
573585,84991,60 TEATIME FAIRY CAKE CASES,1,2011-10-31 14:41:00,1.25,,United Kingdom
505167,22379,RECYCLING BAG RETROSPOT ,2,2010-04-20 12:46:00,2.1,17841.0,United Kingdom
531281,22107,PIZZA PLATE IN BOX,5,2010-11-07 11:55:00,3.75,17062.0,United Kingdom
572559,23350,ROLL WRAP VINTAGE SPOT ,12,2011-10-25 08:44:00,1.25,12476.0,Germany
494382,79323B,BLACK CHERRY LIGHTS,1,2010-01-13 17:51:00,13.57,,United Kingdom
558355,21907,I'M ON HOLIDAY METAL SIGN,3,2011-06-28 14:58:00,2.1,13614.0,United Kingdom
550637,23201,JUMBO BAG ALPHABET,5,2011-04-19 15:39:00,2.08,14415.0,United Kingdom
503428,35594,WOODEN CHRISTMAS TREE 3 HANGING,4,2010-03-31 17:31:00,1.66,,United Kingdom
536592,22420,LIPSTICK PEN BABY PINK,2,2010-12-01 17:06:00,0.85,,United Kingdom
499549,21668,RED STRIPE CERAMIC DRAWER KNOB,18,2010-03-01 12:04:00,1.25,18231.0,United Kingdom
522792,21906,PHARMACIE FIRST AID TIN,6,2010-09-16 14:52:00,6.75,17706.0,United Kingdom
581494,10125,MINI FUNKY DESIGN TAPES,20,2011-12-09 10:13:00,0.85,12518.0,Germany
531490,22650,CERAMIC PIRATE CHEST MONEY BANK,6,2010-11-08 15:09:00,1.45,15005.0,United Kingdom
544201,22699,ROSES REGENCY TEACUP AND SAUCER ,1,2011-02-17 10:11:00,5.79,,United Kingdom
510413,22523,CHILDS GARDEN FORK PINK,3,2010-05-30 11:00:00,0.85,15580.0,United Kingdom
536569,22573,STAR WOODEN CHRISTMAS DECORATION,1,2010-12-01 15:35:00,0.85,16274.0,United Kingdom
505855,22324,BLUE POLKADOT KIDS BAG,12,2010-04-26 12:57:00,1.95,14186.0,United Kingdom
548317,23232,WRAP VINTAGE PETALS  DESIGN,25,2011-03-30 12:43:00,0.42,18179.0,United Kingdom
505710,84997B,RED 3 PIECE MINI DOTS CUTLERY SET,6,2010-04-25 12:36:00,3.75,12474.0,Germany
573841,85036C,ROSE 1 WICK MORRIS BOXED CANDLE,6,2011-11-01 11:39:00,1.25,14995.0,United Kingdom
544662,21212,PACK OF 72 RETROSPOT CAKE CASES,1,2011-02-22 14:10:00,0.55,12845.0,United Kingdom
556636,85131A,BEADED PEARL HEART WHITE ON STICK,4,2011-06-13 15:30:00,0.83,,United Kingdom
514226,22634,CHILDS BREAKFAST SET SPACEBOY ,2,2010-07-01 10:28:00,9.95,12468.0,Germany
543306,20725,LUNCH BAG RED RETROSPOT,2,2011-02-07 11:56:00,1.65,16686.0,United Kingdom
571508,35970,ZINC FOLKART SLEIGH BELLS,2,2011-10-17 15:27:00,4.13,,United Kingdom
552949,22607,WOODEN ROUNDERS GARDEN SET ,2,2011-05-12 12:01:00,9.95,16033.0,United Kingdom
527026,22668,PINK BABY BUNTING,5,2010-10-14 12:05:00,2.95,15252.0,United Kingdom
525102,22560,TRADITIONAL MODELLING CLAY,48,2010-10-04 10:03:00,1.06,16652.0,United Kingdom
533088,22396,MAGNETS PACK OF 4 RETRO PHOTO,12,2010-11-16 10:05:00,1.25,12357.0,Switzerland
495703,21985,PACK OF 12 HEARTS DESIGN TISSUES ,12,2010-01-26 12:55:00,0.29,15518.0,United Kingdom
568367,23224,CHERUB HEART DECORATION GOLD,12,2011-09-26 15:51:00,0.83,15755.0,United Kingdom
555127,22492,MINI PAINT SET VINTAGE ,36,2011-05-31 15:30:00,0.65,15241.0,United Kingdom
569544,23381,PACK OF 12 VINTAGE LEAF TISSUES ,3,2011-10-04 16:33:00,0.83,,United Kingdom
534379,20866,BLUE ROSE FABRIC MIRROR,2,2010-11-22 12:36:00,1.25,14646.0,Netherlands
555278,21381,MINI WOODEN HAPPY BIRTHDAY GARLAND,1,2011-06-01 17:33:00,3.29,,United Kingdom
529843,21175,GIN + TONIC DIET METAL SIGN,3,2010-10-31 12:56:00,2.1,16065.0,United Kingdom
568984,22507,MEMO BOARD RETROSPOT  DESIGN,1,2011-09-29 15:57:00,4.95,17813.0,United Kingdom
548856,21314,SMALL GLASS HEART TRINKET POT,10,2011-04-04 13:26:00,1.85,15311.0,United Kingdom
562779,84692,BOX OF 24 COCKTAIL PARASOLS,4,2011-08-09 12:58:00,0.42,17841.0,United Kingdom
505398,21179,NO JUNK MAIL METAL SIGN,12,2010-04-22 10:10:00,1.25,13855.0,United Kingdom
493395,21270,ANTIQUE CREAM CUTLERY CUPBOARD,2,2009-12-23 13:41:00,12.75,12539.0,Spain
504554,21463,MIRRORED DISCO BALL ,1,2010-04-14 13:35:00,5.95,16442.0,United Kingdom
562204,21358,TOAST ITS - HAPPY BIRTHDAY,1,2011-08-03 12:54:00,1.25,16324.0,United Kingdom
511473,22444,GROW YOUR OWN PLANT IN A CAN ,96,2010-06-08 13:23:00,1.06,12840.0,United Kingdom
561029,21915,RED  HARMONICA IN BOX ,12,2011-07-24 11:25:00,1.25,12490.0,France
489599,20724,RED SPOTTY CHARLOTTE BAG,40,2009-12-01 14:40:00,0.85,12758.0,Portugal
528571,22895,SET OF 2 TEA TOWELS APPLE AND PEARS,6,2010-10-22 12:59:00,2.95,12621.0,Germany
570179,22081,RIBBON REEL FLORA + FAUNA ,10,2011-10-07 14:27:00,1.65,17509.0,United Kingdom
499267,21115,ROSE CARAVAN DOORSTOP,16,2010-02-25 16:01:00,5.95,13935.0,United Kingdom
567854,23201,JUMBO BAG ALPHABET,10,2011-09-22 13:37:00,2.08,14038.0,United Kingdom
511602,22139,RETRO SPOT TEA SET CERAMIC 11 PC ,3,2010-06-09 11:10:00,4.95,17115.0,United Kingdom
493273,22166,"WALL MIRROR , RECT DIAMANTE, PINK/",2,2009-12-22 15:09:00,16.48,,United Kingdom
505169,84875B,GREEN SQUARE COMPACT MIRROR,12,2010-04-20 12:49:00,1.25,17850.0,United Kingdom
536408,22371,AIRLINE BAG VINTAGE TOKYO 78,4,2010-12-01 11:41:00,4.25,14307.0,United Kingdom
522773,21499,BLUE SPOTS  WRAP,25,2010-09-16 14:34:00,0.42,12369.0,Austria
495070,22245,"HOOK, 1 HANGER ,MAGIC GARDEN",5,2010-01-20 17:50:00,1.66,,United Kingdom
560233,21902,"KEY FOB , FRONT  DOOR ",2,2011-07-17 11:10:00,0.65,16813.0,United Kingdom
494814,21626,VINTAGE UNION JACK PENNANT,1,2010-01-19 09:05:00,4.21,,United Kingdom
556517,23208,LUNCH BAG VINTAGE LEAF DESIGN,20,2011-06-13 10:52:00,1.65,12481.0,Germany
549690,21935,SUKI  SHOULDER BAG,1,2011-04-11 13:41:00,1.65,17841.0,United Kingdom
517382,84761,IVORY HANGING BIRD PLANTER ,7,2010-07-28 17:26:00,2.55,14898.0,United Kingdom
578065,17012C,ORIGAMI LAVENDER INCENSE/CANDL SET ,2,2011-11-22 15:41:00,2.46,,United Kingdom
580729,22414,DOORMAT NEIGHBOURHOOD WITCH ,1,2011-12-05 17:24:00,15.79,,United Kingdom
489536,20712,JUMBO BAG WOODLAND ANIMALS,1,2009-12-01 12:13:00,1.95,16393.0,United Kingdom
505873,22524,CHILDRENS GARDEN GLOVES BLUE,1,2010-04-26 13:32:00,2.51,,United Kingdom
546017,22957,SET 3 PAPER VINTAGE CHICK PAPER EGG,4,2011-03-08 17:23:00,2.95,14507.0,United Kingdom
532020,22198,LARGE POPCORN HOLDER ,50,2010-11-10 13:08:00,1.45,15311.0,United Kingdom
505363,21165,BEWARE OF THE CAT METAL SIGN ,24,2010-04-21 15:42:00,1.69,17865.0,United Kingdom
524148,21811,CHRISTMAS HANGING HEART WITH BELL,1,2010-09-27 15:38:00,1.25,14646.0,Netherlands
570229,23280,FOLDING BUTTERFLY MIRROR HOT PINK ,1,2011-10-09 13:30:00,0.83,15756.0,United Kingdom
537237,21821,GLITTER STAR GARLAND WITH BELLS ,1,2010-12-06 09:58:00,7.62,,United Kingdom
549153,22754,SMALL RED BABUSHKA NOTEBOOK ,12,2011-04-06 15:47:00,0.85,13771.0,United Kingdom
515479,21788,KIDS RAIN MAC BLUE,1,2010-07-13 09:58:00,1.66,,United Kingdom
566040,21524,DOORMAT SPOTTY HOME SWEET HOME,2,2011-09-08 13:38:00,8.25,12540.0,Spain
550006,22467,GUMBALL COAT RACK,1,2011-04-14 10:10:00,2.55,17841.0,United Kingdom
526871,85132C,CHARLIE AND LOLA FIGURES TINS,1,2010-10-13 14:03:00,9.95,17814.0,United Kingdom
526715,22537,MAGIC DRAWING SLATE DINOSAUR,24,2010-10-12 16:40:00,0.42,12629.0,Sweden
565917,23118,PARISIENNE JEWELLERY DRAWER ,1,2011-09-07 16:15:00,14.96,,United Kingdom
498103,22147,FELTCRAFT BUTTERFLY HEARTS,12,2010-02-16 13:39:00,1.45,15680.0,United Kingdom
536876,22731,3D CHRISTMAS STAMPS STICKERS ,1,2010-12-03 11:36:00,2.51,,United Kingdom
527459,47570B,TEA TIME TABLE CLOTH,2,2010-10-18 10:32:00,10.65,16069.0,United Kingdom
555722,21116,OWL DOORSTOP,1,2011-06-06 16:06:00,8.29,,United Kingdom
554158,84507B,STRIPES DESIGN MONKEY DOLL,2,2011-05-23 11:44:00,2.55,15563.0,United Kingdom
561893,23108,SET OF 10 LED DOLLY LIGHTS,2,2011-07-31 14:39:00,6.25,12942.0,United Kingdom
531799,22698,PINK REGENCY TEACUP AND SAUCER,24,2010-11-09 15:39:00,2.55,13093.0,United Kingdom
492734,21100,CHARLIE AND LOLA CHARLOTTE BAG,1,2009-12-18 12:04:00,1.65,18036.0,United Kingdom
500124,85099F,JUMBO BAG STRAWBERRY,10,2010-03-04 14:27:00,1.95,14388.0,United Kingdom
527099,21871,SAVE THE PLANET MUG,12,2010-10-14 16:30:00,1.25,15123.0,United Kingdom
497917,85231L,LAVENDER SCENTED SET/9 T-LIGHTS,11,2010-02-14 15:13:00,0.85,13421.0,United Kingdom
529939,21485,RETROSPOT HEART HOT WATER BOTTLE,1,2010-10-31 14:50:00,4.95,14805.0,United Kingdom
570833,22941,CHRISTMAS LIGHTS 10 REINDEER,2,2011-10-12 13:30:00,8.5,14834.0,United Kingdom
525862,21826,EIGHT PIECE DINOSAUR SET,5,2010-10-07 13:21:00,1.25,14606.0,United Kingdom
500711,22487,WHITE WOOD GARDEN PLANT LADDER,1,2010-03-09 14:03:00,9.95,13627.0,United Kingdom
506577,47593A,CAROUSEL DESIGN BABY BIB,2,2010-04-30 13:45:00,0.85,,United Kingdom
554323,23206,LUNCH BAG APPLE DESIGN,10,2011-05-23 15:33:00,1.65,16729.0,United Kingdom
570496,22629,SPACEBOY LUNCH BOX ,12,2011-10-11 09:05:00,1.95,16422.0,United Kingdom
533737,20981,12 PENCILS TALL TUBE WOODLAND,1,2010-11-18 13:55:00,1.66,,United Kingdom
502997,72801c,S/4 ROSE PINK DINNER CANDLES,1,2010-03-29 14:58:00,2.51,,United Kingdom
559036,22383,LUNCH BAG SUKI DESIGN ,10,2011-07-05 15:14:00,1.65,12637.0,France
500540,22301,COFFEE MUG CAT + BIRD DESIGN,6,2010-03-08 15:15:00,2.55,13911.0,United Kingdom
516908,48188,DOORMAT WELCOME PUPPIES,2,2010-07-25 11:00:00,7.49,16326.0,United Kingdom
534709,85123A,WHITE HANGING HEART T-LIGHT HOLDER,7,2010-11-23 16:53:00,5.91,,United Kingdom
504120,22131,FOOD CONTAINER SET 3 LOVE HEART ,1,2010-04-09 17:13:00,1.95,15889.0,United Kingdom
571442,23322,LARGE WHITE HEART OF WICKER,6,2011-10-17 13:39:00,2.95,17049.0,United Kingdom
517132,22374,AIRLINE BAG VINTAGE JET SET RED,2,2010-07-27 10:21:00,6.35,13115.0,United Kingdom
564372,23208,LUNCH BAG VINTAGE LEAF DESIGN,10,2011-08-25 09:55:00,1.65,12714.0,France
504893,72741,GRAND CHOCOLATECANDLE,9,2010-04-18 14:06:00,1.45,15972.0,United Kingdom
542717,22261,FELT EGG COSY WHITE RABBIT ,2,2011-01-31 14:07:00,0.85,17580.0,United Kingdom
523468,21870,I CAN ONLY PLEASE ONE PERSON MUG,12,2010-09-22 11:40:00,1.06,17850.0,United Kingdom
519722,85178,VICTORIAN SEWING KIT,144,2010-08-19 16:53:00,0.85,12435.0,Denmark
568166,84692,BOX OF 24 COCKTAIL PARASOLS,3,2011-09-25 12:45:00,0.42,14800.0,United Kingdom
560772,23182,TOILET SIGN OCCUPIED OR VACANT,1,2011-07-20 16:12:00,2.46,,United Kingdom
522629,21754,HOME BUILDING BLOCK WORD,1,2010-09-15 17:07:00,5.95,15272.0,United Kingdom
511018,21539,RED RETROSPOT BUTTER DISH,2,2010-06-04 15:50:00,10.17,,United Kingdom
520858,21531,RED RETROSPOT SUGAR JAM BOWL,6,2010-08-31 13:42:00,2.55,13963.0,United Kingdom
517384,90200E,GREEN SWEETHEART BRACELET,1,2010-07-28 17:46:00,4.25,16984.0,United Kingdom
536354,22607,WOODEN ROUNDERS GARDEN SET ,2,2010-11-30 17:43:00,9.95,17820.0,United Kingdom
525020,21892,TRADITIONAL WOODEN CATCH CUP GAME ,6,2010-10-03 11:53:00,1.25,13590.0,United Kingdom
544110,22722,SET OF 6 SPICE TINS PANTRY DESIGN,1,2011-02-16 11:03:00,3.95,15059.0,United Kingdom
524691,21488,RED WHITE SCARF  HOT WATER BOTTLE,8,2010-09-30 11:51:00,3.95,18178.0,United Kingdom
558085,22169,FAMILY ALBUM WHITE PICTURE FRAME,2,2011-06-26 11:53:00,8.5,13021.0,United Kingdom
548211,21715,GIRLS VINTAGE TIN SEASIDE BUCKET,32,2011-03-30 09:06:00,2.1,14646.0,Netherlands
490074,21949,SET OF 6 STRAWBERRY CHOPSTICKS,1,2009-12-03 14:39:00,2.57,,United Kingdom
568146,23349,ROLL WRAP VINTAGE CHRISTMAS,12,2011-09-25 11:33:00,1.25,16169.0,United Kingdom
550152,22190,LOCAL CAFE MUG,1,2011-04-14 14:43:00,2.1,17362.0,United Kingdom
510806,22115,METAL SIGN EMPIRE TEA,3,2010-06-03 19:05:00,2.95,17107.0,United Kingdom
575767,21866,UNION JACK FLAG LUGGAGE TAG,1,2011-11-11 11:11:00,1.25,17348.0,United Kingdom
540153,22678,FRENCH BLUE METAL DOOR SIGN 3,10,2011-01-05 11:25:00,1.25,15841.0,United Kingdom
497388,22210,WOOD STAMP SET BEST WISHES,1,2010-02-09 12:23:00,1.65,15003.0,United Kingdom
542718,46000S,POLYESTER FILLER PAD 40x40cm,2,2011-01-31 14:13:00,1.45,15602.0,United Kingdom
504873,85099B,RED RETROSPOT JUMBO BAG ,10,2010-04-18 12:36:00,1.95,14817.0,United Kingdom
553462,23172,REGENCY TEA PLATE PINK,12,2011-05-17 10:57:00,1.65,17147.0,United Kingdom
524617,21164,HOME SWEET HOME METAL SIGN ,6,2010-09-30 10:24:00,2.95,17146.0,United Kingdom
506898,21624,VINTAGE UNION JACK DOORSTOP,3,2010-05-05 09:35:00,5.95,16135.0,United Kingdom
513050,22435,SET OF 9 HEART SHAPED BALLOONS,10,2010-06-21 13:18:00,1.25,14493.0,United Kingdom
506224,82484,WOOD BLACK BOARD ANT WHITE FINISH,1,2010-04-28 11:55:00,13.57,,United Kingdom
505510,21155,RED SPOTTY PEG BAG,1,2010-04-22 14:33:00,4.21,,United Kingdom
521901,21175,GIN + TONIC DIET METAL SIGN,1,2010-09-09 12:37:00,2.1,14688.0,United Kingdom
498759,15056N,EDWARDIAN PARASOL NATURAL,12,2010-02-22 16:58:00,5.95,14156.0,EIRE
561209,21242,RED RETROSPOT PLATE ,4,2011-07-25 16:57:00,3.29,,United Kingdom
523508,22666,RECIPE BOX PANTRY YELLOW DESIGN,1,2010-09-22 12:13:00,5.91,,United Kingdom
576051,23285,PINK VINTAGE SPOT BEAKER,8,2011-11-13 14:45:00,0.85,14911.0,EIRE
549247,84970L,SINGLE HEART ZINC T-LIGHT HOLDER,24,2011-04-07 12:04:00,0.95,13752.0,United Kingdom
557799,22693,GROW A FLYTRAP OR SUNFLOWER IN TIN,24,2011-06-23 09:53:00,1.25,14854.0,United Kingdom
525455,22560,TRADITIONAL MODELLING CLAY,24,2010-10-05 14:19:00,1.25,13800.0,United Kingdom
507391,22265,EASTER DECORATION NATURAL CHICK,1,2010-05-09 12:30:00,0.65,14044.0,United Kingdom
560383,22666,RECIPE BOX PANTRY YELLOW DESIGN,6,2011-07-18 12:52:00,2.95,16762.0,United Kingdom
528782,21311,SET/4 BIRD MIRROR MAGNETS ,6,2010-10-25 10:00:00,2.1,13462.0,United Kingdom
575640,21700,BIG DOUGHNUT FRIDGE MAGNETS,1,2011-11-10 14:01:00,0.85,13148.0,United Kingdom
532665,22812,PACK 3 BOXES CHRISTMAS PANNETONE,1,2010-11-14 11:37:00,1.95,14052.0,United Kingdom
510181,22197,SMALL POPCORN HOLDER,12,2010-05-27 15:29:00,0.85,15785.0,United Kingdom
572319,82482,WOODEN PICTURE FRAME WHITE FINISH,3,2011-10-23 16:19:00,2.95,14704.0,United Kingdom
519619,85014B,RED/WHITE DOTS RUFFLED UMBRELLA,1,2010-08-19 09:22:00,12.72,,United Kingdom
540121,22245,"HOOK, 1 HANGER ,MAGIC GARDEN",12,2011-01-05 10:35:00,0.85,16145.0,United Kingdom
565407,84012,MAGIC SHEEP WOOL GROWING FROM PAPER,4,2011-09-04 11:00:00,0.85,16983.0,United Kingdom
513581,22386,JUMBO BAG PINK WITH WHITE SPOTS,10,2010-06-25 16:42:00,1.95,15660.0,United Kingdom
578069,22197,POPCORN HOLDER,24,2011-11-22 15:49:00,0.85,14329.0,United Kingdom
540698,21906,PHARMACIE FIRST AID TIN,114,2011-01-11 09:24:00,7.13,17450.0,United Kingdom
515126,84990,60 GOLD AND SILVER FAIRY CAKE CASES,24,2010-07-08 14:18:00,0.55,16650.0,United Kingdom
558116,20685,DOORMAT RED RETROSPOT,1,2011-06-27 09:11:00,16.63,,United Kingdom
523304,20970,PINK FLORAL FELTCRAFT SHOULDER BAG,1,2010-09-21 12:46:00,3.75,14688.0,United Kingdom
512696,90181A,AMBER GLASS/SHELL/PEARL NECKLACE,1,2010-06-17 11:57:00,8.95,14911.0,EIRE
558685,23055,IVORY CHANDELIER T-LIGHT HOLDER,6,2011-07-01 11:32:00,6.25,17706.0,United Kingdom
C520329,71477,COLOUR GLASS. STAR T-LIGHT HOLDER,-3,2010-08-25 12:25:00,2.75,16779.0,United Kingdom
538910,22776,SWEETHEART CAKESTAND 3 TIER,1,2010-12-15 10:54:00,9.95,17454.0,United Kingdom
525448,21452,TOADSTOOL MONEY BOX,1,2010-10-05 14:05:00,2.95,16938.0,United Kingdom
551193,22026,BANQUET BIRTHDAY  CARD  ,12,2011-04-27 11:05:00,0.42,17954.0,United Kingdom
523097,48129,DOORMAT TOPIARY,1,2010-09-20 12:21:00,7.95,17055.0,United Kingdom
564437,20717,STRAWBERRY SHOPPER BAG,10,2011-08-25 12:10:00,1.25,13320.0,United Kingdom
560779,84380,SET OF 3 BUTTERFLY COOKIE CUTTERS,2,2011-07-21 09:30:00,3.29,,United Kingdom
560772,23296,SET OF 6 TEA TIME BAKING CASES,1,2011-07-20 16:12:00,3.29,,United Kingdom
502615,22379,RECYCLING BAG RETROSPOT ,5,2010-03-25 14:26:00,2.1,13285.0,United Kingdom
581418,23240,SET OF 4 KNICK KNACK TINS DOILY ,6,2011-12-08 15:02:00,4.15,17451.0,United Kingdom
555276,23201,JUMBO BAG ALPHABET,2,2011-06-01 17:28:00,4.13,,United Kingdom
542080,21430,SET/3 RED GINGHAM ROSE STORAGE BOX,4,2011-01-25 12:16:00,3.75,13815.0,Germany
544434,22966,GINGERBREAD MAN COOKIE CUTTER,3,2011-02-18 16:12:00,1.25,,United Kingdom
568154,22577,WOODEN HEART CHRISTMAS SCANDINAVIAN,18,2011-09-25 12:06:00,0.29,13787.0,United Kingdom
536031,84951A,SET OF 4 PISTACHIO LOVEBIRD COASTER,1,2010-11-29 16:45:00,5.06,,United Kingdom
578347,22564,ALPHABET STENCIL CRAFT,2,2011-11-24 09:26:00,2.46,,United Kingdom
499973,21385,IVORY HANGING DECORATION  HEART,1,2010-03-03 14:42:00,0.85,13595.0,United Kingdom
504132,84755,COLOUR GLASS T-LIGHT HOLDER HANGING,720,2010-04-11 11:22:00,0.55,17133.0,United Kingdom
498046,84946,ANTIQUE SILVER TEA GLASS ETCHED,12,2010-02-16 10:44:00,1.25,15051.0,United Kingdom
579508,22784,LANTERN CREAM GAZEBO ,2,2011-11-29 16:33:00,10.79,,United Kingdom
541564,48138,DOORMAT UNION FLAG,1,2011-01-19 11:38:00,7.95,16904.0,United Kingdom
576618,22283,6 EGG HOUSE PAINTED WOOD,1,2011-11-15 17:00:00,15.79,,United Kingdom
548208,22083,PAPER CHAIN KIT RETROSPOT,6,2011-03-29 17:12:00,2.95,14189.0,United Kingdom
523960,35954,SMALL FOLKART STAR CHRISTMAS DEC,1,2010-09-26 12:51:00,0.42,16340.0,United Kingdom
498163,21500,PINK SPOTS  WRAP ,25,2010-02-17 12:12:00,0.42,17511.0,United Kingdom
532139,21982,PACK OF 12 SUKI TISSUES ,1,2010-11-11 11:18:00,0.85,,United Kingdom
531367,21495,SKULLS AND CROSSBONES WRAP,15,2010-11-07 14:56:00,0.42,13211.0,United Kingdom
567667,22653,BUTTON BOX ,2,2011-09-21 15:24:00,1.63,,United Kingdom
502861,85186C,BUNNY EGG GARLAND,4,2010-03-28 15:16:00,0.42,14583.0,United Kingdom
524484,84534B,FAIRY CAKE NOTEBOOK A5 SIZE,12,2010-09-29 11:48:00,0.85,14422.0,United Kingdom
535250,21705,BAG 500g SWIRLY MARBLES,1,2010-11-25 12:56:00,1.65,15987.0,United Kingdom
577504,21212,PACK OF 72 RETROSPOT CAKE CASES,1,2011-11-20 12:36:00,0.55,14159.0,United Kingdom
490286,84623,PINK GINGHAM ROSE FLOOR CUSHION,1,2009-12-04 12:59:00,7.95,14527.0,United Kingdom
536420,22358,KINGS CHOICE TEA CADDY ,6,2010-12-01 12:03:00,2.95,16583.0,United Kingdom
489552,84997A,GREEN 3 PIECE MINI DOTS CUTLERY SET,6,2009-12-01 12:36:00,3.75,17063.0,United Kingdom
575692,23334,IVORY WICKER HEART SMALL,9,2011-11-10 16:27:00,0.63,12508.0,France
527344,85132C,CHARLIE AND LOLA FIGURES TINS,12,2010-10-15 15:38:00,1.95,13069.0,United Kingdom
525102,21915,RED  HARMONICA IN BOX ,24,2010-10-04 10:03:00,1.25,16652.0,United Kingdom
519786,22295,HEART FILIGREE DOVE LARGE,12,2010-08-20 12:00:00,1.65,13117.0,United Kingdom
503780,22423,REGENCY CAKESTAND 3 TIER,1,2010-04-07 11:52:00,12.75,14527.0,United Kingdom
507793,40018F,CHERRY DESIGN PAPERLANTERNS,5,2010-05-11 12:40:00,1.95,12549.0,USA
536412,22327,ROUND SNACK BOXES SET OF 4 SKULLS,1,2010-12-01 11:49:00,2.95,17920.0,United Kingdom
497873,21775,DECORATIVE FLORE BATHROOM BOTTLE,3,2010-02-12 17:03:00,2.51,,United Kingdom
505209,22308,TEA COSY BLUE STRIPE,1,2010-04-20 17:25:00,2.55,14081.0,United Kingdom
509416,84482,BUTTONS DESIGN JEWELLERY BOX,1,2010-05-23 12:50:00,3.75,14505.0,United Kingdom
560977,21974,SET OF 36 PAISLEY FLOWER DOILIES,12,2011-07-22 12:09:00,1.45,16839.0,United Kingdom
494382,84968B,S/16 VINTAGE IVORY CUTLERY,4,2010-01-13 17:51:00,11.02,,United Kingdom
551547,22383,LUNCH BAG SUKI DESIGN ,18,2011-05-03 09:44:00,4.96,,United Kingdom
577508,21818,GLITTER HEART DECORATION,5,2011-11-20 12:45:00,0.39,18127.0,United Kingdom
547398,22196,SMALL HEART MEASURING SPOONS,1,2011-03-22 16:55:00,1.63,,United Kingdom
508501,21166,COOK WITH WINE METAL SIGN ,48,2010-05-16 15:39:00,1.69,13798.0,United Kingdom
559807,22978,PANTRY ROLLING PIN,2,2011-07-12 14:48:00,3.75,17841.0,United Kingdom
519241,22152,PLACE SETTING WHITE STAR,24,2010-08-15 14:01:00,0.42,14415.0,United Kingdom
562615,21033,JUMBO BAG CHARLIE AND LOLA TOYS,10,2011-08-08 12:20:00,2.08,16458.0,United Kingdom
550636,22133,PINK LOVE HEART SHAPE CUP,1,2011-04-19 15:37:00,1.63,,United Kingdom
555150,22488,NATURAL SLATE RECTANGLE CHALKBOARD,5,2011-05-31 15:53:00,3.29,,United Kingdom
493079,37448,CERAMIC CAKE DESIGN SPOTTED MUG,1,2009-12-22 09:52:00,3.43,,United Kingdom
527359,22746,POPPY'S PLAYHOUSE LIVINGROOM ,4,2010-10-17 10:43:00,2.1,14451.0,United Kingdom
526415,22727,ALARM CLOCK BAKELIKE RED ,1,2010-10-11 14:21:00,3.75,,United Kingdom
507295,22078,RIBBON REEL LACE DESIGN ,10,2010-05-07 14:37:00,2.1,18254.0,United Kingdom
519247,20726,LUNCH BAG WOODLAND,10,2010-08-15 14:38:00,1.65,16101.0,United Kingdom
499762,21754,HOME BUILDING BLOCK WORD,1,2010-03-02 12:48:00,5.95,14818.0,United Kingdom
534886,84817,DANISH ROSE DECORATIVE PLATE,6,2010-11-24 14:49:00,2.1,,Portugal
537163,22712,CARD DOLLY GIRL ,12,2010-12-05 13:21:00,0.42,17863.0,United Kingdom
560249,22144,CHRISTMAS CRAFT LITTLE FRIENDS,1,2011-07-17 12:26:00,2.1,17571.0,United Kingdom
572129,21035,SET/2 RED RETROSPOT TEA TOWELS ,6,2011-10-21 09:25:00,3.25,17528.0,United Kingdom
516921,22445,PENCIL CASE LIFE IS BEAUTIFUL,6,2010-07-25 11:37:00,2.95,12866.0,Belgium
509916,35965,FOLKART HEART NAPKIN RINGS,2,2010-05-26 11:46:00,2.95,14606.0,United Kingdom
492714,22274,FELTCRAFT DOLL EMILY,3,2009-12-18 10:24:00,2.95,17913.0,United Kingdom
561119,22627,MINT KITCHEN SCALES,2,2011-07-25 12:34:00,8.5,17719.0,United Kingdom
489830,22350,CAT BOWL ,2,2009-12-02 13:57:00,2.55,13623.0,United Kingdom
548737,23159,SET OF 5 PANCAKE DAY MAGNETS,12,2011-04-04 11:18:00,2.08,12682.0,France
490667,21134,VICTORIAN METAL POSTCARD CHRISTMAS,1,2009-12-07 12:32:00,1.65,13234.0,United Kingdom
528624,22749,FELTCRAFT PRINCESS CHARLOTTE DOLL,3,2010-10-24 10:56:00,3.75,17358.0,United Kingdom
509668,22508,DOORSTOP RETROSPOT HEART,2,2010-05-25 12:03:00,3.75,14049.0,United Kingdom
519909,82494L,WOODEN FRAME ANTIQUE WHITE ,2,2010-08-22 13:45:00,2.95,16456.0,United Kingdom
535951,21258,VICTORIAN SEWING BOX LARGE,1,2010-11-29 12:06:00,25.49,,United Kingdom
556882,82580,BATHROOM METAL SIGN,4,2011-06-15 12:21:00,0.55,14395.0,United Kingdom
526426,90175C,BLUE GLASS CHUNKY CHARM BRACELET,6,2010-10-11 15:08:00,8.95,16036.0,United Kingdom
500148,72807A,SET/3 ROSE CANDLE IN JEWELLED BOX,4,2010-03-04 17:29:00,3.81,17448.0,United Kingdom
565201,22667,RECIPE BOX RETROSPOT ,6,2011-09-01 16:41:00,2.95,14907.0,United Kingdom
539436,22366,DOORMAT AIRMAIL ,1,2010-12-17 14:49:00,14.43,,United Kingdom
566281,21447,12 IVORY ROSE PEG PLACE SETTINGS,6,2011-09-11 14:15:00,1.25,12748.0,United Kingdom
510519,22035,VINTAGE CARAVAN GREETING CARD ,1,2010-06-01 13:49:00,0.85,,United Kingdom
536876,21218,RED SPOTTY BISCUIT TIN,3,2010-12-03 11:36:00,8.47,,United Kingdom
C577752,22065,CHRISTMAS PUDDING TRINKET POT ,-6,2011-11-21 14:37:00,0.39,16670.0,United Kingdom
562949,15056P,EDWARDIAN PARASOL PINK,3,2011-08-11 09:47:00,5.95,14346.0,United Kingdom
505162,84519B,CARROT CHARLIE+LOLA COASTER SET,2,2010-04-20 12:13:00,2.95,14812.0,United Kingdom
565443,22423,REGENCY CAKESTAND 3 TIER,4,2011-09-04 14:22:00,12.75,12567.0,France
527751,85170A,SET/6 IVORY BIRD T-LIGHT CANDLES,24,2010-10-18 16:38:00,1.69,17848.0,United Kingdom
566620,22621,TRADITIONAL KNITTING NANCY,12,2011-09-14 09:21:00,1.65,13588.0,United Kingdom
536837,22173,METAL 4 HOOK HANGER FRENCH CHATEAU,8,2010-12-02 18:15:00,2.95,14395.0,United Kingdom
497208,48138,DOOR MAT UNION FLAG,1,2010-02-07 12:16:00,7.49,15584.0,United Kingdom
505236,22507,MEMO BOARD RETROSPOT  DESIGN,4,2010-04-21 10:58:00,4.95,12391.0,Cyprus
566286,85099B,JUMBO BAG RED RETROSPOT,10,2011-09-11 14:58:00,2.08,14057.0,United Kingdom
571676,21889,WOODEN BOX OF DOMINOES,1,2011-10-18 13:29:00,1.25,16910.0,United Kingdom
581122,21232,STRAWBERRY CERAMIC TRINKET POT,12,2011-12-07 12:33:00,1.25,12839.0,United Kingdom
546132,23127,DOLLCRAFT GIRL NICOLE,12,2011-03-09 15:17:00,4.95,15057.0,United Kingdom
556954,85199L,LARGE HANGING IVORY & RED WOOD BIRD,12,2011-06-16 08:38:00,0.65,15585.0,United Kingdom
581001,22326,ROUND SNACK BOXES SET OF4 WOODLAND ,12,2011-12-07 08:07:00,2.95,12583.0,France
577485,22562,MONSTERS STENCIL CRAFT,2,2011-11-20 11:56:00,1.25,16360.0,United Kingdom
538077,48173C,DOORMAT BLACK FLOCK ,2,2010-12-09 14:19:00,7.95,14667.0,United Kingdom
538255,17012D,ORIGAMI ROSE INCENSE/CANDLE SET ,6,2010-12-10 12:33:00,2.55,14911.0,EIRE
570238,23061,VINTAGE EMBOSSED HEART,12,2011-10-09 15:01:00,1.25,16332.0,United Kingdom
493073,21541,DINOSAURS WATER TRANSFER TATTOOS ,2,2009-12-22 09:41:00,1.7,,United Kingdom
492432,21358,TOAST ITS - HAPPY BIRTHDAY,12,2009-12-17 09:55:00,1.25,13491.0,United Kingdom
537208,22725,ALARM CLOCK BAKELIKE CHOCOLATE,1,2010-12-05 15:12:00,3.75,15889.0,United Kingdom
575647,23691,WRAP KEEP CALM BIRTHDAY,25,2011-11-10 14:16:00,0.42,16440.0,United Kingdom
537376,22568,FELTCRAFT CUSHION OWL,24,2010-12-06 12:59:00,3.39,16722.0,United Kingdom
570677,85099B,JUMBO BAG RED RETROSPOT,6,2011-10-11 15:10:00,2.08,12836.0,United Kingdom
526473,22470,HEART OF WICKER LARGE,6,2010-10-11 17:01:00,2.95,16407.0,United Kingdom
571903,22632,HAND WARMER RED RETROSPOT,12,2011-10-19 14:40:00,2.1,15754.0,United Kingdom
547811,22418,10 COLOUR SPACEBOY PEN,24,2011-03-25 14:01:00,0.85,17368.0,United Kingdom
521130,82582,AREA PATROLLED METAL SIGN,6,2010-09-02 12:44:00,2.1,15856.0,United Kingdom
536001,22604,SET OF 4 NAPKIN CHARMS CUTLERY,1,2010-11-29 14:21:00,2.55,17814.0,United Kingdom
538533,22296,HEART IVORY TRELLIS LARGE,24,2010-12-13 10:31:00,1.65,14796.0,United Kingdom
576062,22465,HANGING METAL STAR LANTERN,6,2011-11-13 15:30:00,1.65,12867.0,United Kingdom
575739,23321,SMALL WHITE HEART OF WICKER,8,2011-11-11 09:05:00,3.29,,United Kingdom
507639,84797B,BLUE SAVANNAH PICNIC HAMPER FOR 4,2,2010-05-10 14:57:00,16.95,13319.0,United Kingdom
506496,21742,LARGE ROUND WICKER PLATTER ,2,2010-04-30 10:55:00,5.95,17005.0,United Kingdom
550941,84279B,CHERRY BLOSSOM DECORATIVE FLASK,1,2011-04-21 15:46:00,3.75,17109.0,United Kingdom
558475,22701,PINK DOG BOWL,3,2011-06-29 15:58:00,2.46,,United Kingdom
543010,22623,BOX OF VINTAGE JIGSAW BLOCKS ,3,2011-02-02 13:16:00,4.95,18250.0,United Kingdom
505976,21564,PINK  HEART SHAPE LOVE BUCKET ,6,2010-04-27 08:58:00,2.95,14625.0,United Kingdom
540418,22264,FELT FARM ANIMAL WHITE BUNNY ,2,2011-01-07 11:04:00,0.81,,United Kingdom
559676,84970L,SINGLE HEART ZINC T-LIGHT HOLDER,12,2011-07-11 14:40:00,0.95,17340.0,United Kingdom
540664,22697,GREEN REGENCY TEACUP AND SAUCER,1,2011-01-10 15:18:00,2.95,15044.0,United Kingdom
577182,22780,LIGHT GARLAND BUTTERFILES PINK,4,2011-11-18 11:39:00,4.25,16945.0,United Kingdom
494495,21259,VICTORIAN SEWING BOX SMALL ,1,2010-01-14 17:43:00,12.72,,United Kingdom
490479,35443,RASTA IN BATH W SPLIFF ASHTRAY,1,2009-12-06 12:42:00,0.85,16779.0,United Kingdom
565921,72816,SET/3 CHRISTMAS DECOUPAGE CANDLES,12,2011-09-08 09:13:00,1.25,13889.0,United Kingdom
500541,22050,PINK PAISLEY ROSE GIFT WRAP,25,2010-03-08 15:26:00,0.42,18245.0,United Kingdom
560651,M,Manual,1,2011-07-20 11:38:00,451.42,15802.0,United Kingdom
528111,22548,HEADS AND TAILS SPORTING FUN,4,2010-10-20 14:10:00,1.25,16702.0,United Kingdom
553046,22382,LUNCH BAG SPACEBOY DESIGN ,10,2011-05-13 09:37:00,1.65,13534.0,United Kingdom
526712,22986,GINGHAM ROSE WRAP,25,2010-10-12 16:38:00,0.42,14154.0,United Kingdom
489913,22179,SET 10 LIGHTS NIGHT OWL,6,2009-12-03 10:28:00,6.75,13931.0,United Kingdom
580163,22866,HAND WARMER SCOTTY DOG DESIGN,12,2011-12-02 11:12:00,2.1,12828.0,United Kingdom
560392,22383,LUNCH BAG SUKI DESIGN ,10,2011-07-18 13:30:00,1.65,13911.0,United Kingdom
555925,22254,FELT TOADSTOOL LARGE,1,2011-06-07 17:13:00,2.46,,United Kingdom
538071,22095,LADS ONLY TISSUE BOX,2,2010-12-09 14:09:00,2.51,,United Kingdom
525165,85123A,WHITE HANGING HEART T-LIGHT HOLDER,3,2010-10-04 12:07:00,2.95,16458.0,United Kingdom
533325,21166,COOK WITH WINE METAL SIGN ,48,2010-11-16 17:40:00,1.69,13798.0,United Kingdom
496487,21255,"FRENCH BOTTLE , LAVENDER",1,2010-02-01 17:13:00,3.36,,United Kingdom
564336,22274,FELTCRAFT DOLL EMILY,1,2011-08-24 14:28:00,2.95,12748.0,United Kingdom
C503233,22467,GUMBALL COAT RACK,-1,2010-03-30 17:03:00,2.55,15808.0,United Kingdom
537374,22943,CHRISTMAS LIGHTS 10 VINTAGE BAUBLES,2,2010-12-06 12:55:00,4.95,17259.0,United Kingdom
515183,35963,FOLKART ZINC CLIP ON ANGEL WINGS,2,2010-07-08 20:00:00,0.38,16549.0,United Kingdom
503427,84837,WHITE SWEETHEARTS CABINET 4 DRAWERS,1,2010-03-31 17:29:00,12.75,13576.0,United Kingdom
536777,20975,12 PENCILS SMALL TUBE RED RETROSPOT,24,2010-12-02 15:00:00,0.65,15732.0,United Kingdom
536876,22469,HEART OF WICKER SMALL,33,2010-12-03 11:36:00,3.36,,United Kingdom
536412,22759,SET OF 3 NOTEBOOKS IN PARCEL,5,2010-12-01 11:49:00,1.65,17920.0,United Kingdom
527277,90214M,"LETTER ""M"" BLING KEY RING",12,2010-10-15 13:21:00,1.25,16779.0,United Kingdom
528880,21231,SWEETHEART CERAMIC TRINKET BOX,12,2010-10-25 12:18:00,1.25,13733.0,United Kingdom
533510,22806,SET OF 6 T-LIGHTS WEDDING CAKE ,3,2010-11-17 14:31:00,2.95,17987.0,United Kingdom
531690,21989,PACK OF 20 SKULL PAPER NAPKINS,17,2010-11-09 11:49:00,2.51,,United Kingdom
494381,21578,WOODLAND DESIGN  COTTON TOTE BAG,3,2010-01-13 17:44:00,2.51,,United Kingdom
573264,23414,ZINC BOX SIGN HOME,1,2011-10-28 12:36:00,9.95,14415.0,United Kingdom
531190,22398,MAGNETS PACK OF 4 SWALLOWS,12,2010-11-05 15:08:00,1.25,12480.0,Germany
554066,21733,RED HANGING HEART T-LIGHT HOLDER,64,2011-05-22 10:40:00,2.55,12916.0,United Kingdom
505000,20899,VINTAGE NOTEBOOK RED ROSE,1,2010-04-19 12:28:00,2.95,16470.0,United Kingdom
551269,21561,DINOSAUR LUNCH BOX WITH CUTLERY,6,2011-04-27 12:21:00,2.55,12840.0,United Kingdom
545559,21929,JUMBO BAG PINK VINTAGE PAISLEY,2,2011-03-03 15:31:00,1.95,15005.0,United Kingdom
518775,21269,ANTIQUE CREAM CUTLERY SHELF ,1,2010-08-11 15:46:00,16.98,,United Kingdom
562933,23307,SET OF 60 PANTRY DESIGN CAKE CASES ,3,2011-08-10 16:51:00,1.25,,United Kingdom
521378,21527,RED RETROSPOT TRADITIONAL TEAPOT ,2,2010-09-05 12:05:00,7.95,16434.0,United Kingdom
523560,DOT,DOTCOM POSTAGE,1,2010-09-22 15:17:00,58.64,,United Kingdom
576543,22573,STAR WOODEN CHRISTMAS DECORATION,24,2011-11-15 12:50:00,0.85,13236.0,United Kingdom
550408,23205,CHARLOTTE BAG VINTAGE ALPHABET ,10,2011-04-18 11:59:00,0.85,16746.0,United Kingdom
538171,21327,SKULLS WRITING SET ,2,2010-12-09 20:01:00,1.65,17530.0,United Kingdom
575731,21232,STRAWBERRY CERAMIC TRINKET POT,4,2011-11-10 20:01:00,1.25,13230.0,United Kingdom
546686,22471,TV DINNER TRAY AIR HOSTESS ,3,2011-03-16 09:52:00,4.95,14636.0,United Kingdom
538040,20685,DOORMAT RED RETROSPOT,1,2010-12-09 13:08:00,7.95,16520.0,United Kingdom
501664,47591D,PINK FAIRY CAKE CHILD'S APRON,8,2010-03-18 14:12:00,1.95,16303.0,United Kingdom
494019,22297,HEART IVORY TRELLIS SMALL,1,2010-01-11 09:38:00,2.57,,United Kingdom
547379,20675,BLUE POLKADOT BOWL,8,2011-03-22 15:13:00,1.25,12720.0,Germany
568227,23426,METAL SIGN DROP YOUR PANTS,2,2011-09-26 10:57:00,2.89,17841.0,United Kingdom
528087,20966,SANDWICH BATH SPONGE,1,2010-10-20 13:09:00,1.25,16521.0,United Kingdom
551176,22266,EASTER DECORATION HANGING BUNNY,1,2011-04-26 17:18:00,0.65,,United Kingdom
560567,22646,CERAMIC STRAWBERRY CAKE MONEY BANK,4,2011-07-19 13:57:00,4.13,,United Kingdom
539471,21892,TRADITIONAL WOODEN CATCH CUP GAME ,1,2010-12-19 14:16:00,1.25,17358.0,United Kingdom
558475,20669,RED HEART LUGGAGE TAG,1,2011-06-29 15:58:00,2.46,,United Kingdom
561817,85099B,JUMBO BAG RED RETROSPOT,10,2011-07-29 15:51:00,2.08,12921.0,United Kingdom
508074,21154,RED SPOTTY OVEN GLOVE ,4,2010-05-12 16:03:00,1.25,17897.0,United Kingdom
505709,21907,I'M ON HOLIDAY METAL SIGN,1,2010-04-25 12:34:00,2.1,13050.0,United Kingdom
507376,85014A,BLACK/BLUE DOTS RUFFLED UMBRELLA,1,2010-05-09 11:29:00,5.95,13979.0,United Kingdom
508451,21210,SET OF 72 RETRO SPOT PAPER  DOILIES,3,2010-05-14 16:33:00,2.98,,United Kingdom
577539,85034B,3 WHITE CHOC MORRIS BOXED CANDLES,24,2011-11-20 14:24:00,1.25,14547.0,United Kingdom
581217,16235,RECYCLED PENCIL WITH RABBIT ERASER,2,2011-12-08 09:20:00,0.42,,United Kingdom
570356,51014L,"FEATHER PEN,LIGHT PINK",96,2011-10-10 12:30:00,0.39,15330.0,United Kingdom
C505722,90195A,PURPLE GEMSTONE BRACELET,-2,2010-04-25 13:44:00,8.95,17550.0,United Kingdom
549525,20679,EDWARDIAN PARASOL RED,1,2011-04-08 15:44:00,12.46,,United Kingdom
528627,72586,SET OF 6 HALLOWEEN GHOST T-LIGHTS,1,2010-10-24 11:14:00,0.42,16746.0,United Kingdom
501523,21429,RED GINGHAM ROSE JEWELLERY BOX,8,2010-03-17 12:14:00,1.65,13612.0,United Kingdom
506224,21441,BLUE BIRDHOUSE DECORATION,1,2010-04-28 11:55:00,1.66,,United Kingdom
517558,90162C,ANT SILVER FUSCHIA BOUDICCA RING,2,2010-07-29 19:56:00,2.95,17921.0,United Kingdom
576094,23296,SET OF 6 TEA TIME BAKING CASES,8,2011-11-14 09:12:00,1.25,16401.0,United Kingdom
515165,22459,CAST IRON HOOK GARDEN TROWEL,4,2010-07-08 16:08:00,2.55,13564.0,United Kingdom
498163,22027,TEA PARTY BIRTHDAY CARD,72,2010-02-17 12:12:00,0.36,17511.0,United Kingdom
489614,22273,FELTCRAFT DOLL MOLLY,1,2009-12-01 14:56:00,6.04,,United Kingdom
503548,22405,MONEY BOX POCKET MONEY DESIGN,6,2010-04-01 14:59:00,1.25,16918.0,United Kingdom
492281,21754,HOME BUILDING BLOCK WORD,12,2009-12-16 11:43:00,5.95,13047.0,United Kingdom
544942,21509,COWBOYS AND INDIANS BIRTHDAY CARD ,12,2011-02-25 10:29:00,0.42,15544.0,United Kingdom
577778,21733,RED HANGING HEART T-LIGHT HOLDER,1,2011-11-21 16:10:00,2.95,16549.0,United Kingdom
532660,22866,HAND WARMER SCOTTY DOG DESIGN,3,2010-11-14 11:19:00,2.1,17377.0,United Kingdom
547841,21257,VICTORIAN SEWING BOX MEDIUM,2,2011-03-27 11:02:00,7.95,16923.0,United Kingdom
577549,22661,CHARLOTTE BAG DOLLY GIRL DESIGN,5,2011-11-20 15:00:00,0.85,17841.0,United Kingdom
543013,84077,WORLD WAR 2 GLIDERS ASSTD DESIGNS,4,2011-02-02 13:35:00,0.42,,United Kingdom
513051,22427,ENAMEL FLOWER JUG CREAM,9,2010-06-21 13:22:00,5.95,18245.0,United Kingdom
577178,POST,POSTAGE,1,2011-11-18 11:10:00,40.0,12618.0,Italy
544162,22291,HANGING CHICK CREAM DECORATION,3,2011-02-16 13:00:00,1.45,14959.0,United Kingdom
569524,23213,STAR WREATH DECORATION WITH BELL,1,2011-10-04 14:42:00,1.25,14506.0,United Kingdom
513099,22124,SET OF 2 TEA TOWELS PING MICROWAVE,2,2010-06-21 15:13:00,2.51,,United Kingdom
574732,23493,VINTAGE DOILY TRAVEL SEWING KIT,10,2011-11-06 15:11:00,1.95,13523.0,United Kingdom
558475,22062,CERAMIC BOWL WITH LOVE HEART DESIGN,1,2011-06-29 15:58:00,2.46,,United Kingdom
567462,22899,CHILDREN'S APRON DOLLY GIRL ,1,2011-09-20 12:35:00,2.1,14446.0,United Kingdom
536531,22192,BLUE DINER WALL CLOCK,4,2010-12-01 13:23:00,8.5,15485.0,United Kingdom
541489,22560,TRADITIONAL MODELLING CLAY,4,2011-01-18 13:38:00,1.25,15023.0,United Kingdom
546100,22993,SET OF 4 PANTRY JELLY MOULDS,12,2011-03-09 12:04:00,1.25,16572.0,United Kingdom
497029,21498,RED SPOTS  WRAP ,25,2010-02-05 13:35:00,0.42,13141.0,United Kingdom
496343,21986,PACK OF 12 PINK SPOT TISSUES ,48,2010-01-31 15:51:00,0.29,13478.0,United Kingdom
559816,23308,SET OF 60 VINTAGE LEAF CAKE CASES ,2,2011-07-12 16:11:00,1.25,,United Kingdom
505888,22469,HEART OF WICKER SMALL,3,2010-04-26 14:14:00,3.36,,United Kingdom
490717,21146,ANTIQUE GLASS RIDGED HANGING BALL,6,2009-12-07 15:28:00,1.95,17364.0,United Kingdom
531069,22734,SET OF 6 RIBBONS VINTAGE CHRISTMAS,1152,2010-11-05 12:10:00,1.8,17949.0,United Kingdom
505705,20671,BLUE TEATIME PRINT BOWL ,1,2010-04-25 11:52:00,1.25,16068.0,United Kingdom
544089,22538,MINI JIGSAW GO TO THE FAIR,1,2011-02-15 17:51:00,0.83,,United Kingdom
533027,85038,6 CHOCOLATE LOVE HEART T-LIGHTS,57,2010-11-15 16:02:00,2.95,,United Kingdom
556127,23307,SET OF 60 PANTRY DESIGN CAKE CASES ,24,2011-06-09 10:23:00,0.55,12406.0,Denmark
497963,21411,GINGHAM HEART  DOORSTOP RED,1,2010-02-15 13:27:00,4.25,14527.0,United Kingdom
492731,85047,WHITE BEADED GARLAND STRING 20LIGHT,8,2009-12-18 11:39:00,6.35,14555.0,United Kingdom
576097,22560,TRADITIONAL MODELLING CLAY,24,2011-11-14 09:21:00,1.25,14494.0,United Kingdom
578826,21588,RETROSPOT GIANT TUBE MATCHES,6,2011-11-25 14:24:00,2.55,17329.0,United Kingdom
555854,22699,ROSES REGENCY TEACUP AND SAUCER ,1,2011-06-07 13:47:00,2.95,12748.0,United Kingdom
537793,22384,LUNCH BAG PINK POLKADOT,4,2010-12-08 12:57:00,1.65,15032.0,United Kingdom
573155,23370,SET 36 COLOURING PENCILS DOILY,16,2011-10-28 08:34:00,1.25,13632.0,United Kingdom
490364,21523,FANCY FONT HOME SWEET HOME DOORMAT,2,2009-12-05 10:25:00,6.75,13487.0,United Kingdom
530339,22622,BOX OF VINTAGE ALPHABET BLOCKS,2,2010-11-02 14:55:00,9.95,13523.0,United Kingdom
580289,22596,CHRISTMAS STAR WISH LIST CHALKBOARD,16,2011-12-02 13:32:00,0.39,15856.0,United Kingdom
576214,22804,PINK HANGING HEART T-LIGHT HOLDER,1,2011-11-14 12:49:00,2.95,15863.0,United Kingdom
C575224,23581,JUMBO BAG PAISLEY PARK,-100,2011-11-09 11:41:00,1.79,17511.0,United Kingdom
534652,22555,PLASTERS IN TIN STRONGMAN,2,2010-11-23 13:26:00,1.65,14170.0,United Kingdom
559157,23242,TREASURE TIN BUFFALO BILL ,6,2011-07-06 15:53:00,2.08,13999.0,United Kingdom
556208,85099F,JUMBO BAG STRAWBERRY,20,2011-06-09 13:51:00,2.08,14040.0,United Kingdom
551852,21217,RED RETROSPOT ROUND CAKE TINS,6,2011-05-04 14:52:00,9.95,14948.0,United Kingdom
550822,22501,PICNIC BASKET WICKER LARGE,2,2011-04-21 09:26:00,9.95,14001.0,United Kingdom
563935,82600,NO SINGING METAL SIGN,2,2011-08-21 16:24:00,2.1,15547.0,United Kingdom
553895,22621,TRADITIONAL KNITTING NANCY,12,2011-05-19 17:18:00,1.65,15271.0,United Kingdom
501142,22273,FELTCRAFT DOLL MOLLY,2,2010-03-14 12:24:00,2.95,17332.0,United Kingdom
541856,22569,FELTCRAFT CUSHION BUTTERFLY,2,2011-01-23 15:16:00,3.75,17673.0,United Kingdom
531369,22569,FELTCRAFT CUSHION BUTTERFLY,4,2010-11-07 15:01:00,3.75,13963.0,United Kingdom
516196,22304,COFFEE MUG BLUE PAISLEY DESIGN,12,2010-07-19 10:07:00,2.55,14758.0,United Kingdom
520870,79320,FLAMINGO LIGHTS,8,2010-08-31 14:40:00,4.95,15298.0,United Kingdom
546136,84992,72 SWEETHEART FAIRY CAKE CASES,1,2011-03-09 16:32:00,1.25,,United Kingdom
556494,23200,JUMBO BAG PEARS,3,2011-06-12 14:57:00,2.08,17802.0,United Kingdom
570488,22652,TRAVEL SEWING KIT,1,2011-10-10 17:12:00,3.29,14096.0,United Kingdom
559816,21786,POLKADOT RAIN HAT ,2,2011-07-12 16:11:00,0.83,,United Kingdom
523211,22735,RIBBON REEL SOCKS AND MITTENS,10,2010-09-21 10:46:00,1.65,16465.0,United Kingdom
492226,21624,VINTAGE UNION JACK DOORSTOP,1,2009-12-15 18:33:00,12.13,,United Kingdom
578954,72130,COLUMBIAN CANDLE ROUND,1,2011-11-27 15:02:00,0.65,15054.0,United Kingdom
535409,22113,GREY HEART HOT WATER BOTTLE,3,2010-11-26 11:24:00,3.75,14507.0,United Kingdom
505641,22029,SPACEBOY BIRTHDAY CARD,24,2010-04-23 14:10:00,0.42,15514.0,United Kingdom
496615,22122,SET OF 2 FANCY FONT TEA TOWELS,1,2010-02-03 08:50:00,5.91,,United Kingdom
572669,21754,HOME BUILDING BLOCK WORD,3,2011-10-25 13:10:00,6.25,16549.0,United Kingdom
490465,51012L,"FEATHER DUSTER, LIGHT PINK",1,2009-12-06 12:14:00,1.25,13448.0,United Kingdom
505542,20983,12 PENCILS TALL TUBE RED SPOTTY,12,2010-04-22 18:16:00,0.85,14788.0,United Kingdom
497988,21745,GAOLERS KEYS DECORATIVE GARDEN ,1,2010-02-15 14:15:00,3.75,,United Kingdom
560285,22637,PIGGY BANK RETROSPOT ,4,2011-07-18 09:21:00,2.55,14944.0,United Kingdom
574734,84879,ASSORTED COLOUR BIRD ORNAMENT,8,2011-11-06 15:20:00,1.69,15025.0,United Kingdom
496704,22349,"DOG BOWL , CHASING BALL DESIGN",6,2010-02-03 13:24:00,3.75,16709.0,United Kingdom
538216,21472,LADYBIRD + BEE RAFFIA FOOD COVER,18,2010-12-10 11:51:00,3.75,14543.0,United Kingdom
494032,48111,DOOR MAT 3 SMILEY CATS,2,2010-01-11 10:40:00,6.75,13709.0,United Kingdom
531843,21676,FLOWERS  STICKERS,1,2010-11-10 09:34:00,1.66,,United Kingdom
497901,22498,WOODEN REGATTA BUNTING,1,2010-02-14 12:52:00,5.95,12872.0,United Kingdom
550712,21578,WOODLAND DESIGN  COTTON TOTE BAG,6,2011-04-20 11:06:00,2.25,15159.0,United Kingdom
493139,20982,12 PENCILS TALL TUBE SKULLS,1,2009-12-22 11:32:00,0.85,15311.0,United Kingdom
537666,82486,WOOD S/3 CABINET ANT WHITE FINISH,1,2010-12-07 18:36:00,16.13,,United Kingdom
524720,21508,VINTAGE KID DOLLY CARD ,24,2010-09-30 13:47:00,0.42,13089.0,United Kingdom
559509,21136,PAINTED METAL PEARS ASSORTED,1,2011-07-08 15:25:00,1.69,15920.0,United Kingdom
564150,48187,DOORMAT NEW ENGLAND,4,2011-08-23 12:30:00,7.95,14936.0,Channel Islands
559921,22371,AIRLINE BAG VINTAGE TOKYO 78,1,2011-07-13 15:42:00,4.25,13667.0,United Kingdom
565114,23311,VINTAGE CHRISTMAS STOCKING ,6,2011-09-01 11:15:00,2.55,13588.0,United Kingdom
C580740,20978,36 PENCILS TUBE SKULLS,-16,2011-12-06 09:25:00,1.25,12479.0,Germany
498886,85038,6 CHOCOLATE LOVE HEART T-LIGHTS,2,2010-02-23 13:03:00,2.1,15295.0,United Kingdom
490682,POST,POSTAGE,2,2009-12-07 13:37:00,18.0,12600.0,Germany
505504,21681,GIANT MEDINA STAMPED METAL BOWL ,2,2010-04-22 14:09:00,9.95,16279.0,United Kingdom
490500,84879,ASSORTED COLOUR BIRD ORNAMENT,3,2009-12-06 13:48:00,1.69,14479.0,United Kingdom
559506,22679,FRENCH BLUE METAL DOOR SIGN 4,1,2011-07-08 15:17:00,2.46,,United Kingdom
556214,21993,FLORAL FOLK STATIONERY SET,12,2011-06-09 14:14:00,1.25,14913.0,United Kingdom
514355,22181,SNOWSTORM PHOTO FRAME FRIDGE MAGNET,7,2010-07-01 16:48:00,0.85,17589.0,United Kingdom
494240,22073,RETRO SPOT STORAGE JAR,4,2010-01-12 15:50:00,3.75,16858.0,United Kingdom
540471,84707A,SILVER JEWELLED MIRROR TRINKET TRAY,2,2011-01-07 14:21:00,9.95,15601.0,United Kingdom
521360,20828,GLITTER BUTTERFLY CLIPS,20,2010-09-03 17:15:00,2.55,14163.0,United Kingdom
491077,85232B,SET/3 RUSSIAN DOLL STACKING TINS,4,2009-12-09 12:57:00,4.95,14593.0,United Kingdom
492209,84795C,OCEAN STRIPE HAMMOCK ,1,2009-12-15 16:40:00,7.95,15768.0,United Kingdom
514396,21165,BEWARE OF THE CAT METAL SIGN ,12,2010-07-02 12:04:00,1.69,14699.0,United Kingdom
498570,82583,HOT BATHS METAL SIGN,2,2010-02-21 12:52:00,2.1,15059.0,United Kingdom
534822,21876,POTTERING MUG,6,2010-11-24 12:54:00,1.25,12970.0,United Kingdom
551558,84509B,SET OF 4 FAIRY CAKE PLACEMATS,2,2011-05-03 10:41:00,3.75,17841.0,United Kingdom
556042,23236,DOILEY STORAGE TIN,2,2011-06-08 12:44:00,2.89,14367.0,United Kingdom
557034,22698,PINK REGENCY TEACUP AND SAUCER,6,2011-06-16 13:50:00,2.95,13627.0,United Kingdom
525953,21217,RED RETROSPOT ROUND CAKE TINS,2,2010-10-07 19:16:00,9.95,13291.0,United Kingdom
506232,20972,PINK CREAM FELT CRAFT TRINKET BOX ,1,2010-04-28 12:31:00,1.25,14177.0,United Kingdom
557260,84429A,MEDIUM PINK BUDDHA HEAD ,6,2011-06-19 10:39:00,2.95,17932.0,United Kingdom
565286,21216,"SET 3 RETROSPOT TEA,COFFEE,SUGAR",2,2011-09-02 11:39:00,10.79,,United Kingdom
581142,23104,IVORY CAFE HANGING LAMP ,1,2011-12-07 13:38:00,12.5,14204.0,United Kingdom
491155,21735,TWO DOOR CURIO CABINET,2,2009-12-10 09:49:00,26.04,,United Kingdom
518227,21992,VINTAGE PAISLEY STATIONERY SET,1,2010-08-05 14:57:00,2.95,15271.0,United Kingdom
559923,22605,WOODEN CROQUET GARDEN SET,1,2011-07-13 16:07:00,24.96,,United Kingdom
499475,22149,FELTCRAFT 6 FLOWER FRIENDS,1,2010-02-28 12:30:00,2.1,15990.0,United Kingdom
540240,85054,FRENCH ENAMEL POT W LID,12,2011-01-05 15:09:00,1.25,17585.0,United Kingdom
579442,22138,BAKING SET 9 PIECE RETROSPOT ,3,2011-11-29 13:37:00,4.95,15152.0,United Kingdom
568346,23223,CHRISTMAS TREE HANGING SILVER ,5,2011-09-26 15:28:00,1.63,14096.0,United Kingdom
579942,23575,SNACK TRAY PAISLEY PARK,8,2011-12-01 10:33:00,1.95,16145.0,United Kingdom
499313,84997B,RED 3 PIECE MINI DOTS CUTLERY SET,6,2010-02-26 10:49:00,3.75,16631.0,United Kingdom
581498,22676,FRENCH BLUE METAL DOOR SIGN 1,1,2011-12-09 10:26:00,2.46,,United Kingdom
543392,21533,RETROSPOT LARGE MILK JUG,12,2011-02-08 10:15:00,4.25,16839.0,United Kingdom
576888,84987,SET OF 36 TEATIME PAPER DOILIES,12,2011-11-16 17:16:00,1.45,14948.0,United Kingdom
572758,23328,SET 6 SCHOOL MILK BOTTLES IN CRATE,1,2011-10-25 18:39:00,7.46,,United Kingdom
573904,21135,VICTORIAN  METAL POSTCARD SPRING,8,2011-11-01 14:54:00,1.69,14505.0,United Kingdom
511522,22469,HEART OF WICKER SMALL,4,2010-06-08 16:47:00,1.65,16072.0,United Kingdom
533750,21161,KEEP OUT BOYS DOOR HANGER ,4,2010-11-18 14:17:00,1.45,15571.0,United Kingdom
577031,22037,ROBOT BIRTHDAY CARD,12,2011-11-17 13:00:00,0.42,15298.0,United Kingdom
524338,85063,CREAM SWEETHEART MAGAZINE RACK,2,2010-09-28 15:51:00,16.95,12975.0,United Kingdom
517625,22495,SET OF 2 ROUND TINS CAMEMBERT ,1,2010-07-30 11:59:00,2.95,16391.0,United Kingdom
515690,21898,POTTING SHED ROSE CANDLE,12,2010-07-14 12:07:00,2.95,,EIRE
519234,21527,RED RETROSPOT TRADITIONAL TEAPOT ,2,2010-08-15 13:18:00,7.95,17618.0,United Kingdom
506992,82613A,"METAL SIGN,CUPCAKE SINGLE HOOK",3,2010-05-05 13:50:00,1.25,15023.0,United Kingdom
565116,21326,AGED GLASS SILVER T-LIGHT HOLDER,48,2011-09-01 11:30:00,0.65,13089.0,United Kingdom
534516,21108,FAIRY CAKE FLANNEL ASSORTED COLOUR,9,2010-11-23 12:00:00,2.55,15235.0,United Kingdom
569693,23391, I LOVE LONDON MINI BACKPACK,2,2011-10-05 15:18:00,4.15,17837.0,United Kingdom
499222,21194,PINK  HONEYCOMB PAPER FAN,1,2010-02-25 11:41:00,2.1,15573.0,United Kingdom
565840,22571,ROCKING HORSE RED CHRISTMAS ,1,2011-09-07 12:02:00,1.63,,United Kingdom
516783,22539,MINI JIGSAW DOLLY GIRL,48,2010-07-23 09:10:00,0.42,12595.0,Germany
518133,21212,PACK OF 72 RETRO SPOT CAKE CASES,24,2010-08-04 14:50:00,0.55,13319.0,United Kingdom
543094,47590A,BLUE HAPPY BIRTHDAY BUNTING,2,2011-02-03 11:28:00,5.45,16030.0,United Kingdom
492815,22135,LADLE LOVE HEART PINK,3,2009-12-20 13:28:00,0.42,17841.0,United Kingdom
508643,84978,HANGING HEART JAR T-LIGHT HOLDER,7,2010-05-17 15:30:00,2.51,,United Kingdom
566221,21930,JUMBO STORAGE BAG SKULLS,2,2011-09-09 16:13:00,4.13,,United Kingdom
528667,22482,BLUE TEA TOWEL CLASSIC DESIGN,12,2010-10-24 12:46:00,1.25,17871.0,United Kingdom
568657,21988,PACK OF 6 SKULL PAPER PLATES,4,2011-09-28 12:22:00,0.85,16460.0,United Kingdom
519882,82567,"AIRLINE LOUNGE,METAL SIGN",1,2010-08-22 11:45:00,2.1,16725.0,United Kingdom
550052,22381,TOY TIDY PINK POLKADOT,5,2011-04-14 12:00:00,2.1,17068.0,United Kingdom
569007,20726,LUNCH BAG WOODLAND,10,2011-09-29 18:51:00,1.65,17552.0,United Kingdom
537434,22278,OVERNIGHT BAG VINTAGE ROSE PAISLEY,1,2010-12-06 16:57:00,11.02,,United Kingdom
528276,85146,JARDIN ETCHED GLASS SMALL BELL JAR,8,2010-10-21 11:56:00,5.95,16992.0,United Kingdom
C526956,22423,REGENCY CAKESTAND 3 TIER,-2,2010-10-14 11:01:00,12.75,15339.0,United Kingdom
509458,21915,RED  HARMONICA IN BOX ,12,2010-05-24 10:43:00,1.25,14394.0,United Kingdom
557950,84709B,PINK OVAL JEWELLED MIRROR,2,2011-06-23 17:35:00,5.95,17848.0,United Kingdom
533877,22553,PLASTERS IN TIN SKULLS,19,2010-11-19 11:37:00,1.65,16161.0,United Kingdom
573151,22064,PINK DOUGHNUT TRINKET POT ,2,2011-10-27 20:09:00,1.65,17602.0,United Kingdom
499502,22291,"SPRING DEC , HANGING CHICK CREAM",1,2010-02-28 15:01:00,1.45,14044.0,United Kingdom
536638,21527,RED RETROSPOT TRADITIONAL TEAPOT ,2,2010-12-02 11:41:00,7.95,16244.0,United Kingdom
579147,23270,SET OF 2 CERAMIC PAINTED HEARTS ,2,2011-11-28 13:20:00,1.45,13263.0,United Kingdom
498570,82483,WOOD 2 DRAWER CABINET WHITE FINISH,1,2010-02-21 12:52:00,5.95,15059.0,United Kingdom
534839,22474,SPACEBOY TV DINNER TRAY,1,2010-11-24 13:13:00,4.95,15889.0,United Kingdom
522620,85203,HANGING WOOD AND FELT BUTTERFLY ,2,2010-09-15 15:14:00,0.84,,United Kingdom
500256,90040D,MURANO STYLE GLASS BRACELET PINK,3,2010-03-05 13:24:00,3.5,14649.0,United Kingdom
490636,21523,FANCY FONT HOME SWEET HOME DOORMAT,4,2009-12-07 12:08:00,6.75,13564.0,United Kingdom
558240,22814,CARD PARTY GAMES ,1,2011-06-27 15:27:00,0.42,,United Kingdom
523615,21791,VINTAGE HEADS AND TAILS CARD GAME ,12,2010-09-23 10:51:00,1.25,13107.0,United Kingdom
513574,22323,PINK POLKADOT KIDS BAG,7,2010-06-25 15:13:00,4.21,,United Kingdom
579196,22964,3 PIECE SPACEBOY COOKIE CUTTER SET,1,2011-11-28 15:54:00,4.13,14096.0,United Kingdom
498757,21411,GINGHAM HEART  DOORSTOP RED,1,2010-02-22 16:49:00,4.25,14030.0,United Kingdom
559923,22418,10 COLOUR SPACEBOY PEN,3,2011-07-13 16:07:00,1.63,,United Kingdom
489786,20975,12 PENCILS SMALL TUBE RED SPOTTY,48,2009-12-02 11:52:00,0.65,17019.0,United Kingdom
505888,22379,RECYCLING BAG RETROSPOT ,1,2010-04-26 14:14:00,4.21,,United Kingdom
490501,22333,RETRO SPORT PARTY BAG + STICKER SET,3,2009-12-06 13:49:00,1.65,16710.0,United Kingdom
531229,21035,SET/2 RED RETROSPOT TEA TOWELS ,2,2010-11-05 16:52:00,2.95,13959.0,United Kingdom
562365,22698,PINK REGENCY TEACUP AND SAUCER,1,2011-08-04 13:51:00,2.95,14344.0,United Kingdom
498325,21059,PARTY INVITES DINOSAURS,12,2010-02-18 10:26:00,0.85,15544.0,United Kingdom
505841,21715,GIRLS VINTAGE TIN SEASIDE BUCKET,8,2010-04-26 11:44:00,2.55,16736.0,United Kingdom
573585,21670,BLUE SPOT CERAMIC DRAWER KNOB,1,2011-10-31 14:41:00,3.29,,United Kingdom
578270,22311,OFFICE MUG WARMER BLACK+SILVER ,3,2011-11-23 13:39:00,5.79,14096.0,United Kingdom
550279,20724,RED RETROSPOT CHARLOTTE BAG,10,2011-04-15 13:16:00,0.85,14700.0,United Kingdom
545215,85204,HANGING WOOD AND FELT FLOWER,2,2011-02-28 16:47:00,0.42,,United Kingdom
569332,22328,ROUND SNACK BOXES SET OF 4 FRUITS ,1,2011-10-03 13:46:00,2.95,12637.0,France
556415,84755,COLOUR GLASS T-LIGHT HOLDER HANGING,96,2011-06-10 12:19:00,0.65,12409.0,Switzerland
495720,21174,POTTERING IN THE SHED METAL SIGN,2,2010-01-26 14:43:00,1.95,17059.0,United Kingdom
538071,22585,PACK OF 6 BIRDY GIFT TAGS,1,2010-12-09 14:09:00,2.51,,United Kingdom
568145,22722,SET OF 6 SPICE TINS PANTRY DESIGN,12,2011-09-25 11:30:00,3.95,12388.0,Australia
508222,85019C,CURIOUS  IMAGES NOTEBOOK SET,3,2010-05-13 15:41:00,4.25,12540.0,Spain
576246,22627,MINT KITCHEN SCALES,1,2011-11-14 13:42:00,8.5,17566.0,United Kingdom
563566,23096,PETIT TRAY CHIC,12,2011-08-17 14:25:00,1.65,13655.0,United Kingdom
546417,22405,MONEY BOX POCKET MONEY DESIGN,6,2011-03-13 10:48:00,1.25,14800.0,United Kingdom
511125,21535,RED RETROSPOT SMALL MILK JUG,2,2010-06-07 10:59:00,2.55,15958.0,United Kingdom
528575,21216,"SET 3 RED SPOT TIN TEA,COFFEE,SUGAR",4,2010-10-22 13:11:00,4.95,13018.0,United Kingdom
538379,22617,BAKING SET SPACEBOY DESIGN,1,2010-12-12 11:26:00,4.95,17126.0,United Kingdom
557217,48187,DOORMAT NEW ENGLAND,2,2011-06-17 12:30:00,7.95,17426.0,United Kingdom
555924,22469,HEART OF WICKER SMALL,1,2011-06-07 17:12:00,3.29,,United Kingdom
576406,23480,MINI LIGHTS WOODLAND MUSHROOMS,12,2011-11-15 11:17:00,3.75,13692.0,United Kingdom
544434,20707,CRAZY DAISY HEART DECORATION,3,2011-02-18 16:12:00,0.83,,United Kingdom
538199,22551,PLASTERS IN TIN SPACEBOY,2,2010-12-10 11:02:00,1.65,14082.0,United Kingdom
549100,21212,PACK OF 72 RETROSPOT CAKE CASES,63,2011-04-06 11:14:00,2.08,,United Kingdom
571564,21497,FANCY FONTS BIRTHDAY WRAP,25,2011-10-18 10:16:00,0.42,16019.0,United Kingdom
566307,23354,6 GIFT TAGS 50'S CHRISTMAS ,12,2011-09-12 09:37:00,0.83,14307.0,United Kingdom
533737,21703,BAG 125g SWIRLY MARBLES,5,2010-11-18 13:55:00,0.85,,United Kingdom
535381,20768,GREEN FERN JOURNAL ,2,2010-11-25 19:16:00,2.55,14713.0,United Kingdom
534164,22295,HEART FILIGREE DOVE LARGE,4,2010-11-21 13:13:00,1.65,16241.0,United Kingdom
523647,21136,PAINTED METAL PEARS ASSORTED,4,2010-09-23 12:33:00,1.69,14507.0,United Kingdom
523539,22035,VINTAGE CARAVAN GREETING CARD ,12,2010-09-22 14:05:00,0.42,16329.0,United Kingdom
525071,22331,WOODLAND PARTY BAG + STICKER SET,8,2010-10-03 14:50:00,1.65,12583.0,France
509428,22243,"HOOK, 5 HANGER ,MAGIC TOADSTOOL RED",1,2010-05-23 14:04:00,1.65,16549.0,United Kingdom
543546,21640,ASSORTED TUTTI FRUTTI  FOB NOTEBOOK,15,2011-02-09 16:52:00,1.63,,United Kingdom
546250,21472,LADYBIRD + BEE RAFFIA FOOD COVER,6,2011-03-10 14:14:00,3.75,14350.0,United Kingdom
536590,22622,BOX OF VINTAGE ALPHABET BLOCKS,2,2010-12-01 16:52:00,9.95,13065.0,United Kingdom
519882,82599,FANNY'S REST STOPMETAL SIGN,2,2010-08-22 11:45:00,2.1,16725.0,United Kingdom
530390,22300,COFFEE MUG DOG + BALL DESIGN,6,2010-11-02 17:12:00,2.55,17764.0,United Kingdom
490127,22348,TEA BAG PLATE RED SPOTTY ,12,2009-12-03 18:13:00,0.85,14156.0,EIRE
540499,22423,REGENCY CAKESTAND 3 TIER,3,2011-01-09 10:21:00,12.75,16923.0,United Kingdom
522967,22197,SMALL POPCORN HOLDER,4,2010-09-19 13:02:00,0.85,18257.0,United Kingdom
561922,22382,LUNCH BAG SPACEBOY DESIGN ,1,2011-08-01 12:12:00,1.65,13167.0,United Kingdom
560223,22244,3 HOOK HANGER MAGIC GARDEN,1,2011-07-15 15:32:00,1.95,16904.0,United Kingdom
572758,21181,PLEASE ONE PERSON METAL SIGN,2,2011-10-25 18:39:00,4.13,,United Kingdom
527376,22356,CHARLOTTE BAG PINK POLKADOT,2,2010-10-17 12:37:00,0.85,14953.0,United Kingdom
544467,22077,6 RIBBONS RUSTIC CHARM,3,2011-02-20 15:51:00,1.65,14502.0,United Kingdom
573695,23555,LANDMARK FRAME NOTTING HILL ,2,2011-10-31 17:13:00,12.5,15023.0,United Kingdom
572513,72799F,IVORY PILLAR CANDLE GOLD FLOCK,1,2011-10-24 14:36:00,2.95,16728.0,United Kingdom
492738,21536,DAIRY MAID  SMALL  MILK JUG,4,2009-12-18 12:23:00,2.1,14527.0,United Kingdom
528445,35596,WOOD XMAS TREE 9 FIG SHELVES,2,2010-10-22 11:00:00,0.85,12748.0,United Kingdom
549116,21868,POTTING SHED TEA MUG,12,2011-04-06 12:49:00,1.25,16670.0,United Kingdom
501515,22481,BLACK TEA TOWEL CLASSIC DESIGN,2,2010-03-17 11:53:00,1.25,15867.0,United Kingdom
575036,23301,GARDENERS KNEELING PAD KEEP CALM ,12,2011-11-08 11:45:00,1.65,15249.0,United Kingdom
554968,22795,SWEETHEART RECIPE BOOK STAND,1,2011-05-27 16:24:00,6.75,17961.0,United Kingdom
512407,21621,VINTAGE UNION JACK BUNTING,2,2010-06-15 13:12:00,8.5,13863.0,United Kingdom
570688,84536B,FAIRY CAKES NOTEBOOK A7 SIZE,1,2011-10-11 16:29:00,0.83,,United Kingdom
532593,22458,CAST IRON HOOK GARDEN FORK,8,2010-11-12 14:40:00,2.55,13961.0,United Kingdom
504933,85213,MINI  ZINC GARDEN DECORATIONS ,3,2010-04-19 11:13:00,1.66,,United Kingdom
C543787,85178,VICTORIAN SEWING KIT,-48,2011-02-11 17:05:00,0.85,15061.0,United Kingdom
563070,20654,FIRST CLASS LUGGAGE TAG ,8,2011-08-11 15:34:00,1.25,14099.0,United Kingdom
514532,15036,ASSORTED COLOURS SILK FAN,8,2010-07-05 10:07:00,1.28,,United Kingdom
523200,22549,PICTURE DOMINOES,48,2010-09-21 09:26:00,1.45,14676.0,United Kingdom
578941,22099,CARAVAN SQUARE TISSUE BOX,4,2011-11-27 13:26:00,0.39,16024.0,United Kingdom
493395,20723,STRAWBERRY CHARLOTTE BAG,10,2009-12-23 13:41:00,0.85,12539.0,Spain
579470,16218,CARTOON  PENCIL SHARPENERS,10,2011-11-29 15:06:00,0.06,16549.0,United Kingdom
536599,22727,ALARM CLOCK BAKELIKE RED ,4,2010-12-02 07:49:00,3.75,15694.0,United Kingdom
566923,23031,DRAWER KNOB CRACKLE GLAZE PINK,4,2011-09-15 15:05:00,1.65,15511.0,United Kingdom
560772,22147,FELTCRAFT BUTTERFLY HEARTS,1,2011-07-20 16:12:00,3.29,,United Kingdom
554278,21906,PHARMACIE FIRST AID TIN,1,2011-05-23 13:25:00,6.75,13831.0,United Kingdom
489667,20765,CHRYSANTHEMUM SKETCHBOOK ,32,2009-12-01 18:35:00,2.95,16563.0,United Kingdom
541408,21746,SMALL RED RETROSPOT WINDMILL,12,2011-01-17 15:42:00,1.25,15738.0,United Kingdom
546995,84997B,CHILDRENS CUTLERY RETROSPOT RED ,1,2011-03-18 13:25:00,4.15,14041.0,United Kingdom
C570221,21977,PACK OF 60 PINK PAISLEY CAKE CASES,-4,2011-10-09 12:56:00,0.55,13113.0,United Kingdom
557015,21201,TROPICAL  HONEYCOMB PAPER GARLAND ,24,2011-06-16 12:11:00,2.55,14735.0,United Kingdom
571837,23348,CHILDRENS TOY COOKING UTENSIL SET,1,2011-10-19 12:11:00,2.08,16470.0,United Kingdom
536401,22382,LUNCH BAG SPACEBOY DESIGN ,2,2010-12-01 11:21:00,1.65,15862.0,United Kingdom
551533,22485,SET OF 2 WOODEN MARKET CRATES,1,2011-05-01 14:58:00,12.75,15407.0,United Kingdom
523345,21915,RED  HARMONICA IN BOX ,12,2010-09-21 15:57:00,1.25,12802.0,Netherlands
563926,22622,BOX OF VINTAGE ALPHABET BLOCKS,2,2011-08-21 14:42:00,11.95,12553.0,France
578316,22897,OVEN MITT APPLES DESIGN,10,2011-11-23 16:43:00,1.45,14189.0,United Kingdom
505734,22311,OFFICE MUG WARMER BLACK+SILVER ,1,2010-04-25 15:40:00,4.95,16485.0,United Kingdom
513572,22470,HEART OF WICKER LARGE,6,2010-06-25 15:03:00,2.95,13856.0,United Kingdom
550339,22556,PLASTERS IN TIN CIRCUS PARADE ,12,2011-04-17 15:40:00,1.65,17697.0,United Kingdom
575176,23496,PANTRY KITCHEN THERMOMETER ,1,2011-11-08 18:29:00,2.46,,United Kingdom
570886,15056BL,EDWARDIAN PARASOL BLACK,27,2011-10-13 10:23:00,4.95,13777.0,United Kingdom
514962,22379,RECYCLING BAG RETROSPOT ,5,2010-07-07 12:08:00,2.1,14156.0,EIRE
569767,84997A,CHILDRENS CUTLERY POLKADOT GREEN ,4,2011-10-06 11:24:00,4.15,14849.0,United Kingdom
546403,22990,COTTON APRON PANTRY DESIGN,8,2011-03-11 15:22:00,4.95,16766.0,United Kingdom
541672,22726,ALARM CLOCK BAKELIKE GREEN,8,2011-01-20 13:02:00,3.75,14735.0,United Kingdom
564301,22555,PLASTERS IN TIN STRONGMAN,12,2011-08-24 11:54:00,1.65,14299.0,United Kingdom
514926,82578,KITCHEN METAL SIGN,1,2010-07-07 11:20:00,1.28,,United Kingdom
531753,22034,ROBIN CHRISTMAS CARD,12,2010-11-09 13:14:00,0.42,15325.0,United Kingdom
576592,21401,BLUE PUDDING SPOON,2,2011-11-15 14:47:00,0.12,13614.0,United Kingdom
547375,21506,"FANCY FONT BIRTHDAY CARD, ",12,2011-03-22 14:24:00,0.42,13196.0,United Kingdom
491811,22054,MINI CAKE STAND HANGING HEARTS,10,2009-12-14 13:22:00,1.65,12835.0,United Kingdom
567175,23321,SMALL WHITE HEART OF WICKER,3,2011-09-18 13:38:00,1.65,13067.0,United Kingdom
560145,84946,ANTIQUE SILVER T-LIGHT GLASS,12,2011-07-15 11:04:00,1.25,13381.0,United Kingdom
534662,21985,PACK OF 12 HEARTS DESIGN TISSUES ,24,2010-11-23 13:47:00,0.29,14898.0,United Kingdom
532984,22763,KEY CABINET MA CAMPAGNE,2,2010-11-15 13:55:00,9.95,14911.0,EIRE
570233,48111,DOORMAT 3 SMILEY CATS,1,2011-10-09 13:58:00,8.25,16685.0,United Kingdom
536031,84509E,SET OF 4 CAROUSEL PLACEMATS ,2,2010-11-29 16:45:00,7.62,,United Kingdom
537638,20973,12 PENCIL SMALL TUBE WOODLAND,3,2010-12-07 15:28:00,1.28,,United Kingdom
568509,22333,RETROSPOT PARTY BAG + STICKER SET,48,2011-09-27 12:26:00,1.45,16422.0,United Kingdom
513709,35004C,SET OF 3 COLOURED  FLYING DUCKS,36,2010-06-28 11:50:00,4.65,12980.0,United Kingdom
537646,22042,CHRISTMAS CARD SINGING ANGEL,12,2010-12-07 15:39:00,0.42,17591.0,United Kingdom
555640,22170,PICTURE FRAME WOOD TRIPLE PORTRAIT,4,2011-06-06 13:06:00,6.75,14475.0,United Kingdom
541669,21845,DAIRY MAID STRIPE MUG,36,2011-01-20 12:29:00,2.55,17315.0,United Kingdom
566601,21364,PEACE SMALL WOOD LETTERS,1,2011-09-13 15:57:00,6.75,16469.0,United Kingdom
518774,22547,MINI JIGSAW DINOSAUR ,1,2010-08-11 15:40:00,0.85,,United Kingdom
512902,84031B,CHARLIE LOLA BLUE HOT WATER BOTTLE ,3,2010-06-18 13:22:00,4.65,12412.0,Denmark
573287,21915,RED  HARMONICA IN BOX ,12,2011-10-28 14:42:00,1.25,14194.0,United Kingdom
494790,21755,LOVE BUILDING BLOCK WORD,3,2010-01-18 13:55:00,5.95,17048.0,United Kingdom
556106,22077,6 RIBBONS RUSTIC CHARM,3,2011-06-08 16:54:00,1.65,14056.0,United Kingdom
492012,17178,FLAT PALM T-LIGHT HOLDER,1,2009-12-15 11:49:00,1.25,17625.0,United Kingdom
537418,22633,HAND WARMER UNION JACK,2,2010-12-06 15:13:00,2.1,17884.0,United Kingdom
550474,84568,GIRLS ALPHABET IRON ON PATCHES ,5,2011-04-18 13:58:00,0.42,,United Kingdom
567424,22907,PACK OF 20 NAPKINS PANTRY DESIGN,1,2011-09-20 11:16:00,0.85,16369.0,United Kingdom
498055,85208,SET/12 FUNKY FELT FLOWER PEG IN BAG,6,2010-02-16 12:11:00,2.1,14669.0,United Kingdom
540493,84879,ASSORTED COLOUR BIRD ORNAMENT,24,2011-01-07 16:34:00,1.69,14867.0,United Kingdom
502439,72799E,IVORY PILLAR CANDLE SILVER FLOCK,1,2010-03-24 13:14:00,2.95,15920.0,United Kingdom
549243,22429,ENAMEL MEASURING JUG CREAM,8,2011-04-07 11:47:00,4.25,16043.0,United Kingdom
580654,23319,BOX OF 6 MINI 50'S CRACKERS,1,2011-12-05 13:37:00,2.49,15854.0,United Kingdom
497264,22147,FELTCRAFT BUTTERFLY HEARTS,1,2010-02-08 13:24:00,1.45,15967.0,United Kingdom
564554,23005,TRAVEL CARD WALLET I LOVE LONDON,1,2011-08-25 19:39:00,0.42,17189.0,United Kingdom
527372,85199S,SMALL HANGING IVORY/RED WOOD BIRD,6,2010-10-17 12:06:00,0.42,15688.0,United Kingdom
517130,21537,RED RETROSPOT PUDDING BOWL,3,2010-07-27 10:07:00,4.25,16059.0,United Kingdom
517871,21755,LOVE BUILDING BLOCK WORD,6,2010-08-02 15:25:00,5.95,16814.0,United Kingdom
533550,22728,ALARM CLOCK BAKELIKE PINK,2,2010-11-17 17:01:00,3.75,17995.0,United Kingdom
518077,15056P,EDWARDIAN PARASOL PINK,12,2010-08-04 13:47:00,5.95,13658.0,United Kingdom
543200,15056bl,EDWARDIAN PARASOL BLACK,1,2011-02-04 13:03:00,12.46,,United Kingdom
580046,22910,PAPER CHAIN KIT VINTAGE CHRISTMAS,40,2011-12-01 12:42:00,2.55,16156.0,United Kingdom
512551,84989A,75 GREEN FAIRY CAKE CASES,1,2010-06-16 13:47:00,0.55,13586.0,United Kingdom
541094,22287,"DECORATION , WOBBLY CHICKEN, METAL ",4,2011-01-13 13:36:00,1.65,13246.0,United Kingdom
539750,22728,ALARM CLOCK BAKELIKE PINK,2,2010-12-21 15:40:00,5.91,,United Kingdom
520861,22645,CERAMIC HEART FAIRY CAKE MONEY BANK,4,2010-08-31 13:57:00,1.45,13714.0,United Kingdom
524102,22637,PIGGY BANK RETROSPOT ,4,2010-09-27 12:45:00,2.55,17315.0,United Kingdom
501182,22147,FELTCRAFT BUTTERFLY HEARTS,12,2010-03-15 11:39:00,1.45,16186.0,United Kingdom
505860,22166,"WALL MIRROR , RECT DIAMANTE, PINK/",1,2010-04-26 13:18:00,16.13,,United Kingdom
537240,20684,STRAWBERRY DREAM CHILDS UMBRELLA,1,2010-12-06 10:08:00,6.77,,United Kingdom
519260,22326,ROUND SNACK BOXES SET OF4 WOODLAND ,3,2010-08-15 16:00:00,2.95,17299.0,United Kingdom
540821,82613D,METAL SIGN CUPCAKE SINGLE HOOK,2,2011-01-11 13:16:00,0.85,,United Kingdom
516327,21900,"KEY FOB , SHED",4,2010-07-19 15:58:00,0.65,17589.0,United Kingdom
536833,22576,SWALLOW WOODEN CHRISTMAS DECORATION,12,2010-12-02 17:48:00,0.85,18239.0,United Kingdom
509451,22502,PICNIC BASKET WICKER SMALL,4,2010-05-24 09:32:00,4.25,15306.0,United Kingdom
491805,21669,BLUE STRIPE CERAMIC DRAWER KNOB,12,2009-12-14 13:10:00,1.25,12613.0,Germany
548330,22384,LUNCH BAG PINK POLKADOT,3,2011-03-30 13:26:00,1.65,14810.0,United Kingdom
505056,21621,VINTAGE UNION JACK BUNTING,3,2010-04-19 14:59:00,8.5,14667.0,United Kingdom
579274,22940,FELTCRAFT CHRISTMAS FAIRY,4,2011-11-29 10:01:00,4.25,13467.0,United Kingdom
491097,84978,HANGING HEART JAR T-LIGHT HOLDER,6,2009-12-09 14:01:00,1.25,17296.0,United Kingdom
520673,21870,I CAN ONLY PLEASE ONE PERSON MUG,1,2010-08-27 14:13:00,1.25,17894.0,United Kingdom
506384,84997B,RED 3 PIECE MINI DOTS CUTLERY SET,15,2010-04-29 12:37:00,3.75,14680.0,United Kingdom
519484,21535,RED RETROSPOT SMALL MILK JUG,2,2010-08-17 13:30:00,2.55,16221.0,United Kingdom
496900,84815,SET OF 3 DANISH ROSE PLANTERS,3,2010-02-04 14:19:00,4.25,17138.0,United Kingdom
506865,84970S,HANGING HEART ZINC T-LIGHT HOLDER,4,2010-05-04 15:13:00,0.85,17841.0,United Kingdom
573248,23301,GARDENERS KNEELING PAD KEEP CALM ,4,2011-10-28 12:09:00,1.65,14498.0,United Kingdom
574269,22722,SET OF 6 SPICE TINS PANTRY DESIGN,4,2011-11-03 14:27:00,3.95,15570.0,United Kingdom
560700,23202,JUMBO BAG VINTAGE LEAF,7,2011-07-20 12:38:00,2.08,17229.0,United Kingdom
538808,21830,ASSORTED CREEPY CRAWLIES,48,2010-12-14 12:11:00,0.42,14057.0,United Kingdom
531763,22516,CHILDS GARDEN RAKE BLUE,4,2010-11-09 13:50:00,2.1,17878.0,United Kingdom
530060,82580,BATHROOM METAL SIGN,1,2010-11-01 11:35:00,1.28,,United Kingdom
560862,22913,RED COAT RACK PARIS FASHION,1,2011-07-21 13:48:00,4.95,14085.0,United Kingdom
506869,22467,GUMBALL COAT RACK,1,2010-05-04 15:45:00,5.06,,United Kingdom
527366,21731,RED TOADSTOOL LED NIGHT LIGHT,1,2010-10-17 11:24:00,1.65,15571.0,United Kingdom
549431,85123A,WHITE HANGING HEART T-LIGHT HOLDER,25,2011-04-08 12:17:00,2.95,15874.0,United Kingdom
567183,22907,PACK OF 20 NAPKINS PANTRY DESIGN,8,2011-09-18 15:32:00,0.85,14769.0,United Kingdom
541855,85062,PEARL CRYSTAL PUMPKIN T-LIGHT HLDR,2,2011-01-23 14:59:00,1.65,13742.0,United Kingdom
578931,22601,CHRISTMAS RETROSPOT ANGEL WOOD,4,2011-11-27 12:40:00,0.85,16942.0,United Kingdom
562417,84946,ANTIQUE SILVER T-LIGHT GLASS,44,2011-08-04 16:32:00,2.46,,United Kingdom
569670,21992,VINTAGE PAISLEY STATIONERY SET,2,2011-10-05 13:47:00,1.25,14730.0,United Kingdom
548739,22063,CERAMIC BOWL WITH STRAWBERRY DESIGN,2,2011-04-04 11:28:00,2.95,15493.0,United Kingdom
544792,22993,SET OF 4 PANTRY JELLY MOULDS,12,2011-02-23 12:37:00,1.25,18172.0,United Kingdom
578069,23494,VINTAGE DOILY DELUXE SEWING KIT ,3,2011-11-22 15:49:00,5.95,14329.0,United Kingdom
518134,21790,VINTAGE SNAP CARDS,12,2010-08-04 15:02:00,0.85,15064.0,United Kingdom
548313,85014B,RED RETROSPOT UMBRELLA,2,2011-03-30 12:15:00,5.95,15353.0,United Kingdom
579194,23356,LOVE HOT WATER BOTTLE,3,2011-11-28 15:50:00,5.95,15804.0,United Kingdom
540821,84931A,PINK SCOTTIE DOG W FLOWER PATTERN,3,2011-01-11 13:16:00,1.66,,United Kingdom
523709,22414,DOORMAT NEIGHBOURHOOD WITCH ,10,2010-09-23 15:12:00,6.75,12731.0,France
575661,90099,NECKLACE+BRACELET SET BLUE HIBISCUS,1,2011-11-10 14:39:00,2.55,12617.0,France
558963,21533,RETROSPOT LARGE MILK JUG,12,2011-07-05 10:57:00,4.25,14235.0,United Kingdom
576191,23350,ROLL WRAP VINTAGE SPOT ,5,2011-11-14 11:54:00,1.25,17377.0,United Kingdom
493989,84519B,CARROT CHARLIE+LOLA COASTER SET,6,2010-01-10 12:43:00,2.95,14685.0,United Kingdom
543989,22333,RETROSPOT PARTY BAG + STICKER SET,192,2011-02-15 09:52:00,1.45,12415.0,Australia
547644,22989,SET 2 PANTRY DESIGN TEA TOWELS,6,2011-03-24 11:38:00,3.25,14267.0,United Kingdom
536777,85099F,JUMBO BAG STRAWBERRY,20,2010-12-02 15:00:00,1.95,15732.0,United Kingdom
533737,21945,STRAWBERRIES  DESIGN FLANNEL ,1,2010-11-18 13:55:00,1.66,,United Kingdom
497346,21213,PACK OF 72 SKULL CAKE CASES,48,2010-02-08 15:48:00,0.55,16551.0,United Kingdom
537826,22166,WALL MIRROR RECTANGLE DIAMANTE PINK,5,2010-12-08 14:38:00,7.95,15581.0,United Kingdom
C575841,21915,RED  HARMONICA IN BOX ,-12,2011-11-11 11:58:00,1.25,13408.0,United Kingdom
537446,22111,SCOTTIE DOG HOT WATER BOTTLE,3,2010-12-07 09:13:00,4.95,18055.0,United Kingdom
562807,23236,STORAGE TIN VINTAGE DOILEY ,6,2011-08-09 14:57:00,2.89,16053.0,United Kingdom
553899,22699,ROSES REGENCY TEACUP AND SAUCER ,6,2011-05-19 17:25:00,2.95,14292.0,United Kingdom
574258,22624,IVORY KITCHEN SCALES,1,2011-11-03 13:50:00,8.5,16891.0,United Kingdom
534172,84569D,PACK 6 HEART/ICE-CREAM PATCHES,12,2010-11-21 13:30:00,1.25,14800.0,United Kingdom
564757,22614,PACK OF 12 SPACEBOY TISSUES,1,2011-08-30 10:36:00,0.83,,United Kingdom
571665,21824,PAINTED METAL STAR WITH HOLLY BELLS,48,2011-10-18 12:59:00,0.39,12540.0,Spain
511124,22470,HEART OF WICKER LARGE,1,2010-06-07 10:58:00,5.91,,United Kingdom
501515,84741C,CITRUS GARLAND FELT FLOWERS ,6,2010-03-17 11:53:00,1.95,15867.0,United Kingdom
530332,21700,BIG DOUGHNUT FRIDGE MAGNETS,1,2010-11-02 13:57:00,8.47,,United Kingdom
531252,22890,NOVELTY BISCUITS CAKE STAND 3 TIER,2,2010-11-07 11:11:00,9.95,16206.0,United Kingdom
551859,21232,STRAWBERRY CERAMIC TRINKET BOX,12,2011-05-04 15:37:00,1.25,14336.0,United Kingdom
516767,21895,POTTING SHED SOW 'N' GROW SET,4,2010-07-22 17:21:00,4.25,13433.0,United Kingdom
577687,22991,GIRAFFE WOODEN RULER,12,2011-11-21 11:16:00,1.95,12583.0,France
531805,84970S,HANGING HEART ZINC T-LIGHT HOLDER,6,2010-11-09 16:08:00,0.85,16011.0,United Kingdom
506956,22315,200 RED + WHITE BENDY STRAWS,2,2010-05-05 11:51:00,1.25,16415.0,United Kingdom
580612,22645,CERAMIC HEART FAIRY CAKE MONEY BANK,5,2011-12-05 11:58:00,4.13,,United Kingdom
544186,22907,PACK OF 20 NAPKINS PANTRY DESIGN,1,2011-02-16 15:56:00,1.63,,United Kingdom
525944,85084,HOLLY TOP CHRISTMAS STOCKING,2,2010-10-07 17:42:00,0.85,16059.0,United Kingdom
507390,21977,PACK OF 60 PINK PAISLEY CAKE CASES,24,2010-05-09 12:18:00,0.55,15498.0,United Kingdom
575477,22693,GROW A FLYTRAP OR SUNFLOWER IN TIN,4,2011-11-09 16:14:00,2.5,,United Kingdom
529994,22178,VICTORIAN GLASS HANGING T-LIGHT,6,2010-10-31 16:26:00,1.25,16984.0,United Kingdom
568049,23031,DRAWER KNOB CRACKLE GLAZE PINK,18,2011-09-23 12:38:00,1.65,17841.0,United Kingdom
515287,15044C,PURPLE PAPER PARASOL,2,2010-07-09 14:58:00,5.91,,United Kingdom
554512,21327,SKULLS WRITING SET ,1,2011-05-24 15:54:00,3.29,,United Kingdom
510170,22646,CERAMIC STRAWBERRY CAKE MONEY BANK,4,2010-05-27 14:28:00,1.45,13001.0,United Kingdom
545667,35915C,PEACH KNITTED HEN ,2,2011-03-04 16:07:00,0.83,,United Kingdom
537240,22968,ROSE COTTAGE KEEPSAKE BOX ,1,2010-12-06 10:08:00,20.38,,United Kingdom
522948,22113,GREY HEART HOT WATER BOTTLE,3,2010-09-19 10:05:00,3.75,17243.0,United Kingdom
555510,20979,36 PENCILS TUBE RED RETROSPOT,16,2011-06-03 17:09:00,2.46,,United Kingdom
511466,22469,HEART OF WICKER SMALL,12,2010-06-08 13:02:00,1.65,13871.0,United Kingdom
573138,22766,PHOTO FRAME CORNICE,4,2011-10-27 17:22:00,2.95,15023.0,United Kingdom
516590,84507B,STRIPES DESIGN MONKEY DOLL,2,2010-07-21 13:47:00,2.55,15005.0,United Kingdom
518530,21741,COSY SLIPPER SHOES LARGE GREEN,6,2010-08-09 15:44:00,2.95,14794.0,United Kingdom
509600,22215,CAKE STAND WHITE TWO TIER LACE,2,2010-05-24 15:57:00,8.5,16075.0,United Kingdom
501104,21102,"CANDLE IN JAR COLLAGE , VANILLA",12,2010-03-12 13:08:00,2.55,15874.0,United Kingdom
562161,15039,SANDALWOOD FAN,2,2011-08-03 11:58:00,0.85,17841.0,United Kingdom
539718,22064,PINK DOUGHNUT TRINKET POT ,2,2010-12-21 13:06:00,3.36,,United Kingdom
538071,21195,PINK  HONEYCOMB PAPER BALL ,7,2010-12-09 14:09:00,4.21,,United Kingdom
572066,23285,PINK VINTAGE SPOT BEAKER,16,2011-10-20 13:07:00,0.85,15159.0,United Kingdom
524484,47556B,TEA TIME TEA TOWELS ,6,2010-09-29 11:48:00,2.95,14422.0,United Kingdom
527093,22403,MAGNETS PACK OF 4 VINTAGE LABELS ,2,2010-10-14 16:14:00,1.25,17823.0,United Kingdom
515326,15039,SANDALWOOD FAN,250,2010-07-11 12:45:00,0.53,15555.0,United Kingdom
520046,22423,REGENCY CAKESTAND 3 TIER,1,2010-08-23 14:38:00,12.75,15005.0,United Kingdom
490963,22294,HEART FILIGREE DOVE  SMALL,11,2009-12-08 15:49:00,2.57,,United Kingdom
566495,22382,LUNCH BAG SPACEBOY DESIGN ,6,2011-09-13 11:14:00,1.65,15529.0,United Kingdom
541104,21147,JINGLE BELLS TREE DECORATION,5,2011-01-13 14:29:00,2.46,,United Kingdom
502816,71459,HANGING JAM JAR T-LIGHT HOLDER,36,2010-03-28 10:51:00,0.85,13871.0,United Kingdom
578125,23695,DOILY THANK YOU CARD,72,2011-11-23 10:31:00,0.36,17511.0,United Kingdom
563854,21977,PACK OF 60 PINK PAISLEY CAKE CASES,24,2011-08-19 15:24:00,0.55,12364.0,Belgium
538153,82581,TOILET METAL SIGN,1,2010-12-09 16:31:00,1.28,,United Kingdom
534432,22617,BAKING SET SPACEBOY DESIGN,2,2010-11-22 15:01:00,4.95,18283.0,United Kingdom
537370,22174,PHOTO CUBE,6,2010-12-06 12:44:00,1.65,13155.0,United Kingdom
565141,21975,PACK OF 60 DINOSAUR CAKE CASES,4,2011-09-01 13:40:00,0.55,17841.0,United Kingdom
535250,22966,GINGERBREAD MAN COOKIE CUTTER,1,2010-11-25 12:56:00,1.25,15987.0,United Kingdom
505398,22028,PENNY FARTHING BIRTHDAY CARD,12,2010-04-22 10:10:00,0.42,13855.0,United Kingdom
547381,21703,BAG 125g SWIRLY MARBLES,12,2011-03-22 15:25:00,0.42,18041.0,United Kingdom
524858,21124,SET/10 BLUE POLKADOT PARTY CANDLES,12,2010-09-30 19:57:00,1.25,14657.0,United Kingdom
574670,22283,6 EGG HOUSE PAINTED WOOD,1,2011-11-06 12:20:00,7.95,12838.0,United Kingdom
548558,22522,CHILDS GARDEN FORK BLUE ,12,2011-04-01 10:05:00,0.85,13626.0,United Kingdom
555923,22915,ASSORTED BOTTLE TOP  MAGNETS ,1,2011-06-07 17:09:00,4.96,,United Kingdom
576249,21098,CHRISTMAS TOILET ROLL,4,2011-11-14 13:47:00,1.25,17811.0,United Kingdom
489912,82616A,BUBBLE GUM SCARF KNITTING KIT,6,2009-12-03 10:26:00,2.95,13931.0,United Kingdom
492948,37422,WHITE WITH BLACK CATS BOWL,6,2009-12-21 14:33:00,0.85,14606.0,United Kingdom
505717,84937,KASHMIR FOLKART TUMBLERS,12,2010-04-25 13:20:00,2.1,17611.0,United Kingdom
521169,84997b,RED 3 PIECE MINI DOTS CUTLERY SET,2,2010-09-02 15:09:00,8.47,,United Kingdom
554030,22501,PICNIC BASKET WICKER LARGE,2,2011-05-20 13:56:00,9.95,16497.0,United Kingdom
532871,82578,KITCHEN METAL SIGN,1,2010-11-15 11:16:00,0.55,16033.0,United Kingdom
532764,22579,WOODEN TREE CHRISTMAS SCANDINAVIAN,2,2010-11-14 14:07:00,0.85,14684.0,United Kingdom
579089,22139,RETROSPOT TEA SET CERAMIC 11 PC ,2,2011-11-28 10:46:00,4.95,17920.0,United Kingdom
550178,23159,SET OF 5 PANCAKE DAY MAGNETS,12,2011-04-14 17:25:00,2.08,12662.0,Germany
537889,20726,LUNCH BAG WOODLAND,10,2010-12-09 10:04:00,1.65,13319.0,United Kingdom
495994,21704,BAG 250g SWIRLY MARBLES,6,2010-01-28 11:36:00,0.85,15563.0,United Kingdom
526916,47591B,SCOTTIES CHILDRENS APRON,2,2010-10-13 16:20:00,1.66,,United Kingdom
537255,22374,AIRLINE BAG VINTAGE JET SET RED,4,2010-12-06 11:03:00,4.25,14443.0,United Kingdom
525013,84949,SILVER HANGING T-LIGHT HOLDER,12,2010-10-03 11:15:00,1.65,14911.0,EIRE
575739,22725,ALARM CLOCK BAKELIKE CHOCOLATE,1,2011-11-11 09:05:00,7.46,,United Kingdom
520703,22147,FELTCRAFT BUTTERFLY HEARTS,12,2010-08-29 11:47:00,1.45,15074.0,United Kingdom
556093,21843,RED RETROSPOT CAKE STAND,1,2011-06-08 15:26:00,20.79,,United Kingdom
555510,22776,SWEETHEART CAKESTAND 3 TIER,2,2011-06-03 17:09:00,19.96,,United Kingdom
525335,85039C,S/4 BLACK MINI ROSE CANDLE IN BOWL,24,2010-10-05 11:24:00,0.42,14298.0,United Kingdom
573305,85152,HAND OVER THE CHOCOLATE   SIGN ,2,2011-10-28 16:13:00,2.1,17837.0,United Kingdom
518790,22300,COFFEE MUG DOG + BALL DESIGN,6,2010-08-12 09:41:00,2.55,17612.0,United Kingdom
565917,23640,SET 10 CARDS SCOTTIE DOG 17211,1,2011-09-07 16:15:00,2.49,,United Kingdom
522046,22581,WOOD STOCKING CHRISTMAS SCANDISPOT,5,2010-09-10 13:59:00,0.85,13246.0,United Kingdom
490300,21791,VINTAGE HEADS AND TAILS CARD GAME ,2,2009-12-04 14:19:00,1.25,12970.0,United Kingdom
573344,22150,3 STRIPEY MICE FELTCRAFT,1,2011-10-30 12:07:00,1.95,14179.0,United Kingdom
574298,22759,SET OF 3 NOTEBOOKS IN PARCEL,3,2011-11-03 15:56:00,3.29,,United Kingdom
557292,23205,CHARLOTTE BAG VINTAGE ALPHABET ,10,2011-06-19 13:06:00,0.85,17562.0,United Kingdom
558777,21972,SET OF 36 DINOSAUR PAPER DOILIES,2,2011-07-04 10:23:00,1.25,,United Kingdom
537808,84415B,BLUE FLOCK CUSHION COVER ,2,2010-12-08 13:23:00,3.75,15311.0,United Kingdom
570696,22941,CHRISTMAS LIGHTS 10 REINDEER,2,2011-10-12 09:08:00,8.5,15840.0,United Kingdom
501714,21454,PAINTED PINK RABBIT ,12,2010-03-19 10:22:00,0.85,17581.0,United Kingdom
569693,22970,LONDON BUS COFFEE MUG,6,2011-10-05 15:18:00,2.55,17837.0,United Kingdom
576607,22940,FELTCRAFT CHRISTMAS FAIRY,8,2011-11-15 15:42:00,4.25,12474.0,Germany
533737,22161,HEART DECORATION RUSTIC HANGING ,10,2010-11-18 13:55:00,0.81,,United Kingdom
535803,21115,ROSE CARAVAN DOORSTOP,1,2010-11-28 14:57:00,6.75,14410.0,United Kingdom
568185,21108,FAIRY CAKE FLANNEL ASSORTED COLOUR,3,2011-09-25 14:08:00,2.55,16594.0,United Kingdom
517986,84755,COLOUR GLASS T-LIGHT HOLDER HANGING,8,2010-08-03 15:17:00,1.27,,United Kingdom
560723,21791,VINTAGE HEADS AND TAILS CARD GAME ,6,2011-07-20 13:53:00,1.25,16464.0,United Kingdom
577061,22745,POPPY'S PLAYHOUSE BEDROOM ,6,2011-11-17 14:40:00,2.1,14911.0,EIRE
510064,21326,AGED GLASS SILVER T-LIGHT HOLDER,23,2010-05-27 10:56:00,1.66,,United Kingdom
496339,84691,PACK 20 DOLLY PEGS,3,2010-01-31 15:40:00,0.85,16655.0,United Kingdom
500320,22293,"SPRING DEC , HANGING CHICK  GREEN",24,2010-03-07 12:03:00,1.45,16271.0,United Kingdom
508228,84247N,PACK/12 BLUE FOLKART CARDS,1,2010-05-13 16:49:00,0.84,,United Kingdom
570108,23366,SET 12 COLOURING PENCILS DOILY,16,2011-10-07 12:25:00,0.65,13004.0,United Kingdom
524105,72814,SET OF 3 CHRISTMAS BRIAR CANDLES,1,2010-09-27 12:50:00,3.75,17081.0,United Kingdom
566213,23407,SET OF 2 TRAYS HOME SWEET HOME,2,2011-09-09 15:09:00,9.95,14895.0,United Kingdom
524092,22343,PARTY PIZZA DISH RED RETROSPOT,12,2010-09-27 11:57:00,0.85,15502.0,United Kingdom
491812,20714,POSY SHOPPER BAG,500,2009-12-14 13:23:00,0.38,13694.0,United Kingdom
571017,21122,SET/10 PINK POLKADOT PARTY CANDLES,24,2011-10-13 12:17:00,1.25,15116.0,United Kingdom
571508,20727,LUNCH BAG  BLACK SKULL.,1,2011-10-17 15:27:00,4.13,,United Kingdom
507393,21452,TOADSTOOL MONEY BOX,12,2010-05-09 12:49:00,2.95,14911.0,EIRE
568788,22558,CLOTHES PEGS RETROSPOT PACK 24 ,2,2011-09-29 09:23:00,1.65,17894.0,United Kingdom
517076,20981,12 PENCILS TALL TUBE WOODLAND,4,2010-07-26 14:05:00,1.66,,United Kingdom
572921,23145,ZINC T-LIGHT HOLDER STAR LARGE,6,2011-10-26 16:57:00,0.95,15993.0,United Kingdom
567665,21258,VICTORIAN SEWING BOX LARGE,1,2011-09-21 15:22:00,24.96,,United Kingdom
506224,21392,RED SPOTTY PUDDING BOWL,2,2010-04-28 11:55:00,4.21,,United Kingdom
502444,40018F,CHERRY DESIGN PAPERLANTERNS,3,2010-03-24 13:30:00,1.95,14729.0,United Kingdom
574481,23571,TRADITIONAL NAUGHTS & CROSSES,1,2011-11-04 12:45:00,1.65,18022.0,United Kingdom
560569,22554,PLASTERS IN TIN WOODLAND ANIMALS,12,2011-07-19 14:04:00,1.65,12480.0,Germany
494782,84819,DANISH ROSE ROUND SEWING BOX,1,2010-01-18 13:15:00,8.47,,United Kingdom
C524154,22622,BOX OF VINTAGE ALPHABET BLOCKS,-48,2010-09-27 15:58:00,8.5,14911.0,EIRE
513629,79071B,ENGLISH ROSE METAL WASTE BIN,1,2010-06-27 13:25:00,2.95,17561.0,United Kingdom
513559,21791,VINTAGE HEADS AND TAILS CARD GAME ,2,2010-06-25 13:35:00,1.25,17804.0,United Kingdom
563193,85183B,CHARLIE & LOLA WASTEPAPER BIN FLORA,2,2011-08-12 16:30:00,1.25,,United Kingdom
579508,23695,DOILY THANK YOU CARD,2,2011-11-29 16:33:00,0.83,,United Kingdom
530297,22604,SET OF 4 NAPKIN CHARMS CUTLERY,2,2010-11-02 12:37:00,2.55,14966.0,United Kingdom
527366,85183B,CHARLIE & LOLA WASTEPAPER BIN FLORA,2,2010-10-17 11:24:00,3.75,15571.0,United Kingdom
533487,21733,RED HANGING HEART T-LIGHT HOLDER,10,2010-11-17 13:11:00,2.95,13593.0,United Kingdom
543983,22933,BAKING MOULD EASTER EGG MILK CHOC,6,2011-02-15 09:20:00,2.95,16979.0,United Kingdom
577174,23219,LAUREL STAR ANTIQUE SILVER ,1,2011-11-18 10:58:00,1.25,17841.0,United Kingdom
558099,21616,4 PEAR BOTANICAL DINNER CANDLES,4,2011-06-26 13:45:00,3.75,17593.0,United Kingdom
503503,21716,BOYS VINTAGE TIN SEASIDE BUCKET,16,2010-04-01 12:30:00,2.55,12583.0,France
535639,22158,3 HEARTS HANGING DECORATION RUSTIC,24,2010-11-28 10:18:00,2.95,17243.0,United Kingdom
546008,22378,WALL TIDY RETROSPOT ,1,2011-03-08 15:43:00,4.13,,United Kingdom
573916,22435,SET OF 9 HEART SHAPED BALLOONS,1,2011-11-01 15:57:00,1.25,,United Kingdom
549525,22904,CALENDAR PAPER CUT DESIGN,1,2011-04-08 15:44:00,5.79,,United Kingdom
512309,85055,FRENCH ENAMEL UTENSIL HOLDER,8,2010-06-14 16:43:00,3.75,14911.0,EIRE
514984,21936,RED RETROSPOT PICNIC BAG,2,2010-07-07 13:50:00,2.95,17841.0,United Kingdom
504532,22445,PENCIL CASE LIFE IS BEAUTIFUL,6,2010-04-14 11:50:00,2.95,12471.0,Germany
524508,21679,SKULLS  STICKERS,6,2010-09-29 12:41:00,0.85,13770.0,United Kingdom
574709,23439,HAND WARMER RED LOVE HEART,24,2011-11-06 14:14:00,2.1,17768.0,United Kingdom
563196,82494L,WOODEN FRAME ANTIQUE WHITE ,6,2011-08-12 16:54:00,2.95,14406.0,United Kingdom
531064,46000S,POLYESTER FILLER PAD 40x40cm,2,2010-11-05 12:09:00,1.45,16265.0,United Kingdom
514948,21532,damaged,-57,2010-07-07 11:46:00,0.0,,United Kingdom
542906,82613B,"METAL SIGN,CUPCAKE SINGLE HOOK",6,2011-02-01 15:12:00,2.46,,United Kingdom
490741,84510F,SET OF 4 NEW ENGLAND COASTERS ,1,2009-12-07 17:56:00,2.57,,United Kingdom
527772,22457,NATURAL SLATE HEART CHALKBOARD ,6,2010-10-19 10:23:00,2.95,14312.0,United Kingdom
535836,84375,SET OF 20 KIDS COOKIE CUTTERS,108,2010-11-29 09:55:00,2.1,12678.0,France
580672,22195,LARGE HEART MEASURING SPOONS,5,2011-12-05 14:29:00,1.65,17920.0,United Kingdom
541122,22425,ENAMEL COLANDER CREAM,3,2011-01-14 09:23:00,4.95,12708.0,Germany
576089,22947,WOODEN ADVENT CALENDAR RED,6,2011-11-14 08:56:00,7.95,17663.0,United Kingdom
514198,22056,CERAMIC PLATE LOVE HEART DESIGN,2,2010-06-30 15:55:00,3.36,,United Kingdom
527086,22633,HAND WARMER UNION JACK,4,2010-10-14 15:45:00,2.1,17965.0,United Kingdom
563404,21787,RAIN PONCHO RETROSPOT,48,2011-08-16 11:04:00,0.85,16303.0,United Kingdom
575128,23323,WHITE WICKER STAR ,6,2011-11-08 14:27:00,2.1,16837.0,United Kingdom
531382,22661,CHARLOTTE BAG DOLLY GIRL DESIGN,1,2010-11-07 16:29:00,0.85,16549.0,United Kingdom
502319,22302,COFFEE MUG PEARS  DESIGN,6,2010-03-24 10:00:00,2.55,14370.0,United Kingdom
551718,21086,SET/6 RED SPOTTY PAPER CUPS,1,2011-05-03 16:06:00,1.63,,United Kingdom
577091,21833,CAMOUFLAGE LED TORCH,12,2011-11-17 16:29:00,1.69,16531.0,United Kingdom
513450,22431,WATERING CAN BLUE ELEPHANT,1,2010-06-24 15:03:00,0.0,,United Kingdom
520672,85123A,WHITE HANGING HEART T-LIGHT HOLDER,4,2010-08-27 14:09:00,2.95,17270.0,United Kingdom
503985,21542,WOODLAND WATER TRANSFER TATTOOS ,12,2010-04-09 10:08:00,0.85,12468.0,Germany
539958,21675,BUTTERFLIES STICKERS,6,2010-12-23 13:26:00,0.81,,United Kingdom
554669,21931,JUMBO STORAGE BAG SUKI,10,2011-05-25 15:31:00,2.08,15203.0,United Kingdom
543114,21761,WOOD AND GLASS MEDICINE CABINET,1,2011-02-03 13:26:00,29.95,14156.0,EIRE
569468,23366,SET 12 COLOURING PENCILS DOILY,16,2011-10-04 11:56:00,0.65,16186.0,United Kingdom
579541,22730,ALARM CLOCK BAKELIKE IVORY,2,2011-11-30 10:12:00,3.75,14653.0,United Kingdom
580722,85099B,JUMBO BAG RED RETROSPOT,10,2011-12-05 17:06:00,2.08,13985.0,United Kingdom
571669,23356,LOVE HOT WATER BOTTLE,2,2011-10-18 13:11:00,5.95,17758.0,United Kingdom
580611,22754,SMALL RED BABUSHKA NOTEBOOK ,1,2011-12-05 11:49:00,0.21,12748.0,United Kingdom
556733,35471D,SET OF 3 BIRD LIGHT PINK FEATHER ,12,2011-06-14 11:53:00,0.39,16919.0,United Kingdom
568321,23379,PACK OF 12 RED APPLE TISSUES,24,2011-09-26 13:36:00,0.39,13639.0,United Kingdom
C561613,22780,LIGHT GARLAND BUTTERFILES PINK,-4,2011-07-28 12:46:00,4.25,14194.0,United Kingdom
533140,20712,JUMBO BAG WOODLAND ANIMALS,2,2010-11-16 13:04:00,1.95,15968.0,United Kingdom
534711,84406B,CREAM CUPID HEARTS COAT HANGER,8,2010-11-23 17:10:00,3.25,16001.0,United Kingdom
515347,22551,PLASTERS IN TIN SPACEBOY,12,2010-07-12 10:26:00,1.65,12472.0,Germany
502030,22286,"DECORATION , WOBBLY RABBIT , METAL ",1,2010-03-22 13:11:00,3.36,,United Kingdom
572074,22181,SNOWSTORM PHOTO FRAME FRIDGE MAGNET,6,2011-10-20 13:54:00,0.85,16284.0,United Kingdom
565439,22741,FUNKY DIVA PEN,48,2011-09-04 13:56:00,0.85,14852.0,United Kingdom
577030,21615,4 LAVENDER BOTANICAL DINNER CANDLES,24,2011-11-17 12:59:00,1.25,14060.0,United Kingdom
534859,21947,SET OF 6 HEART CHOPSTICKS,2,2010-11-24 13:56:00,2.51,,United Kingdom
548245,48138,DOORMAT UNION FLAG,60,2011-03-30 10:36:00,7.65,12823.0,United Kingdom
529727,85231G,ORANGE SCENTED SET/9 T-LIGHTS,1,2010-10-29 14:12:00,1.66,,United Kingdom
532614,21156,RETROSPOT CHILDRENS APRON,3,2010-11-12 15:21:00,4.21,,United Kingdom
526930,21136,PAINTED METAL PEARS ASSORTED,176,2010-10-14 09:31:00,1.45,17409.0,United Kingdom
578024,23564,EGG CUP MILKMAID INGRID,12,2011-11-22 13:27:00,1.25,12705.0,Germany
557470,47566B,TEA TIME PARTY BUNTING,50,2011-06-20 13:21:00,4.15,13798.0,United Kingdom
503543,84327A,PINK JUMPER LARRY THE LAMB,24,2010-04-01 14:23:00,2.1,17993.0,United Kingdom
503548,84327A,PINK JUMPER LARRY THE LAMB,4,2010-04-01 14:59:00,2.1,16918.0,United Kingdom
551516,20971,PINK BLUE FELT CRAFT TRINKET BOX,2,2011-05-01 11:10:00,1.25,14800.0,United Kingdom
539766,22601,CHRISTMAS RETROSPOT ANGEL WOOD,1,2010-12-22 11:11:00,0.85,14092.0,United Kingdom
574707,23313,VINTAGE CHRISTMAS BUNTING,4,2011-11-06 14:08:00,4.95,17107.0,United Kingdom
562031,23013,GLASS APOTHECARY BOTTLE TONIC,3,2011-08-01 17:37:00,3.95,16984.0,United Kingdom
504100,22348,TEA BAG PLATE RED SPOTTY ,12,2010-04-09 14:38:00,0.85,13802.0,United Kingdom
526421,84970L,SINGLE HEART ZINC T-LIGHT HOLDER,24,2010-10-11 14:46:00,0.95,14852.0,United Kingdom
536002,84879,ASSORTED COLOUR BIRD ORNAMENT,16,2010-11-29 14:21:00,1.69,16355.0,United Kingdom
530785,20724,RED RETROSPOT CHARLOTTE BAG,10,2010-11-04 12:09:00,0.85,17702.0,United Kingdom
523993,22834,HAND WARMER BABUSHKA DESIGN,4,2010-09-26 14:43:00,2.1,16161.0,United Kingdom
581439,21429,RED GINGHAM ROSE JEWELLERY BOX,2,2011-12-08 16:30:00,4.13,,United Kingdom
506055,21899,"KEY FOB , GARAGE DESIGN",6,2010-04-27 11:50:00,0.65,16117.0,United Kingdom
526089,22629,SPACEBOY LUNCH BOX ,12,2010-10-08 12:14:00,1.95,15281.0,United Kingdom
579668,23247,BISCUIT TIN 50'S CHRISTMAS,6,2011-11-30 12:32:00,2.89,15152.0,United Kingdom
539595,21559,STRAWBERRY LUNCH BOX WITH CUTLERY,1,2010-12-20 13:43:00,5.06,,United Kingdom
511474,21232,STRAWBERRY CERAMIC TRINKET BOX,1,2010-06-08 13:27:00,1.25,16791.0,United Kingdom
559436,20984,12 PENCILS TALL TUBE POSY,27,2011-07-08 12:18:00,0.29,15901.0,United Kingdom
570517,20728,LUNCH BAG CARS BLUE,10,2011-10-11 10:41:00,1.65,13971.0,United Kingdom
554497,23106,ZINC HEARTS PLANT POT HOLDER,8,2011-05-24 14:38:00,2.89,15819.0,United Kingdom
497628,22175,PINK OWL SOFT TOY,1,2010-02-11 13:03:00,2.95,15005.0,United Kingdom
537237,21891,TRADITIONAL WOODEN SKIPPING ROPE,4,2010-12-06 09:58:00,2.51,,United Kingdom
558087,23308,SET OF 60 VINTAGE LEAF CAKE CASES ,3,2011-06-26 12:04:00,0.55,17323.0,United Kingdom
491457,21770,OPEN CLOSED METAL SIGN,1,2009-12-11 11:26:00,4.95,15998.0,United Kingdom
519938,21217,RED SPOTTY ROUND CAKE TINS,1,2010-08-23 09:23:00,9.95,15260.0,United Kingdom
530342,85049A,TRADITIONAL CHRISTMAS RIBBONS,3,2010-11-02 15:34:00,1.25,18041.0,United Kingdom
539631,22276,WASH BAG VINTAGE ROSE PAISLEY,1,2010-12-20 15:03:00,5.91,,United Kingdom
513312,51014C,"FEATHER PEN,COAL BLACK",12,2010-06-23 15:40:00,0.85,14798.0,United Kingdom
564732,22082,RIBBON REEL STRIPES DESIGN ,5,2011-08-28 13:08:00,1.65,16466.0,United Kingdom
519827,22047,EMPIRE GIFT WRAP,25,2010-08-20 14:50:00,0.42,15702.0,Nigeria
527719,22649,STRAWBERRY FAIRY CAKE TEAPOT,1,2010-10-18 15:27:00,4.95,17143.0,United Kingdom
546993,22558,CLOTHES PEGS RETROSPOT PACK 24 ,2,2011-03-18 13:19:00,1.49,17921.0,United Kingdom
575965,84946,ANTIQUE SILVER T-LIGHT GLASS,12,2011-11-13 12:32:00,1.25,13426.0,United Kingdom
571429,23103,JINGLE BELL HEART DECORATION,1,2011-10-17 12:50:00,1.65,15335.0,United Kingdom
556125,20725,LUNCH BAG RED RETROSPOT,10,2011-06-09 10:20:00,1.65,12947.0,United Kingdom
517336,22650,CERAMIC PIRATE CHEST MONEY BANK,4,2010-07-28 13:36:00,1.45,13590.0,United Kingdom
557324,22983,CARD BILLBOARD FONT,1,2011-06-20 09:41:00,0.83,,United Kingdom
500703,21407,BROWN CHECK CAT DOORSTOP ,16,2010-03-09 13:43:00,3.75,14147.0,United Kingdom
547220,22148,EASTER CRAFT 4 CHICKS ,24,2011-03-21 15:02:00,1.95,13410.0,United Kingdom
491193,22030,SWALLOWS GREETING CARD,48,2009-12-10 12:44:00,0.42,13091.0,United Kingdom
554105,23298,SPOTTY BUNTING,1,2011-05-22 14:04:00,4.95,14711.0,United Kingdom
574713,23489,VINTAGE BELLS GARLAND,6,2011-11-06 14:26:00,2.89,12628.0,Germany
496309,22383,LUNCHBAG SUKI  DESIGN ,20,2010-01-31 12:03:00,1.65,13093.0,United Kingdom
536544,22203,MILK PAN RED RETROSPOT,1,2010-12-01 14:32:00,7.62,,United Kingdom
531129,21231,SWEETHEART CERAMIC TRINKET BOX,12,2010-11-05 13:31:00,1.25,13836.0,United Kingdom
538071,90128C,GREEN LEAVES AND BEADS PHONE CHARM,1,2010-12-09 14:09:00,2.51,,United Kingdom
529327,22112,CHOCOLATE HOT WATER BOTTLE,12,2010-10-27 14:15:00,4.95,13089.0,United Kingdom
538205,22489,PACK OF 12 TRADITIONAL CRAYONS,3,2010-12-10 11:24:00,0.42,12748.0,United Kingdom
559055,22293,HANGING CHICK GREEN DECORATION,3,2011-07-05 17:09:00,1.25,,United Kingdom
518673,21671,RED SPOT CERAMIC DRAWER KNOB,96,2010-08-10 16:10:00,1.06,14646.0,Netherlands
538351,84031A,CHARLIE+LOLA RED HOT WATER BOTTLE ,17,2010-12-10 15:17:00,9.32,,United Kingdom
498014,21121,SET/10 RED SPOTTY PARTY CANDLES,24,2010-02-15 15:00:00,1.25,15805.0,United Kingdom
551345,22328,ROUND SNACK BOXES SET OF 4 FRUITS ,48,2011-04-28 09:03:00,2.55,14646.0,Netherlands
574856,72741,GRAND CHOCOLATECANDLE,9,2011-11-07 12:06:00,2.76,,United Kingdom
493374,21015,DARK BIRD HOUSE TREE DECORATION,1,2009-12-23 11:51:00,0.85,,United Kingdom
491660,20774,GREEN FERN NOTEBOOK,1,2009-12-13 11:14:00,1.65,15196.0,United Kingdom
553917,22784,LANTERN CREAM GAZEBO ,12,2011-05-20 08:30:00,4.25,17615.0,United Kingdom
549982,20727,LUNCH BAG  BLACK SKULL.,10,2011-04-13 15:52:00,1.65,17091.0,United Kingdom
506576,35599D,PINK AND WHITE CHRISTMAS TREE 120CM,1,2010-04-30 13:41:00,5.91,,United Kingdom
535981,22633,HAND WARMER UNION JACK,1,2010-11-29 13:09:00,2.1,18109.0,United Kingdom
555923,23109,LED TEA LIGHTS,4,2011-06-07 17:09:00,5.79,,United Kingdom
C499827,21527,RETRO SPOT TRADITIONAL TEAPOT ,-2,2010-03-02 16:12:00,6.95,14944.0,United Kingdom
544186,22593,CHRISTMAS GINGHAM STAR,1,2011-02-16 15:56:00,1.63,,United Kingdom
516185,21122,SET/10 PINK SPOTTY PARTY CANDLES,4,2010-07-18 15:48:00,1.25,14546.0,United Kingdom
580509,21892,TRADITIONAL WOODEN CATCH CUP GAME ,12,2011-12-04 13:45:00,1.25,12719.0,France
524327,22666,RECIPE BOX PANTRY YELLOW DESIGN,1,2010-09-28 15:07:00,5.91,,United Kingdom
502746,21577,SAVE THE PLANET COTTON TOTE BAG,1,2010-03-26 12:53:00,5.06,,United Kingdom
546892,22999,TRAVEL CARD WALLET RETRO PETALS,1,2011-03-17 18:20:00,0.83,,United Kingdom
534203,21591,COSY HOUR CIGAR BOX MATCHES ,2,2010-11-21 15:28:00,1.25,14583.0,United Kingdom
552493,82583,HOT BATHS METAL SIGN,1,2011-05-09 16:21:00,4.13,,United Kingdom
555344,22386,JUMBO BAG PINK POLKADOT,100,2011-06-02 11:45:00,1.79,15311.0,United Kingdom
560586,21257,VICTORIAN SEWING BOX MEDIUM,96,2011-07-19 15:48:00,6.95,13631.0,United Kingdom
526156,84508B,STRIPES DESIGN TEDDY,1,2010-10-08 16:04:00,2.55,,United Kingdom
519609,21975,PACK OF 60 DINOSAUR CAKE CASES,2,2010-08-18 16:39:00,0.55,17585.0,United Kingdom
576677,22629,SPACEBOY LUNCH BOX ,6,2011-11-16 12:03:00,1.95,16393.0,United Kingdom
522090,22175,PINK OWL SOFT TOY,2,2010-09-12 12:46:00,2.95,16799.0,United Kingdom
490926,21481,FAWN BLUE HOT WATER BOTTLE,2,2009-12-08 13:38:00,2.95,15031.0,United Kingdom
498350,82483,WOOD 2 DRAWER CABINET WHITE FINISH,3,2010-02-18 12:25:00,5.95,14085.0,United Kingdom
536522,22632,HAND WARMER RED RETROSPOT,1,2010-12-01 12:49:00,2.1,15012.0,United Kingdom
537764,22147,FELTCRAFT BUTTERFLY HEARTS,1,2010-12-08 12:06:00,1.45,16893.0,United Kingdom
495952,22215,CAKE STAND WHITE TWO TIER LACE,1,2010-01-27 17:53:00,16.98,,United Kingdom
490099,79323W, WHITE CHERRY LIGHTS,4,2009-12-03 16:12:00,6.75,16736.0,United Kingdom
531782,22531,MAGIC DRAWING SLATE CIRCUS PARADE  ,1,2010-11-09 14:48:00,0.42,16021.0,United Kingdom
503059,84406B,CREAM CUPID HEARTS COAT HANGER,1,2010-03-29 16:14:00,3.25,13831.0,United Kingdom
505774,21795,SET OF 3 BLUE STRIPE BASKET,3,2010-04-26 10:33:00,12.75,17663.0,United Kingdom
533761,72351A,SET/6 TURQUOISE BUTTERFLY T-LIGHTS,1,2010-11-18 14:52:00,2.1,17841.0,United Kingdom
566220,22965,3 TRADITIONAl BISCUIT CUTTERS  SET,24,2011-09-09 15:53:00,2.1,15251.0,United Kingdom
563764,21563,RED HEART SHAPE LOVE BUCKET ,2,2011-08-19 11:15:00,2.95,14606.0,United Kingdom
573083,22698,PINK REGENCY TEACUP AND SAUCER,2,2011-10-27 14:22:00,2.95,13735.0,United Kingdom
574317,21106,CREAM SLICE FLANNEL CHOCOLATE SPOT ,24,2011-11-03 18:49:00,2.55,17078.0,United Kingdom
523696,84692,BOX OF 24 COCKTAIL PARASOLS,2,2010-09-23 14:47:00,0.85,,United Kingdom
550512,22219,LOVEBIRD HANGING DECORATION WHITE ,2,2011-04-18 16:31:00,0.85,18069.0,United Kingdom
527262,22645,CERAMIC HEART FAIRY CAKE MONEY BANK,4,2010-10-15 12:45:00,1.45,15574.0,United Kingdom
518662,22520,CHILDS GARDEN TROWEL BLUE ,2,2010-08-10 14:08:00,1.66,,United Kingdom
547960,21558,SKULL LUNCH BOX WITH CUTLERY ,2,2011-03-28 15:27:00,2.55,15644.0,United Kingdom
C519225,37449,CERAMIC CAKE STAND + HANGING CAKES,-2,2010-08-15 12:35:00,8.5,15311.0,United Kingdom
539434,84692,BOX OF 24 COCKTAIL PARASOLS,1,2010-12-17 14:41:00,0.85,,United Kingdom
C557945,85099C,JUMBO  BAG BAROQUE BLACK WHITE,-1,2011-06-23 16:11:00,2.08,18223.0,United Kingdom
545868,79321,CHILLI LIGHTS,1,2011-03-07 14:33:00,5.75,17841.0,United Kingdom
529582,22457,NATURAL SLATE HEART CHALKBOARD ,4,2010-10-28 19:20:00,2.95,14481.0,United Kingdom
512781,21131,GOLD STANDING GNOME,2,2010-06-17 18:17:00,4.25,17341.0,United Kingdom
528129,22892,SALT AND PEPPER SHAKERS TOADSTOOLS,2,2010-10-20 14:58:00,1.25,14062.0,United Kingdom
535407,22972,CHILDREN'S SPACEBOY MUG,1,2010-11-26 11:20:00,3.36,,United Kingdom
505775,82600,NO SINGING METAL SIGN,12,2010-04-26 10:35:00,2.1,14942.0,United Kingdom
C572456,POST,POSTAGE,-1,2011-10-24 12:44:00,22.56,,United Kingdom
568176,85015,SET OF 12  VINTAGE POSTCARD SET,24,2011-09-25 13:25:00,0.65,12685.0,France
554074,23135,SMALL ZINC HEART WALL ORGANISER,2,2011-05-22 11:28:00,5.75,13230.0,United Kingdom
512435,22090,PAPER BUNTING RETRO SPOTS,8,2010-06-15 15:54:00,5.91,,United Kingdom
577181,23358,HOT STUFF HOT WATER BOTTLE,36,2011-11-18 11:35:00,3.29,,United Kingdom
496506,22146,EASTER CRAFT IVY WREATH WITH CHICK,6,2010-02-02 10:15:00,1.95,15279.0,United Kingdom
504519,21866,UNION JACK FLAG LUGGAGE TAG,2,2010-04-14 11:36:00,1.25,15563.0,United Kingdom
543273,21900,"KEY FOB , SHED",1,2011-02-06 11:29:00,0.65,16456.0,United Kingdom
568204,22751,FELTCRAFT PRINCESS OLIVIA DOLL,4,2011-09-25 15:25:00,3.75,13670.0,United Kingdom
573551,48138,DOORMAT UNION FLAG,2,2011-10-31 13:35:00,8.25,15044.0,United Kingdom
533798,85123A,WHITE HANGING HEART T-LIGHT HOLDER,6,2010-11-18 19:08:00,2.95,13004.0,United Kingdom
552234,84380,SET OF 3 BUTTERFLY COOKIE CUTTERS,1,2011-05-06 16:01:00,2.46,,United Kingdom
574891,21944,KITTENS DESIGN FLANNEL,1,2011-11-07 14:28:00,0.85,14606.0,United Kingdom
545868,20719,WOODLAND CHARLOTTE BAG,2,2011-03-07 14:33:00,0.85,17841.0,United Kingdom
520824,90019C,SILVER BLACK ORBIT BRACELET,1,2010-08-31 12:30:00,5.51,,United Kingdom
569728,23343,JUMBO BAG VINTAGE CHRISTMAS ,10,2011-10-06 09:38:00,2.08,15416.0,United Kingdom
570488,82616C,MIDNIGHT GLAMOUR SCARF KNITTING KIT,3,2011-10-10 17:12:00,2.46,14096.0,United Kingdom
565675,23232,WRAP VINTAGE LEAF DESIGN,25,2011-09-06 09:51:00,0.42,15513.0,United Kingdom
535266,22091,EMPIRE TISSUE BOX,2,2010-11-25 13:32:00,1.25,14159.0,United Kingdom
491148,85099B,JUMBO BAG RED WHITE SPOTTY ,50,2009-12-10 07:43:00,1.65,15061.0,United Kingdom
531341,22799,SWEETHEART WIRE FRUIT BOWL,2,2010-11-07 12:55:00,8.5,17033.0,United Kingdom
569513,23103,JINGLE BELL HEART DECORATION,24,2011-10-04 13:55:00,1.65,14332.0,United Kingdom
548735,82483,WOOD 2 DRAWER CABINET WHITE FINISH,2,2011-04-04 10:52:00,6.95,15039.0,United Kingdom
581219,21379,CAMPHOR WOOD PORTOBELLO MUSHROOM,1,2011-12-08 09:28:00,2.46,,United Kingdom
512911,21754,HOME BUILDING BLOCK WORD,1,2010-06-18 14:56:00,11.87,,United Kingdom
498694,22322,BIRD DECORATION GREEN  SPOT,12,2010-02-22 11:42:00,0.85,13787.0,United Kingdom
575138,48185,DOORMAT FAIRY CAKE,2,2011-11-08 15:24:00,14.13,,United Kingdom
541422,22343,PARTY PIZZA DISH RED RETROSPOT,23,2011-01-17 17:48:00,0.42,,United Kingdom
528615,21745,GAOLERS KEYS DECORATIVE GARDEN ,3,2010-10-22 16:36:00,3.75,17231.0,United Kingdom
528912,21867,PINK UNION JACK  LUGGAGE TAG,1,2010-10-25 13:40:00,1.25,16241.0,United Kingdom
561925,23308,SET OF 60 VINTAGE LEAF CAKE CASES ,24,2011-08-01 12:28:00,0.55,16551.0,United Kingdom
571413,22672,FRENCH BATHROOM SIGN BLUE METAL,12,2011-10-17 12:33:00,1.65,13923.0,United Kingdom
529133,22751,FELTCRAFT PRINCESS OLIVIA DOLL,1,2010-10-26 14:47:00,7.62,,United Kingdom
557125,23288,GREEN VINTAGE SPOT BEAKER,612,2011-06-16 18:40:00,0.72,17450.0,United Kingdom
C515410,22423,REGENCY CAKESTAND 3 TIER,-1,2010-07-12 12:42:00,12.75,18135.0,United Kingdom
525948,22295,HEART FILIGREE DOVE LARGE,12,2010-10-07 18:19:00,1.65,15847.0,United Kingdom
542003,21731,RED TOADSTOOL LED NIGHT LIGHT,2,2011-01-25 11:07:00,1.65,15311.0,United Kingdom
573585,23034,DRAWER KNOB CERAMIC BLACK,1,2011-10-31 14:41:00,3.29,,United Kingdom
562528,21936,RED RETROSPOT PICNIC BAG,5,2011-08-05 13:52:00,2.95,12610.0,Italy
537643,72349b,SET/6 PURPLE BUTTERFLY T-LIGHTS,3,2010-12-07 15:34:00,4.21,,United Kingdom
536464,22809,SET OF 6 T-LIGHTS SANTA,1,2010-12-01 12:23:00,2.95,17968.0,United Kingdom
509854,21086,SET/6 RED SPOTTY PAPER CUPS,216,2010-05-26 09:24:00,0.53,16422.0,United Kingdom
520706,84946,ANTIQUE SILVER TEA GLASS ETCHED,12,2010-08-29 12:31:00,1.25,15166.0,United Kingdom
580635,23263,SET OF 3 WOODEN HEART DECORATIONS,1,2011-12-05 12:30:00,1.25,14649.0,United Kingdom
565766,82578,KITCHEN METAL SIGN,5,2011-09-06 14:23:00,0.55,17841.0,United Kingdom
505633,22516,CHILDS GARDEN RAKE BLUE,1,2010-04-23 13:00:00,2.1,14623.0,United Kingdom
542174,85123A,WHITE HANGING HEART T-LIGHT HOLDER,6,2011-01-26 11:14:00,2.95,16043.0,United Kingdom
530562,22065,CHRISTMAS PUDDING TRINKET POT ,6,2010-11-03 13:47:00,1.45,16012.0,United Kingdom
518708,21172,PARTY METAL SIGN ,1,2010-08-11 10:51:00,1.45,14693.0,United Kingdom
545695,22720,SET OF 3 CAKE TINS PANTRY DESIGN ,6,2011-03-06 14:15:00,4.95,17050.0,United Kingdom
532581,21498,RED RETROSPOT WRAP ,150,2010-11-12 14:21:00,0.34,15061.0,United Kingdom
559816,22182,CAKE STAND VICTORIAN FILIGREE SMALL,2,2011-07-12 16:11:00,4.13,,United Kingdom
501863,85175,CACTI T-LIGHT CANDLES,16,2010-03-21 11:46:00,0.42,15650.0,United Kingdom
541423,22767,TRIPLE PHOTO FRAME CORNICE ,1,2011-01-17 17:54:00,19.96,,United Kingdom
569493,22077,6 RIBBONS RUSTIC CHARM,12,2011-10-04 13:35:00,1.95,13317.0,United Kingdom
516752,21928,JUMBO BAG SCANDINAVIAN PAISLEY,1,2010-07-22 16:01:00,1.95,13031.0,United Kingdom
550209,21876,POTTERING MUG,1,2011-04-15 10:39:00,3.29,,United Kingdom
509156,84707A,SILVER JEWELLED MIRROR TRINKET TRAY,1,2010-05-20 13:28:00,9.95,15025.0,United Kingdom
570871,84029G,KNITTED UNION FLAG HOT WATER BOTTLE,5,2011-10-12 16:36:00,4.25,,United Kingdom
520571,22676,"FRENCH BLUE METAL DOOR SIGN, 1",1,2010-08-27 09:12:00,2.51,,United Kingdom
554099,22188,BLACK HEART CARD HOLDER,4,2011-05-22 13:20:00,3.95,16341.0,United Kingdom
493971,21533,RETRO SPOT LARGE MILK JUG,1,2010-01-10 10:26:00,4.95,13259.0,United Kingdom
507029,21661,VINTAGE GLASS TEA CADDY,3,2010-05-05 14:52:00,5.95,16556.0,United Kingdom
492753,21212,PACK OF 72 RETRO SPOT CAKE CASES,24,2009-12-18 13:48:00,0.55,14156.0,EIRE
497932,46000M,POLYESTER FILLER PAD 45x45cm,2,2010-02-15 10:12:00,1.55,12391.0,Cyprus
501652,72801E,S/4 FESTIVE GREEN DINNER CANDLES,1,2010-03-18 12:47:00,1.25,17841.0,United Kingdom
535858,22966,GINGERBREAD MAN COOKIE CUTTER,12,2010-11-29 10:41:00,1.25,,EIRE
553044,23298,SPOTTY BUNTING,12,2011-05-13 09:24:00,4.95,12682.0,France
566060,21377,SMALL CAMPHOR WOOD FIELD  MUSHROOM,1,2011-09-08 15:27:00,3.29,,United Kingdom
527387,22694,WICKER STAR ,4,2010-10-17 13:09:00,2.1,14877.0,United Kingdom
569331,23508,MINI PLAYING CARDS DOLLY GIRL ,20,2011-10-03 13:39:00,0.42,16875.0,United Kingdom
492251,21589,SWALLOW GIANT TUBE MATCHES,12,2009-12-16 10:51:00,2.55,14156.0,EIRE
540971,22556,PLASTERS IN TIN CIRCUS PARADE ,12,2011-01-12 14:10:00,1.65,12383.0,Belgium
516960,84949,SILVER HANGING T-LIGHT HOLDER,12,2010-07-26 08:39:00,1.65,12949.0,United Kingdom
545056,21975,PACK OF 60 DINOSAUR CAKE CASES,24,2011-02-27 12:48:00,0.55,16745.0,United Kingdom
523300,20725,LUNCH BAG RED SPOTTY,2,2010-09-21 12:36:00,1.65,12748.0,United Kingdom
533781,78124,MAGAZINE RACK GEBRA ASSORTED ,24,2010-11-18 16:27:00,1.25,13996.0,United Kingdom
535322,22549,PICTURE DOMINOES,1,2010-11-25 15:19:00,3.36,,United Kingdom
504137,21947,SET OF 6 HEART CHOPSTICKS,6,2010-04-11 12:12:00,1.25,17920.0,United Kingdom
508228,85232B,SET/3 RUSSIAN DOLL STACKING TINS,1,2010-05-13 16:49:00,10.17,,United Kingdom
538206,22744,MAKE YOUR OWN MONSOON CARD KIT,2,2010-12-10 11:31:00,2.95,17827.0,United Kingdom
565145,22492,MINI PAINT SET VINTAGE ,1152,2011-09-01 13:50:00,0.55,12415.0,Australia
C526653,21340,CLASSIC METAL BIRDCAGE PLANT HOLDER,-2,2010-10-12 14:10:00,12.75,15046.0,United Kingdom
503144,22611,VINTAGE UNION JACK SHOPPING BAG,3,2010-03-30 12:13:00,4.95,14505.0,United Kingdom
561466,72802C,VANILLA SCENT CANDLE JEWELLED BOX,6,2011-07-27 12:50:00,4.25,17243.0,United Kingdom
535950,22457,NATURAL SLATE HEART CHALKBOARD ,2,2010-11-29 12:03:00,2.95,15989.0,United Kingdom
555937,22907,PACK OF 20 NAPKINS PANTRY DESIGN,24,2011-06-08 09:39:00,0.85,12683.0,France
496089,85123A,WHITE HANGING HEART T-LIGHT HOLDER,6,2010-01-29 09:21:00,2.95,17465.0,United Kingdom
577141,21787,RAIN PONCHO RETROSPOT,24,2011-11-18 09:11:00,0.85,13269.0,United Kingdom
548504,21033,JUMBO BAG CHARLIE AND LOLA TOYS,4,2011-03-31 14:33:00,4.13,,United Kingdom
491660,21479,WHITE SKULL HOT WATER BOTTLE ,3,2009-12-13 11:14:00,3.75,15196.0,United Kingdom
569332,23202,JUMBO BAG VINTAGE LEAF,1,2011-10-03 13:46:00,2.08,12637.0,France
533568,21731,RED TOADSTOOL LED NIGHT LIGHT,12,2010-11-18 10:32:00,1.65,14032.0,United Kingdom
574287,22082,RIBBON REEL STRIPES DESIGN ,2,2011-11-03 15:09:00,1.65,14723.0,United Kingdom
531771,22862,LOVE HEART NAPKIN BOX ,4,2010-11-09 14:24:00,4.25,17738.0,United Kingdom
532642,21068,VINTAGE BILLBOARD LOVE/HATE MUG,1,2010-11-12 17:00:00,2.51,,United Kingdom
579499,23082,SET 6 PAPER TABLE LANTERN HEARTS ,6,2011-11-29 15:59:00,3.75,17682.0,United Kingdom
501386,82599,FANNY'S REST STOPMETAL SIGN,12,2010-03-16 11:14:00,2.1,16779.0,United Kingdom
564753,23209,LUNCH BAG VINTAGE DOILY ,10,2011-08-30 10:20:00,1.65,13709.0,United Kingdom
562420,22501,PICNIC BASKET WICKER LARGE,1,2011-08-04 16:38:00,20.79,,United Kingdom
492428,21212,PACK OF 72 RETRO SPOT CAKE CASES,24,2009-12-17 08:55:00,0.55,18201.0,United Kingdom
496773,21232,STRAWBERRY CERAMIC TRINKET BOX,2,2010-02-03 15:45:00,1.25,15023.0,United Kingdom
575875,21935,SUKI  SHOULDER BAG,5,2011-11-11 13:06:00,1.63,,United Kingdom
534188,22465,HANGING METAL STAR LANTERN,4,2010-11-21 14:13:00,1.65,17085.0,United Kingdom
546317,16161P,WRAP ENGLISH ROSE ,25,2011-03-11 09:07:00,0.42,14913.0,United Kingdom
504161,21726,MULTI HEARTS  STICKERS,12,2010-04-11 15:54:00,0.85,15067.0,United Kingdom
497214,47566,PARTY BUNTING,1,2010-02-07 14:10:00,4.65,14562.0,United Kingdom
546986,22139,RETROSPOT TEA SET CERAMIC 11 PC ,3,2011-03-18 12:55:00,4.95,14194.0,United Kingdom
513975,22242,"HOOK, 5 HANGER , MAGIC TOADSTOOL",5,2010-06-29 16:43:00,1.65,13451.0,United Kingdom
534394,22355,CHARLOTTE BAG SUKI DESIGN,10,2010-11-22 13:09:00,0.85,13571.0,United Kingdom
531389,21613,S/12 VANILLA  BOTANICAL T-LIGHTS,6,2010-11-08 09:42:00,2.95,14758.0,United Kingdom
580729,22494,EMERGENCY FIRST AID TIN ,1,2011-12-05 17:24:00,2.46,,United Kingdom
557311,84509A,SET OF 4 ENGLISH ROSE PLACEMATS,2,2011-06-19 15:36:00,3.75,15700.0,United Kingdom
569232,22947,WOODEN ADVENT CALENDAR RED,2,2011-10-02 15:26:00,16.95,16667.0,United Kingdom
576837,20997,ROSE DU SUD CUSHION COVER ,1,2011-11-16 15:16:00,4.13,,United Kingdom
532295,84029E,RED WOOLLY HOTTIE WHITE HEART.,4,2010-11-11 13:46:00,3.75,13226.0,United Kingdom
494814,90200D,PINK SWEETHEART BRACELET,2,2010-01-19 09:05:00,4.24,,United Kingdom
539437,22795,SWEETHEART RECIPE BOOK STAND,1,2010-12-17 14:54:00,13.57,,United Kingdom
548734,22698,PINK REGENCY TEACUP AND SAUCER,6,2011-04-04 10:40:00,2.95,13059.0,United Kingdom
530020,21181,PLEASE ONE PERSON METAL SIGN,2,2010-11-01 10:52:00,2.1,17975.0,United Kingdom
533348,22262,FELT EGG COSY CHICKEN,1,2010-11-17 09:23:00,1.66,,United Kingdom
532655,21282,NATURAL BARK CANDLE LARGE,6,2010-11-14 11:01:00,4.25,15708.0,United Kingdom
550740,22555,PLASTERS IN TIN STRONGMAN,1,2011-04-20 11:33:00,3.29,,United Kingdom
541696,21448,12 DAISY PEGS IN WOOD BOX,1,2011-01-20 18:08:00,3.29,,United Kingdom
574722,23330,DECORATIVE WICKER HEART MEDIUM,3,2011-11-06 14:45:00,1.25,14502.0,United Kingdom
566607,84744,S/6 SEW ON CROCHET FLOWERS,2,2011-09-13 16:40:00,1.25,13032.0,United Kingdom
497402,20734,SILVER MINI TAPE MEASURE ,30,2010-02-09 14:17:00,0.85,16873.0,United Kingdom
498325,22029,SPACEBOY BIRTHDAY CARD,24,2010-02-18 10:26:00,0.42,15544.0,United Kingdom
490024,35957,SMALLFOLKART BAUBLE CHRISTMAS DEC,1,2009-12-03 12:40:00,0.42,14606.0,United Kingdom
541497,90161C,ANT COPPER LIME BOUDICCA BRACELET,2,2011-01-18 15:19:00,4.98,,United Kingdom
529834,22176,BLUE OWL SOFT TOY,6,2010-10-31 12:33:00,2.95,17413.0,United Kingdom
525080,21836,GINGHAM OVEN GLOVE RED HEART ,4,2010-10-03 15:37:00,3.75,13213.0,United Kingdom
578346,22158,3 HEARTS HANGING DECORATION RUSTIC,24,2011-11-24 09:24:00,2.95,15270.0,United Kingdom
547490,21733,RED HANGING HEART T-LIGHT HOLDER,1,2011-03-23 11:48:00,2.95,17507.0,United Kingdom
550250,22916,HERB MARKER THYME,12,2011-04-15 11:36:00,0.65,18171.0,United Kingdom
552560,84692,BOX OF 24 COCKTAIL PARASOLS,25,2011-05-10 11:48:00,0.42,17581.0,United Kingdom
502852,22021,BLUE FELT EASTER EGG BASKET,13,2010-03-28 14:32:00,1.65,18231.0,United Kingdom
549115,22502,PICNIC BASKET WICKER SMALL,16,2011-04-06 12:41:00,4.95,13098.0,United Kingdom
502799,22375,AIRLINE BAG VINTAGE JET SET BROWN,1,2010-03-26 16:17:00,6.35,15867.0,United Kingdom
512071,82583,HOT BATHS METAL SIGN,3,2010-06-13 11:36:00,2.1,13736.0,United Kingdom
491971,22144,CHRISTMAS CRAFT LITTLE FRIENDS,3,2009-12-14 18:37:00,4.3,,United Kingdom
519473,84029G,KNITTED UNION FLAG HOT WATER BOTTLE,1,2010-08-17 12:03:00,7.62,,United Kingdom
574741,23100,SILVER BELLS TABLE DECORATION,2,2011-11-06 16:13:00,1.25,15993.0,United Kingdom
503721,84946,ANTIQUE SILVER TEA GLASS ETCHED,20,2010-04-06 15:37:00,2.51,,United Kingdom
578017,22386,JUMBO BAG PINK POLKADOT,1,2011-11-22 13:07:00,2.08,13569.0,United Kingdom
498027,22149,FELTCRAFT 6 FLOWER FRIENDS,6,2010-02-16 08:44:00,2.1,17644.0,United Kingdom
518337,22621,TRADITIONAL KNITTING NANCY,12,2010-08-06 13:38:00,1.45,14849.0,United Kingdom
574959,22942,CHRISTMAS LIGHTS 10 SANTAS ,2,2011-11-08 10:09:00,8.5,17886.0,United Kingdom
532973,21382,SET/4 SPRING FLOWER DECORATION,4,2010-11-15 13:13:00,2.95,14104.0,United Kingdom
572294,21715,GIRLS VINTAGE TIN SEASIDE BUCKET,8,2011-10-23 13:10:00,2.55,13471.0,United Kingdom
573137,22026,BANQUET BIRTHDAY  CARD  ,2,2011-10-27 17:15:00,0.83,,United Kingdom
516267,DOT,DOTCOM POSTAGE,1,2010-07-19 12:17:00,89.08,,United Kingdom
576695,21993,FLORAL FOLK STATIONERY SET,1,2011-11-16 12:25:00,1.25,16469.0,United Kingdom
532935,21429,RED GINGHAM ROSE JEWELLERY BOX,8,2010-11-15 12:06:00,1.65,16314.0,United Kingdom
577485,23265,SET OF 3 WOODEN TREE DECORATIONS,2,2011-11-20 11:56:00,1.25,16360.0,United Kingdom
564756,22505,MEMO BOARD COTTAGE DESIGN,1,2011-08-30 10:33:00,10.79,,United Kingdom
496490,21985,PACK OF 12 HEARTS DESIGN TISSUES ,1,2010-02-01 17:18:00,0.81,,United Kingdom
508106,22569,FELTCRAFT CUSHION BUTTERFLY,4,2010-05-13 10:35:00,3.75,13220.0,United Kingdom
531842,47566,PARTY BUNTING,5,2010-11-10 09:19:00,4.65,17082.0,United Kingdom
570448,21181,PLEASE ONE PERSON METAL SIGN,12,2011-10-10 14:55:00,2.1,13224.0,United Kingdom
489856,84510B,SET OF 4 FAIRY CAKES COASTERS ,1,2009-12-02 14:36:00,2.57,,United Kingdom
491965,21539,RETRO SPOTS BUTTER DISH,3,2009-12-14 17:03:00,4.95,13000.0,United Kingdom
516714,22300,COFFEE MUG DOG + BALL DESIGN,2,2010-07-22 12:18:00,5.06,,United Kingdom
509867,48111,DOOR MAT 3 SMILEY CATS,2,2010-05-26 10:41:00,7.49,15750.0,United Kingdom
581382,20726,LUNCH BAG WOODLAND,10,2011-12-08 12:57:00,1.65,13860.0,United Kingdom
578699,22457,NATURAL SLATE HEART CHALKBOARD ,48,2011-11-25 10:22:00,2.55,13113.0,United Kingdom
565201,22842,BISCUIT TIN VINTAGE RED,2,2011-09-01 16:41:00,6.75,14907.0,United Kingdom
496221,82583,HOT BATHS METAL SIGN,2,2010-01-29 13:53:00,2.1,17191.0,United Kingdom
522310,22668,PINK BABY BUNTING,1,2010-09-13 15:12:00,5.91,,United Kingdom
581498,22993,SET OF 4 PANTRY JELLY MOULDS,2,2011-12-09 10:26:00,3.29,,United Kingdom
525020,47566,PARTY BUNTING,4,2010-10-03 11:53:00,4.65,13590.0,United Kingdom
506120,10123C,HEARTS WRAPPING TAPE ,12,2010-04-27 14:10:00,0.65,16170.0,United Kingdom
536031,85129C,BEADED CRYSTAL HEART BLUE SMALL,1,2010-11-29 16:45:00,2.51,,United Kingdom
527951,22983,"CARD, BILLBOARD FONT",1,2010-10-19 15:36:00,0.85,,United Kingdom
547399,21181,PLEASE ONE PERSON METAL SIGN,1,2011-03-22 16:55:00,4.13,,United Kingdom
545334,22028,PENNY FARTHING BIRTHDAY CARD,12,2011-03-01 16:34:00,0.42,15750.0,United Kingdom
559515,22488,NATURAL SLATE RECTANGLE CHALKBOARD,5,2011-07-08 15:58:00,3.29,,United Kingdom
500751,22466,FAIRY TALE COTTAGE NIGHTLIGHT,12,2010-03-10 10:25:00,1.95,13081.0,United Kingdom
524534,22904,CALENDAR PAPER CUT DESIGN,3,2010-09-29 13:35:00,2.95,14510.0,United Kingdom
539578,21213,PACK OF 72 SKULL CAKE CASES,480,2010-12-20 12:45:00,0.4,13027.0,United Kingdom
558991,23192,BUNDLE OF 3 ALPHABET EXERCISE BOOKS,1,2011-07-05 11:32:00,1.65,14606.0,United Kingdom
518418,84987,SET OF 36 TEATIME PAPER DOILIES,12,2010-08-09 08:26:00,1.45,12567.0,France
530850,22348,TEA BAG PLATE RED RETROSPOT,1,2010-11-04 14:49:00,1.66,,United Kingdom
522152,22297,HEART IVORY TRELLIS SMALL,24,2010-09-13 10:46:00,1.25,17512.0,United Kingdom
495193,84836,ZINC METAL HEART DECORATION,8,2010-01-21 15:02:00,1.25,14606.0,United Kingdom
493271,20871,OPULENT VELVET SET/3 CANDLES,1,2009-12-22 15:08:00,4.3,,United Kingdom
567709,23231,WRAP  VINTAGE DOILY ,25,2011-09-22 09:53:00,0.42,15239.0,United Kingdom
576644,85127,SMALL SQUARE CUT GLASS CANDLESTICK,2,2011-11-16 10:01:00,9.96,,United Kingdom
509460,21243,PINK  SPOTTY PLATE ,8,2010-05-24 10:44:00,1.69,12759.0,Netherlands
526462,22580,ADVENT CALENDAR GINGHAM SACK,12,2010-10-11 16:14:00,5.95,15024.0,United Kingdom
513200,22384,LUNCH BAG PINK RETROSPOT,1,2010-06-22 16:28:00,4.21,,United Kingdom
553142,22939,APRON APPLE DELIGHT,1,2011-05-13 13:05:00,4.95,14527.0,United Kingdom
505178,22405,MONEY BOX POCKET MONEY DESIGN,3,2010-04-20 13:48:00,1.25,17861.0,United Kingdom
549182,22047,EMPIRE GIFT WRAP,25,2011-04-07 09:12:00,0.42,15646.0,United Kingdom
572670,22065,CHRISTMAS PUDDING TRINKET POT ,1200,2011-10-25 13:14:00,0.39,13685.0,United Kingdom
525221,21813,GARLAND WITH STARS AND BELLS,1,2010-10-04 12:51:00,10.17,,United Kingdom
534219,22816,CARD MOTORBIKE SANTA,12,2010-11-21 16:13:00,0.42,13230.0,United Kingdom
563248,21668,RED STRIPE CERAMIC DRAWER KNOB,6,2011-08-15 11:30:00,1.25,14702.0,United Kingdom
501558,85017B,ENVELOPE 50 BLOSSOM IMAGES,1,2010-03-17 16:35:00,0.81,,United Kingdom
555564,22385,JUMBO BAG SPACEBOY DESIGN,2,2011-06-05 15:01:00,2.08,15005.0,United Kingdom
574675,84836,ZINC METAL HEART DECORATION,12,2011-11-06 12:31:00,1.25,17289.0,United Kingdom
502030,84536A,ENGLISH ROSE NOTEBOOK A7 SIZE,1,2010-03-22 13:11:00,0.81,,United Kingdom
569728,84792,ENCHANTED BIRD COATHANGER 5 HOOK,6,2011-10-06 09:38:00,4.65,15416.0,United Kingdom
566269,21507,ELEPHANT BIRTHDAY CARD ,12,2011-09-11 13:39:00,0.42,17864.0,United Kingdom
521014,22334,DINOSAUR PARTY BAG + STICKER SET,8,2010-09-01 14:55:00,1.65,17611.0,United Kingdom
577919,23203,JUMBO BAG VINTAGE DOILY ,1,2011-11-22 11:58:00,2.08,17075.0,United Kingdom
544186,22900, SET 2 TEA TOWELS I LOVE LONDON ,2,2011-02-16 15:56:00,5.79,,United Kingdom
553368,48116,DOORMAT MULTICOLOUR STRIPE,101,2011-05-16 14:24:00,4.58,18102.0,United Kingdom
523688,22627,MINT KITCHEN SCALES,2,2010-09-23 14:37:00,8.5,16992.0,United Kingdom
528156,22071,SMALL WHITE RETROSPOT MUG IN BOX ,1,2010-10-20 17:12:00,3.75,17817.0,United Kingdom
579555,23365,SET 12 COLOUR PENCILS LOVE LONDON,5,2011-11-30 11:08:00,0.65,16241.0,United Kingdom
566985,21327,SKULLS WRITING SET ,2,2011-09-16 10:42:00,2.46,,United Kingdom
573511,47559B,TEA TIME OVEN GLOVE,10,2011-10-31 12:25:00,1.25,12347.0,Iceland
491457,22113,GREY HEART HOT WATER BOTTLE,2,2009-12-11 11:26:00,3.45,15998.0,United Kingdom
502613,21789,KIDS RAIN MAC PINK,2,2010-03-25 14:22:00,0.85,14535.0,United Kingdom
C566467,23204,CHARLOTTE BAG APPLES DESIGN,-19,2011-09-12 18:04:00,0.85,14688.0,United Kingdom
538935,22059,CERAMIC STRAWBERRY DESIGN MUG,8,2010-12-15 11:08:00,1.49,18168.0,United Kingdom
537567,22727,ALARM CLOCK BAKELIKE RED ,1,2010-12-07 11:59:00,3.75,18119.0,United Kingdom
572033,23566,EGG CUP MILKMAID HEIDI,12,2011-10-20 11:58:00,1.25,14447.0,United Kingdom
534719,22588,CARD HOLDER GINGHAM HEART,6,2010-11-23 17:51:00,2.55,14154.0,United Kingdom
578924,22556,PLASTERS IN TIN CIRCUS PARADE ,24,2011-11-27 12:10:00,1.65,16983.0,United Kingdom
531773,22674,FRENCH TOILET SIGN BLUE METAL,4,2010-11-09 14:38:00,1.25,15678.0,United Kingdom
556475,23118,PARISIENNE JEWELLERY DRAWER ,1,2011-06-12 12:03:00,7.5,18109.0,United Kingdom
502920,22432,WATERING CAN PINK BUNNY,1,2010-03-29 13:55:00,1.95,18041.0,United Kingdom
565840,22666,RECIPE BOX PANTRY YELLOW DESIGN,1,2011-09-07 12:02:00,5.79,,United Kingdom
564542,20725,LUNCH BAG RED RETROSPOT,10,2011-08-25 15:47:00,1.65,16458.0,United Kingdom
547238,21916,SET 12 RETRO WHITE CHALK STICKS,1,2011-03-21 16:31:00,0.42,,United Kingdom
519202,21937,STRAWBERRY   PICNIC BAG,1,2010-08-15 10:37:00,2.95,16782.0,United Kingdom
503723,22202,MILK PAN PINK RETROSPOT,4,2010-04-06 16:01:00,3.75,13093.0,United Kingdom
499765,35096A,BLUE VICTORIAN FABRIC HEART BOX,3,2010-03-02 13:15:00,0.84,,United Kingdom
553879,23199,JUMBO BAG APPLES,10,2011-05-19 15:15:00,1.95,15791.0,United Kingdom
573585,22598,CHRISTMAS MUSICAL ZINC TREE,7,2011-10-31 14:41:00,0.83,,United Kingdom
516548,15056N,EDWARDIAN PARASOL NATURAL,1,2010-07-21 12:11:00,12.72,,United Kingdom
563237,84341B,SMALL PINK MAGIC CHRISTMAS TREE,36,2011-08-15 09:57:00,0.38,14321.0,United Kingdom
505858,84755,COLOUR GLASS T-LIGHT HOLDER HANGING,48,2010-04-26 13:12:00,0.65,15111.0,United Kingdom
496032,22173,METAL 4 HOOK HANGER FRENCH CHATEAU,2,2010-01-28 14:16:00,2.95,,United Kingdom
519475,21936,RED RETROSPOT PICNIC BAG,5,2010-08-17 12:30:00,2.95,16019.0,United Kingdom
533187,84997D,PINK 3 PIECE POLKADOT CUTLERY SET,2,2010-11-16 14:45:00,3.75,16782.0,United Kingdom
548707,82600,NO SINGING METAL SIGN,2,2011-04-03 12:08:00,2.1,13781.0,United Kingdom
570688,35953,FOLKART STAR CHRISTMAS DECORATIONS,4,2011-10-11 16:29:00,0.61,,United Kingdom
506412,79321,CHILLI LIGHTS,4,2010-04-29 14:01:00,4.95,16607.0,United Kingdom
540848,20832,RED FLOCK LOVE HEART PHOTO FRAME,1,2011-01-12 09:26:00,0.81,,United Kingdom
528372,21624,VINTAGE UNION JACK DOORSTOP,1,2010-10-21 16:55:00,5.95,17290.0,United Kingdom
553549,84422,PINK/BLUE DISC/MIRROR STRING,1,2011-05-17 16:09:00,1.63,,United Kingdom
552683,21172,PARTY METAL SIGN ,1,2011-05-10 15:09:00,4.13,,United Kingdom
561917,21159,MOODY BOY  DOOR HANGER ,2,2011-08-01 11:57:00,0.39,16904.0,United Kingdom
572282,22067,CHOC TRUFFLE GOLD TRINKET POT ,2,2011-10-23 11:39:00,1.65,17634.0,United Kingdom
562199,21933,PINK VINTAGE PAISLEY PICNIC BAG,2,2011-08-03 12:20:00,1.65,12748.0,United Kingdom
526089,21890,S/6 WOODEN SKITTLES IN COTTON BAG,6,2010-10-08 12:14:00,2.95,15281.0,United Kingdom
568515,22950,36 DOILIES VINTAGE CHRISTMAS,24,2011-09-27 12:44:00,1.45,14466.0,United Kingdom
569220,85099B,JUMBO BAG RED RETROSPOT,1,2011-10-02 13:26:00,2.08,16007.0,United Kingdom
519227,72128,COLUMBIAN CANDLE ROUND,24,2010-08-15 12:37:00,0.38,15789.0,United Kingdom
511854,20724,RED SPOTTY CHARLOTTE BAG,60,2010-06-11 08:11:00,0.72,14298.0,United Kingdom
517724,22354,RETROSPOT PADDED SEAT CUSHION,4,2010-08-01 13:07:00,3.75,15547.0,United Kingdom
522799,22519,CHILDS GARDEN BRUSH PINK,6,2010-09-16 15:23:00,2.1,14355.0,United Kingdom
571120,23144,ZINC T-LIGHT HOLDER STARS SMALL,12,2011-10-14 09:06:00,0.83,16950.0,United Kingdom
519691,21934,SKULL SHOULDER BAG,2,2010-08-19 13:32:00,1.65,17841.0,United Kingdom
555406,22989,SET 2 PANTRY DESIGN TEA TOWELS,3,2011-06-02 19:50:00,3.25,17231.0,United Kingdom
530115,21894,POTTING SHED SEED ENVELOPES,2,2010-11-01 14:22:00,1.25,17190.0,United Kingdom
C490996,35979,SIX STRING SCANDINAVIAN HEART DECS,-6,2009-12-08 17:23:00,2.95,15935.0,United Kingdom
568712,20971,PINK BLUE FELT CRAFT TRINKET BOX,1,2011-09-28 15:50:00,1.25,17841.0,United Kingdom
514097,21407,BROWN CHECK CAT DOORSTOP ,1,2010-06-30 12:27:00,8.47,,United Kingdom
535565,21163,DO NOT TOUCH MY STUFF DOOR HANGER ,12,2010-11-26 15:33:00,1.45,18230.0,United Kingdom
C540535,82494L,WOODEN FRAME ANTIQUE WHITE ,-1,2011-01-09 14:17:00,2.95,15005.0,United Kingdom
515888,21922,UNION STRIPE WITH FRINGE  HAMMOCK,2,2010-07-15 12:09:00,7.95,16279.0,United Kingdom
539958,84870B,BLUE GEISHA GIRL ,4,2010-12-23 13:26:00,2.51,,United Kingdom
562163,23166,MEDIUM CERAMIC TOP STORAGE JAR,12,2011-08-03 12:06:00,1.25,15628.0,United Kingdom
493877,21322,GLASS SPHERE CANDLE STAND LARGE ,18,2010-01-07 19:34:00,6.35,14911.0,EIRE
513632,21533,RETRO SPOT LARGE MILK JUG,3,2010-06-27 13:29:00,4.95,15264.0,United Kingdom
499678,85007,SET OF 3 VINTAGE TEA TIME BOXES,9,2010-03-01 16:35:00,4.65,17222.0,United Kingdom
580092,22340,NOEL GARLAND PAINTED ZINC ,12,2011-12-01 14:38:00,1.45,13969.0,United Kingdom
490490,22086,PAPER CHAIN KIT 50'S CHRISTMAS ,5,2009-12-06 13:10:00,2.95,14546.0,United Kingdom
519882,21755,LOVE BUILDING BLOCK WORD,1,2010-08-22 11:45:00,5.95,16725.0,United Kingdom
508708,85190,,-163,2010-05-17 17:12:00,0.0,,United Kingdom
554286,23284,DOORMAT KEEP CALM AND COME IN,4,2011-05-23 14:16:00,7.95,17686.0,United Kingdom
523361,35958,FOLKART ZINC STAR CHRISTMAS DEC,12,2010-09-21 17:50:00,0.85,13214.0,United Kingdom
556090,21989,PACK OF 20 SKULL PAPER NAPKINS,2,2011-06-08 15:25:00,1.63,,United Kingdom
536864,22094,RED RETROSPOT TISSUE BOX,1,2010-12-03 11:27:00,2.51,,United Kingdom
536745,22077,6 RIBBONS RUSTIC CHARM,24,2010-12-02 13:38:00,1.65,17235.0,United Kingdom
517042,21034,REX CASH+CARRY JUMBO SHOPPER,1,2010-07-26 11:46:00,0.95,13069.0,United Kingdom
551531,21912,VINTAGE SNAKES & LADDERS,4,2011-05-01 13:45:00,3.75,15376.0,United Kingdom
496470,22495,SET OF 2 ROUND TINS CAMEMBERT ,2,2010-02-01 15:23:00,2.95,14540.0,United Kingdom
540418,22087,PAPER BUNTING WHITE LACE,10,2011-01-07 11:04:00,5.91,,United Kingdom
538868,22536,MAGIC DRAWING SLATE PURDEY,24,2010-12-14 14:42:00,0.42,17017.0,United Kingdom
577300,22384,LUNCH BAG PINK POLKADOT,4,2011-11-18 12:53:00,1.65,16924.0,United Kingdom
562933,22607,WOODEN ROUNDERS GARDEN SET ,1,2011-08-10 16:51:00,16.63,,United Kingdom
495591,21673,WHITE SPOT BLUE CERAMIC DRAWER KNOB,96,2010-01-26 10:25:00,1.06,14646.0,Netherlands
546984,20754,RETROSPOT RED WASHING UP GLOVES,1,2011-03-18 12:35:00,2.1,15019.0,United Kingdom
564746,22895,SET OF 2 TEA TOWELS APPLE AND PEARS,6,2011-08-28 15:58:00,3.25,17633.0,United Kingdom
567484,21874,GIN AND TONIC MUG,24,2011-09-20 13:52:00,1.65,17340.0,United Kingdom
559308,22327,ROUND SNACK BOXES SET OF 4 SKULLS,6,2011-07-07 13:05:00,2.95,13158.0,United Kingdom
541684,20998,ROSE DU SUD OVEN GLOVE,5,2011-01-20 15:22:00,2.95,15498.0,United Kingdom
529295,22697,GREEN REGENCY TEACUP AND SAUCER,6,2010-10-27 12:19:00,2.95,14051.0,United Kingdom
490083,21610,SET 12 PEAR BOTANICAL T-LIGHTS,4,2009-12-03 15:35:00,2.95,14031.0,United Kingdom
501907,85169C,EAU DE NIL LOVE BIRD CANDLE,2,2010-03-21 16:13:00,1.25,13451.0,United Kingdom
519216,20970,PINK FLORAL FELTCRAFT SHOULDER BAG,4,2010-08-15 11:50:00,3.75,15641.0,United Kingdom
573151,72351A,SET/6 TURQUOISE BUTTERFLY T-LIGHTS,2,2011-10-27 20:09:00,2.1,17602.0,United Kingdom
537135,22154,ANGEL DECORATION 3 BUTTONS ,48,2010-12-05 12:35:00,0.42,17059.0,United Kingdom
579067,23485,BOTANICAL GARDENS WALL CLOCK ,2,2011-11-28 10:31:00,25.0,14470.0,United Kingdom
543306,22586,FELTCRAFT HAIRBAND PINK AND BLUE,1,2011-02-07 11:56:00,0.85,16686.0,United Kingdom
526138,21098,CHRISTMAS TOILET ROLL,12,2010-10-08 14:35:00,1.25,15622.0,United Kingdom
555092,22150,3 STRIPEY MICE FELTCRAFT,3,2011-05-31 13:08:00,1.95,16483.0,United Kingdom
571546,22699,ROSES REGENCY TEACUP AND SAUCER ,12,2011-10-17 17:24:00,2.95,17920.0,United Kingdom
491636,72799B,PURPLE PILLAR CANDLE BLACK FLOCK,12,2009-12-11 15:52:00,1.25,17754.0,United Kingdom
556887,84507C,BLUE CIRCLES DESIGN MONKEY DOLL,2,2011-06-15 12:36:00,2.55,14606.0,United Kingdom
540154,17096,ASSORTED LAQUERED INCENSE HOLDERS,1,2011-01-05 11:30:00,0.43,,United Kingdom
510228,22178,VICTORIAN GLASS HANGING T-LIGHT,1,2010-05-28 09:16:00,2.51,,United Kingdom
544463,22261,FELT EGG COSY WHITE RABBIT ,1,2011-02-20 14:31:00,0.85,12988.0,United Kingdom
535835,22603,CHRISTMAS RETROSPOT TREE WOOD,1,2010-11-29 09:46:00,1.66,,United Kingdom
536876,22227,HANGING HEART MIRROR DECORATION ,1,2010-12-03 11:36:00,1.28,,United Kingdom
495070,20695,FLORAL BLUE MONSTER,2,2010-01-20 17:50:00,3.36,,United Kingdom
532419,21929,JUMBO BAG PINK VINTAGE PAISLEY,1,2010-11-12 09:18:00,4.21,,United Kingdom
494732,85099F,JUMBO BAG STRAWBERRY,10,2010-01-18 12:27:00,1.95,16670.0,United Kingdom
564860,23270,SET OF 2 CERAMIC PAINTED HEARTS ,12,2011-08-31 10:06:00,1.45,17725.0,United Kingdom
494606,79534,MULTICOLOUR GLASS PLATE,12,2010-01-15 12:38:00,0.55,15607.0,United Kingdom
544569,21080,SET/20 RED RETROSPOT PAPER NAPKINS ,12,2011-02-21 12:58:00,0.85,16980.0,United Kingdom
502779,22138,BAKING SET 9 PIECE RETROSPOT ,3,2010-03-26 14:38:00,4.95,16807.0,United Kingdom
507391,21904,HOUSE WRECKING METAL SIGN ,1,2010-05-09 12:30:00,2.1,14044.0,United Kingdom
580136,22554,PLASTERS IN TIN WOODLAND ANIMALS,1,2011-12-01 19:42:00,1.65,17841.0,United Kingdom
506578,22203,MILK PAN RED RETROSPOT,4,2010-04-30 13:52:00,3.75,12708.0,Germany
541132,22630,DOLLY GIRL LUNCH BOX,1,2011-01-14 10:17:00,2.46,,United Kingdom
554441,22274,FELTCRAFT DOLL EMILY,6,2011-05-24 12:22:00,2.95,13213.0,United Kingdom
540672,22795,SWEETHEART RECIPE BOOK STAND,2,2011-01-10 15:51:00,6.75,15281.0,United Kingdom
560820,21931,JUMBO STORAGE BAG SUKI,1,2011-07-21 10:59:00,2.08,17811.0,United Kingdom
571188,84077,WORLD WAR 2 GLIDERS ASSTD DESIGNS,48,2011-10-14 11:42:00,0.29,12783.0,Portugal
555397,84536A,ENGLISH ROSE NOTEBOOK A7 SIZE,16,2011-06-02 17:26:00,0.83,,United Kingdom
577038,23266,SET OF 3 WOODEN STOCKING DECORATION,6,2011-11-17 13:30:00,1.25,14796.0,United Kingdom
530850,21531,RED RETROSPOT SUGAR JAM BOWL,1,2010-11-04 14:49:00,5.06,,United Kingdom
C490798,21086,SET/6 RED SPOTTY PAPER CUPS,-12,2009-12-08 11:51:00,0.65,14277.0,France
579141,22086,PAPER CHAIN KIT 50'S CHRISTMAS ,1,2011-11-28 13:06:00,2.95,17019.0,United Kingdom
571433,23189,SET OF 12 FORK CANDLES,6,2011-10-17 13:19:00,2.89,13015.0,United Kingdom
533448,22141,CHRISTMAS CRAFT TREE TOP ANGEL,6,2010-11-17 11:41:00,2.1,18260.0,United Kingdom
531489,22697,GREEN REGENCY TEACUP AND SAUCER,2,2010-11-08 15:02:00,5.91,,United Kingdom
548516,85017B,ENVELOPE 50 BLOSSOM IMAGES,1,2011-03-31 16:28:00,0.83,,United Kingdom
560433,23291,DOLLY GIRL CHILDRENS CUP,4,2011-07-18 15:49:00,1.25,,United Kingdom
491664,21651,HANGING GLASS ETCHED TEALIGHT,12,2009-12-13 11:28:00,1.65,15983.0,United Kingdom
569208,23354,6 GIFT TAGS 50'S CHRISTMAS ,10,2011-10-02 11:10:00,0.83,16693.0,United Kingdom
575090,85059,FRENCH ENAMEL WATER BASIN,2,2011-11-08 14:04:00,3.75,17515.0,United Kingdom
518944,21928,JUMBO BAG SCANDINAVIAN PAISLEY,6,2010-08-12 14:53:00,1.95,12937.0,United Kingdom
490136,20726,LUNCH BAG WOODLAND,1,2009-12-03 19:13:00,1.65,17432.0,United Kingdom
533594,84879,ASSORTED COLOUR BIRD ORNAMENT,2,2010-11-18 12:14:00,1.69,17776.0,United Kingdom
539957,22772,PINK DRAWER KNOB ACRYLIC EDWARDIAN,12,2010-12-23 12:58:00,1.25,12585.0,Germany
522966,84687,BEACH HUT SHELF W 3 DRAWERS,1,2010-09-19 13:01:00,5.95,16007.0,United Kingdom
574700,23162,REGENCY TEA STRAINER,3,2011-11-06 13:53:00,3.75,16033.0,United Kingdom
574654,23319,BOX OF 6 MINI 50'S CRACKERS,2,2011-11-06 11:32:00,2.49,15571.0,United Kingdom
547651,82613B,"METAL SIGN,CUPCAKE SINGLE HOOK",1,2011-03-24 12:11:00,1.25,16904.0,United Kingdom
520678,21777,RECIPE BOX WITH METAL HEART,1,2010-08-27 14:52:00,7.95,15271.0,United Kingdom
493260,35811A,ENAMEL PINK SUGAR CONTAINER,2,2009-12-22 14:31:00,4.3,,United Kingdom
543200,84988,SET OF 72 PINK HEART PAPER DOILIES,1,2011-02-04 13:03:00,3.75,,United Kingdom
544599,22964,3 PIECE SPACEBOY COOKIE CUTTER SET,1,2011-02-21 18:15:00,4.13,,United Kingdom
511993,21590,KINGS CHOICE CIGAR BOX MATCHES ,24,2010-06-11 15:22:00,1.25,14911.0,EIRE
567096,21181,PLEASE ONE PERSON METAL SIGN,5,2011-09-16 13:13:00,2.1,15099.0,United Kingdom
502090,21507,"ELEPHANT, BIRTHDAY CARD, ",1,2010-03-22 16:16:00,0.85,,United Kingdom
523508,22470,HEART OF WICKER LARGE,1,2010-09-22 12:13:00,2.95,,United Kingdom
540681,84968E,SET OF 16 VINTAGE BLACK CUTLERY,2,2011-01-10 16:25:00,8.47,,United Kingdom
552874,84279B,CHERRY BLOSSOM DECORATIVE FLASK,4,2011-05-12 09:40:00,3.75,12621.0,Germany
511685,21210,SET OF 72 RETRO SPOT PAPER  DOILIES,12,2010-06-09 15:41:00,1.45,12634.0,USA
511545,84520B,PACK 20 ENGLISH ROSE PAPER NAPKINS,24,2010-06-09 08:02:00,0.85,15179.0,United Kingdom
508483,20725,LUNCH BAG RED SPOTTY,3,2010-05-16 12:51:00,1.65,17841.0,United Kingdom
491209,90161A,ANT COPPER RED BOUDICCA BRACELET,1,2009-12-10 14:19:00,4.95,15573.0,United Kingdom
552683,21866,UNION JACK FLAG LUGGAGE TAG,3,2011-05-10 15:09:00,3.29,,United Kingdom
566726,22601,CHRISTMAS RETROSPOT ANGEL WOOD,2,2011-09-14 13:12:00,0.85,15021.0,United Kingdom
548205,21614,,48,2011-03-29 16:51:00,0.0,,United Kingdom
508092,21078,SET/20 STRAWBERRY PAPER NAPKINS ,1,2010-05-12 17:20:00,0.85,17180.0,United Kingdom
551340,82095,HEART BUTTONS JEWELLERY BOX,1,2011-04-27 17:23:00,4.96,,United Kingdom
538625,21811,CHRISTMAS HANGING HEART WITH BELL,48,2010-12-13 12:50:00,1.25,14544.0,United Kingdom
580115,22348,TEA BAG PLATE RED RETROSPOT,4,2011-12-01 16:22:00,1.63,,United Kingdom
501438,47591B,SCOTTIES DES CHILD'S APRON,8,2010-03-16 13:23:00,1.65,12701.0,Germany
514599,21348,PINK SPOTS CHOCOLATE NESTING BOXES ,1,2010-07-05 12:13:00,2.95,12755.0,Japan
524437,22713,CARD I LOVE LONDON ,72,2010-09-29 10:57:00,0.36,17511.0,United Kingdom
505016,22434,BALLOON PUMP WITH 10 BALLOONS,1,2010-04-19 13:52:00,4.21,,United Kingdom
577723,21429,RED GINGHAM ROSE JEWELLERY BOX,4,2011-11-21 12:36:00,1.95,16713.0,United Kingdom
545568,22720,SET OF 3 CAKE TINS PANTRY DESIGN ,2,2011-03-03 16:22:00,10.79,,United Kingdom
497839,21478,SILVER SKULL HOT WATER BOTTLE ,1,2010-02-12 15:24:00,3.75,17954.0,United Kingdom
513907,21671,RED SPOT CERAMIC DRAWER KNOB,16,2010-06-29 12:08:00,2.51,,United Kingdom
537845,21754,HOME BUILDING BLOCK WORD,3,2010-12-08 15:23:00,5.95,17690.0,United Kingdom
574310,84836,ZINC METAL HEART DECORATION,12,2011-11-03 16:56:00,1.25,13467.0,United Kingdom
508409,21875,KINGS CHOICE MUG,12,2010-05-14 16:01:00,1.25,18245.0,United Kingdom
520885,48138,DOORMAT UNION FLAG,2,2010-08-31 16:21:00,7.95,14040.0,United Kingdom
540704,21547,CERAMIC BIRDHOUSE CRESTED TIT SMALL,6,2011-01-11 10:04:00,2.95,17742.0,United Kingdom
544214,22174,PHOTO CUBE,4,2011-02-17 11:19:00,4.13,,United Kingdom
525943,22909,SET OF 20 VINTAGE CHRISTMAS NAPKINS,12,2010-10-07 17:37:00,0.85,18223.0,United Kingdom
C530182,84755,COLOUR GLASS T-LIGHT HOLDER HANGING,-16,2010-11-02 10:38:00,0.65,14934.0,Channel Islands
514556,22660,DOORMAT I LOVE LONDON,4,2010-07-05 11:26:00,6.35,17850.0,United Kingdom
494683,21992,VINTAGE PAISLEY STATIONERY SET,1,2010-01-18 11:21:00,2.95,15747.0,United Kingdom
491210,21843,RETRO SPOT CAKE STAND,4,2009-12-10 14:20:00,10.95,15367.0,United Kingdom
576906,22578,WOODEN STAR CHRISTMAS SCANDINAVIAN,24,2011-11-17 09:33:00,0.29,18225.0,United Kingdom
555109,22507,MEMO BOARD RETROSPOT  DESIGN,1,2011-05-31 14:19:00,4.95,16023.0,United Kingdom
508185,20726,LUNCH BAG WOODLAND,5,2010-05-13 12:51:00,1.65,17068.0,United Kingdom
512955,21431,GREEN GINGHAM FLOWER JEWELLERY BOX,192,2010-06-21 10:30:00,1.45,12469.0,Thailand
531036,22746,POPPY'S PLAYHOUSE LIVINGROOM ,1,2010-11-05 11:58:00,4.21,,United Kingdom
576329,22944,CHRISTMAS METAL POSTCARD WITH BELLS,6,2011-11-14 15:22:00,0.97,,United Kingdom
561209,22998,TRAVEL CARD WALLET KEEP CALM,1,2011-07-25 16:57:00,0.83,,United Kingdom
567742,21673,WHITE SPOT BLUE CERAMIC DRAWER KNOB,12,2011-09-22 10:47:00,1.45,14261.0,United Kingdom
568238,22971,QUEENS GUARD COFFEE MUG,6,2011-09-26 12:00:00,2.55,13927.0,United Kingdom
515166,22210,WOOD STAMP SET BEST WISHES,1,2010-07-08 16:12:00,1.65,17920.0,United Kingdom
565488,84707B,PINK JEWELLED MIRROR TRINKET TRAY,2,2011-09-05 11:38:00,9.95,15307.0,United Kingdom
563427,22382,LUNCH BAG SPACEBOY DESIGN ,1,2011-08-16 11:40:00,1.65,16470.0,United Kingdom
531767,85045,GREEN CHRISTMAS TREE STRING 20LIGHT,1,2010-11-09 14:04:00,4.95,17841.0,United Kingdom
526163,37447,CERAMIC CAKE DESIGN SPOTTED PLATE,4,2010-10-08 17:28:00,1.49,15579.0,United Kingdom
494017,21630,FLOOR CUSHION ELEPHANT CARNIVAL,1,2010-01-11 09:37:00,19.09,,United Kingdom
521949,21670,BLUE SPOT CERAMIC DRAWER KNOB,12,2010-09-09 17:16:00,1.25,15150.0,United Kingdom
534066,16012,FOOD/DRINK SPONGE STICKERS,10,2010-11-21 11:28:00,0.21,17920.0,United Kingdom
518411,21614,SET OF 12 ROSE BOTANICAL T-LIGHTS,2,2010-08-08 14:51:00,2.95,14575.0,United Kingdom
552975,22805,BLUE DRAWER KNOB ACRYLIC EDWARDIAN,12,2011-05-12 13:58:00,1.25,17932.0,United Kingdom
532993,21485,RETROSPOT HEART HOT WATER BOTTLE,3,2010-11-15 14:26:00,4.95,14156.0,EIRE
563697,22662,LUNCH BAG DOLLY GIRL DESIGN,3,2011-08-18 13:44:00,1.65,16813.0,United Kingdom
496487,20748,KENSINGTON COFFEE SET,9,2010-02-01 17:13:00,8.47,,United Kingdom
553012,22927,GREEN GIANT GARDEN THERMOMETER,2,2011-05-12 18:13:00,5.95,17671.0,United Kingdom
502901,22409,MONEY BOX BISCUITS DESIGN,24,2010-03-29 12:19:00,1.25,13340.0,United Kingdom
567306,22558,CLOTHES PEGS RETROSPOT PACK 24 ,48,2011-09-19 13:32:00,1.45,12752.0,Norway
493395,85014A,BLACK/BLUE DOTS RUFFLED UMBRELLA,3,2009-12-23 13:41:00,5.95,12539.0,Spain
574967,21238,RED RETROSPOT CUP,2,2011-11-08 10:51:00,1.63,,United Kingdom
574682,47420,ASSORTED COLOUR SUCTION CUP HOOK,1,2011-11-06 12:44:00,0.19,14963.0,United Kingdom
525928,22424,ENAMEL BREAD BIN CREAM,4,2010-10-07 16:48:00,12.75,16072.0,United Kingdom
495952,21528,DAIRY MAID TRADITIONAL TEAPOT ,1,2010-01-27 17:53:00,13.57,,United Kingdom
571274,22602,RETROSPOT WOODEN HEART DECORATION,10,2011-10-16 12:25:00,0.85,16934.0,United Kingdom
515353,22470,HEART OF WICKER LARGE,2,2010-07-12 10:54:00,5.91,,United Kingdom
527971,22743,MAKE YOUR OWN FLOWERPOWER CARD KIT,12,2010-10-20 10:09:00,2.95,13373.0,United Kingdom
534213,21561,DINOSAUR LUNCH BOX WITH CUTLERY,2,2010-11-21 15:58:00,2.55,16710.0,United Kingdom
577746,22340,NOEL GARLAND PAINTED ZINC ,24,2011-11-21 14:17:00,0.39,15274.0,United Kingdom
565067,22713,CARD I LOVE LONDON ,12,2011-08-31 17:16:00,0.42,15856.0,United Kingdom
518616,21210,SET OF 72 RETRO SPOT PAPER  DOILIES,5,2010-08-10 12:40:00,1.45,15039.0,United Kingdom
524153,21212,PACK OF 72 RETROSPOT CAKE CASES,1,2010-09-27 15:56:00,1.28,,United Kingdom
498918,84689,S/2 BEACH HUT TREASURE CHESTS,3,2010-02-24 08:50:00,5.95,15607.0,United Kingdom
570356,22331,WOODLAND PARTY BAG + STICKER SET,48,2011-10-10 12:30:00,1.45,15330.0,United Kingdom
494108,85123A,WHITE HANGING HEART T-LIGHT HOLDER,6,2010-01-11 12:29:00,2.95,17529.0,United Kingdom
562553,22090,PAPER BUNTING RETROSPOT,3,2011-08-05 16:34:00,5.79,,United Kingdom
541279,22195,LARGE HEART MEASURING SPOONS,12,2011-01-17 11:55:00,1.65,18223.0,United Kingdom
538068,22154,ANGEL DECORATION 3 BUTTONS ,432,2010-12-09 14:05:00,0.36,17978.0,United Kingdom
565320,23297,SET 40 HEART SHAPE PETIT FOUR CASES,4,2011-09-02 13:10:00,1.65,16745.0,United Kingdom
570653,23190,BUNDLE OF 3 SCHOOL EXERCISE BOOKS  ,5,2011-10-11 13:49:00,1.65,14710.0,United Kingdom
535783,84347,ROTATING SILVER ANGELS T-LIGHT HLDR,2,2010-11-28 13:56:00,2.55,15547.0,United Kingdom
575981,23531,WALL ART BIG LOVE ,3,2011-11-13 13:41:00,6.95,15500.0,United Kingdom
534221,22279,POCKET BAG BLUE PAISLEY RED SPOT,2,2010-11-21 16:15:00,1.25,16049.0,United Kingdom
552285,21976,PACK OF 60 MUSHROOM CAKE CASES,1,2011-05-08 12:58:00,0.55,14684.0,United Kingdom
553202,21830,ASSORTED CREEPY CRAWLIES,24,2011-05-15 16:02:00,0.42,15854.0,United Kingdom
548716,22530,MAGIC DRAWING SLATE DOLLY GIRL ,24,2011-04-03 15:50:00,0.42,14023.0,United Kingdom
580998,23355,HOT WATER BOTTLE KEEP CALM,5,2011-12-06 17:26:00,4.95,16987.0,United Kingdom
551717,22697,GREEN REGENCY TEACUP AND SAUCER,1,2011-05-03 15:59:00,2.95,13263.0,United Kingdom
554598,21528,DAIRY MAID TRADITIONAL TEAPOT ,1,2011-05-25 11:12:00,6.95,13263.0,United Kingdom
524548,22821,GIFT BAG PSYCHEDELIC APPLES,12,2010-09-29 14:05:00,0.65,15298.0,United Kingdom
558709,22667,RECIPE BOX RETROSPOT ,1,2011-07-01 13:02:00,2.95,17338.0,United Kingdom
521470,20970,PINK FLORAL FELTCRAFT SHOULDER BAG,6,2010-09-06 12:04:00,3.75,16246.0,United Kingdom
506873,10002,INFLATABLE POLITICAL GLOBE ,24,2010-05-04 16:18:00,0.85,17188.0,United Kingdom
537434,21366,MIRRORED WALL ART PHOTO FRAMES,4,2010-12-06 16:57:00,8.47,,United Kingdom
544106,84406B,CREAM CUPID HEARTS COAT HANGER,2,2011-02-16 10:47:00,4.15,14530.0,United Kingdom
502427,79190D,RETRO PLASTIC DAISY TRAY,3,2010-03-24 12:33:00,0.42,17019.0,United Kingdom
561818,21738,COSY SLIPPER SHOES SMALL  RED ,1,2011-07-29 15:51:00,2.95,16775.0,United Kingdom
527933,21054,NURSE'S BAG SOFT TOY,4,2010-10-19 13:34:00,8.95,13840.0,United Kingdom
556072,22457,NATURAL SLATE HEART CHALKBOARD ,6,2011-06-08 14:57:00,2.95,16126.0,United Kingdom
511701,84755,COLOUR GLASS T-LIGHT HOLDER HANGING,16,2010-06-10 09:17:00,0.65,16206.0,United Kingdom
577024,23082,SET 6 PAPER TABLE LANTERN HEARTS ,1,2011-11-17 12:47:00,3.75,14704.0,United Kingdom
491043,20935,ROUND CACTUS CANDLE,1,2009-12-09 09:51:00,6.04,,United Kingdom
539089,22858,EASTER TIN KEEPSAKE,6,2010-12-16 09:46:00,1.65,15246.0,United Kingdom
525030,85135B,BLUE DRAGONFLY HELICOPTER,1,2010-10-03 12:18:00,7.95,15351.0,United Kingdom
552288,23153,ZINC SWEETHEART WIRE LETTER RACK,4,2011-05-08 13:20:00,3.75,13313.0,United Kingdom
490293,22028,PENNY FARTHING BIRTHDAY CARD,12,2009-12-04 13:31:00,0.42,16699.0,United Kingdom
570847,23212,HEART WREATH DECORATION WITH BELL,12,2011-10-12 14:42:00,1.25,17737.0,United Kingdom
548916,84991,60 TEATIME FAIRY CAKE CASES,24,2011-04-05 10:07:00,0.55,14849.0,United Kingdom
578676,22556,PLASTERS IN TIN CIRCUS PARADE ,1,2011-11-24 19:07:00,1.65,16016.0,United Kingdom
579161,22333,RETROSPOT PARTY BAG + STICKER SET,3,2011-11-28 13:56:00,1.65,17379.0,United Kingdom
491805,85099F,JUMBO BAG STRAWBERRY,10,2009-12-14 13:10:00,1.95,12613.0,Germany
553505,22799,SWEETHEART WIRE FRUIT BOWL,2,2011-05-17 13:27:00,8.5,12949.0,United Kingdom
525004,21108,FAIRY CAKE FLANNEL ASSORTED COLOUR,9,2010-10-03 10:41:00,2.55,13674.0,United Kingdom
514691,20725,LUNCH BAG RED SPOTTY,20,2010-07-05 14:43:00,1.65,17469.0,United Kingdom
566345,22086,PAPER CHAIN KIT 50'S CHRISTMAS ,3,2011-09-12 12:27:00,2.95,17685.0,United Kingdom
544293,21982,PACK OF 12 SUKI TISSUES ,12,2011-02-17 12:42:00,0.29,17954.0,United Kingdom
552961,22760,"TRAY, BREAKFAST IN BED",1,2011-05-12 12:54:00,12.75,15489.0,United Kingdom
521317,22045,SPACEBOY GIFT WRAP,25,2010-09-03 12:06:00,0.42,17854.0,United Kingdom
562715,22945,CHRISTMAS METAL TAGS ASSORTED ,6,2011-08-08 15:34:00,1.8,,United Kingdom
543797,22505,MEMO BOARD COTTAGE DESIGN,3,2011-02-13 10:24:00,4.95,15465.0,United Kingdom
580367,82578,KITCHEN METAL SIGN,1,2011-12-02 16:39:00,1.25,,United Kingdom
504430,84707B,PINK JEWELLED MIRROR TRINKET TRAY,2,2010-04-13 13:26:00,9.95,14172.0,United Kingdom
534844,22940,FELTCRAFT CHRISTMAS FAIRY,2,2010-11-24 13:25:00,4.25,16409.0,United Kingdom
561080,23180,MUM'S KITCHEN CLOCK,2,2011-07-24 16:13:00,4.95,,United Kingdom
507597,22485,SET OF 2 WOODEN MARKET CRATES,2,2010-05-10 13:21:00,12.75,17700.0,United Kingdom
546386,22457,NATURAL SLATE HEART CHALKBOARD ,6,2011-03-11 13:31:00,2.95,14312.0,United Kingdom
533577,22505,MEMO BOARD COTTAGE DESIGN,5,2010-11-18 11:08:00,4.95,17377.0,United Kingdom
557614,22997,TRAVEL CARD WALLET UNION JACK,48,2011-06-21 13:22:00,0.42,16394.0,United Kingdom
C528899,POST,POSTAGE,-1,2010-10-25 13:10:00,9.58,16153.0,United Kingdom
509548,22356,CHARLOTTE BAG PINK WITH WHITE SPOTS,10,2010-05-24 12:36:00,0.85,16700.0,United Kingdom
520664,22417,PACK OF 60 SPACEBOY CAKE CASES,24,2010-08-27 12:56:00,0.55,16197.0,United Kingdom
498142,72351B,SET/6 PINK  BUTTERFLY T-LIGHTS,12,2010-02-17 09:43:00,2.1,17364.0,United Kingdom
553204,22231,JIGSAW TREE WITH BIRDHOUSE,1,2011-05-15 16:13:00,1.45,16877.0,United Kingdom
522096,22470,HEART OF WICKER LARGE,5,2010-09-12 13:44:00,2.95,14693.0,United Kingdom
523713,84347,ROTATING SILVER ANGELS T-LIGHT HLDR,30,2010-09-23 15:43:00,2.55,16546.0,United Kingdom
524875,22652,TRAVEL SEWING KIT,10,2010-10-01 10:31:00,1.65,14303.0,United Kingdom
580160,22301,COFFEE MUG CAT + BIRD DESIGN,6,2011-12-02 10:47:00,2.55,12700.0,France
514531,22567,20 DOLLY PEGS RETROSPOT,18,2010-07-05 10:02:00,1.06,17850.0,United Kingdom
523002,22502,PICNIC BASKET WICKER SMALL,1,2010-09-19 16:02:00,5.95,16655.0,United Kingdom
512437,47597,NEW ENGLAND TEATOWELS,6,2010-06-15 16:17:00,1.66,,United Kingdom
567656,22940,FELTCRAFT CHRISTMAS FAIRY,1,2011-09-21 14:40:00,8.29,14096.0,United Kingdom
496400,21438,TUB 24 HANGING EASTER EGGS SPOTTY,1,2010-02-01 11:56:00,3.75,17365.0,United Kingdom
539654,84946,ANTIQUE SILVER TEA GLASS ETCHED,18,2010-12-20 17:05:00,1.25,17340.0,United Kingdom
538866,22909,SET OF 20 VINTAGE CHRISTMAS NAPKINS,1,2010-12-14 14:40:00,0.85,17841.0,United Kingdom
542595,22821,GIFT BAG PSYCHEDELIC APPLES,12,2011-01-30 10:19:00,0.65,14040.0,United Kingdom
540595,10133,COLOURING PENCILS BROWN TUBE,20,2011-01-10 11:35:00,0.42,14321.0,United Kingdom
546580,22131,FOOD CONTAINER SET 3 LOVE HEART ,12,2011-03-15 11:09:00,1.95,14911.0,EIRE
573426,82583,HOT BATHS METAL SIGN,6,2011-10-31 10:17:00,4.96,,United Kingdom
579002,23171,REGENCY TEA PLATE GREEN ,6,2011-11-27 16:27:00,1.65,14093.0,United Kingdom
580750,22730,ALARM CLOCK BAKELIKE IVORY,4,2011-12-06 09:56:00,3.75,12749.0,United Kingdom
568095,20764,ABSTRACT CIRCLES SKETCHBOOK ,4,2011-09-23 14:49:00,3.75,14911.0,EIRE
544368,22748,POPPY'S PLAYHOUSE KITCHEN,3,2011-02-18 11:27:00,2.1,14057.0,United Kingdom
552551,23208,LUNCH BAG VINTAGE LEAF DESIGN,10,2011-05-10 10:45:00,1.65,15433.0,United Kingdom
548366,84678,,-33,2011-03-30 15:50:00,0.0,,United Kingdom
571940,23247,BISCUIT TIN 50'S CHRISTMAS,6,2011-10-20 09:57:00,2.89,15301.0,United Kingdom
506447,22199,FRYING PAN RED POLKADOT ,8,2010-04-29 17:33:00,4.25,12857.0,United Kingdom
577010,21219,SET/4 BADGES BALLOON GIRL,4,2011-11-17 12:11:00,1.25,15506.0,United Kingdom
563722,22479,DAISY GARDEN MARKER,10,2011-08-18 16:32:00,1.25,17720.0,United Kingdom
503185,22520,CHILDS GARDEN TROWEL BLUE ,2,2010-03-30 14:29:00,1.66,,United Kingdom
576318,22148,EASTER CRAFT 4 CHICKS ,8,2011-11-14 14:57:00,1.95,15058.0,United Kingdom
516893,21774,DECORATIVE CATS BATHROOM BOTTLE,1,2010-07-23 15:10:00,2.51,,United Kingdom
528081,22303,COFFEE MUG APPLES DESIGN,4,2010-10-20 12:52:00,2.55,12872.0,United Kingdom
536984,21918,SET 12 KIDS COLOUR  CHALK STICKS,1,2010-12-03 14:35:00,0.42,17841.0,United Kingdom
579161,22356,CHARLOTTE BAG PINK POLKADOT,1,2011-11-28 13:56:00,0.85,17379.0,United Kingdom
546851,22556,PLASTERS IN TIN CIRCUS PARADE ,12,2011-03-17 13:23:00,1.65,12480.0,Germany
498360,84508A,CAMOFLAGE DESIGN TEDDY,1,2010-02-18 13:29:00,2.55,12748.0,United Kingdom
567473,22720,SET OF 3 CAKE TINS PANTRY DESIGN ,1,2011-09-20 12:50:00,4.95,17841.0,United Kingdom
534766,22468,BABUSHKA LIGHTS STRING OF 10,2,2010-11-24 10:27:00,6.75,12868.0,United Kingdom
579840,22356,CHARLOTTE BAG PINK POLKADOT,10,2011-11-30 16:19:00,0.85,18158.0,United Kingdom
579471,22191,IVORY DINER WALL CLOCK,1,2011-11-29 15:08:00,16.63,,United Kingdom
500362,21076,SET/20 COLLAGE PAPER NAPKIN ,1,2010-03-07 16:12:00,0.85,17449.0,United Kingdom
562560,84569D,PACK 6 HEART/ICE-CREAM PATCHES,12,2011-08-05 17:12:00,1.25,14156.0,EIRE
549321,21843,RED RETROSPOT CAKE STAND,1,2011-04-08 10:19:00,10.95,14243.0,United Kingdom
514023,22456,NATURAL SLATE CHALKBOARD LARGE ,2,2010-06-30 11:08:00,4.95,14530.0,United Kingdom
534569,22685,FRENCH BLUE METAL DOOR SIGN 0,10,2010-11-23 12:27:00,1.25,12805.0,Netherlands
540977,22494,EMERGENCY FIRST AID TIN ,1,2011-01-12 15:01:00,2.51,,United Kingdom
490467,21465,PINK FLOWER CROCHET FOOD COVER,1,2009-12-06 12:17:00,3.75,15059.0,United Kingdom
491982,85034A,3 GARDENIA MORRIS BOXED CANDLES,12,2009-12-15 09:40:00,4.25,16098.0,United Kingdom
535083,22841,"CAKE TIN, ROUND, VINTAGE MINT,IVORY",2,2010-11-25 09:46:00,7.95,14961.0,United Kingdom
566976,22992,REVOLVER WOODEN RULER ,12,2011-09-16 09:27:00,1.95,15382.0,United Kingdom
518138,21716,BOYS VINTAGE TIN SEASIDE BUCKET,1,2010-08-04 15:48:00,5.06,,United Kingdom
551966,22380,TOY TIDY SPACEBOY  ,1,2011-05-05 13:14:00,2.1,15356.0,United Kingdom
569927,22171,,9,2011-10-06 17:45:00,0.0,,United Kingdom
520674,22408,MONEY BOX CONFECTIONERY DESIGN,1,2010-08-27 14:20:00,1.25,17961.0,United Kingdom
C568879,22112,CHOCOLATE HOT WATER BOTTLE,-7,2011-09-29 12:38:00,4.95,14680.0,United Kingdom
513426,22385,JUMBO BAG SPACEBOY DESIGN,2,2010-06-24 13:01:00,1.95,17142.0,United Kingdom
552322,23199,JUMBO BAG APPLES,10,2011-05-09 09:16:00,2.08,17049.0,United Kingdom
574080,22866,HAND WARMER SCOTTY DOG DESIGN,1,2011-11-02 16:29:00,2.1,16348.0,United Kingdom
511483,21216,"SET 3 RED SPOT TIN TEA,COFFEE,SUGAR",3,2010-06-08 14:05:00,4.95,15768.0,United Kingdom
518115,22033,BOTANICAL ROSE GREETING CARD,24,2010-08-04 14:41:00,0.42,12748.0,United Kingdom
503226,21378,SMALL TALL CAMPHOR WOOD TOADSTOOL,24,2010-03-30 16:40:00,0.65,13162.0,United Kingdom
510497,85099B,JUMBO BAG RED RETROSPOT,10,2010-06-01 12:39:00,1.95,18223.0,United Kingdom
535322,21888,BINGO SET,1,2010-11-25 15:19:00,7.62,,United Kingdom
565200,22771,CLEAR DRAWER KNOB ACRYLIC EDWARDIAN,30,2011-09-01 16:30:00,1.25,17576.0,United Kingdom
569901,22301,COFFEE MUG CAT + BIRD DESIGN,6,2011-10-06 16:20:00,2.55,12923.0,United Kingdom
573029,22492,MINI PAINT SET VINTAGE ,36,2011-10-27 13:33:00,0.65,14971.0,United Kingdom
509640,22059,CERAMIC STRWBERRY DESIGN MUG,5,2010-05-25 11:04:00,1.49,16883.0,United Kingdom
524087,21833,CAMOUFLAGE LED TORCH,1,2010-09-27 11:41:00,3.36,,United Kingdom
576089,22138,BAKING SET 9 PIECE RETROSPOT ,3,2011-11-14 08:56:00,4.95,17663.0,United Kingdom
C564949,22103,MIRROR MOSAIC T-LIGHT HOLDER ROUND,-12,2011-08-31 13:31:00,1.32,17706.0,United Kingdom
490669,84893,ANT WHITE IRON BASKET,1,2009-12-07 12:42:00,5.95,15716.0,United Kingdom
551986,23067,HANGING ENGRAVED METAL HEART,4,2011-05-05 14:41:00,4.15,13888.0,United Kingdom
549742,22439,6 ROCKET BALLOONS ,24,2011-04-12 10:01:00,0.65,12910.0,United Kingdom
534715,22845,VINTAGE CREAM CAT FOOD CONTAINER,12,2010-11-23 17:43:00,5.55,17598.0,United Kingdom
581217,21174,POTTERING IN THE SHED METAL SIGN,3,2011-12-08 09:20:00,4.13,,United Kingdom
560701,23199,JUMBO BAG APPLES,1,2011-07-20 12:45:00,2.08,16729.0,United Kingdom
545066,85203,HANGING WOOD AND FELT BUTTERFLY ,3,2011-02-27 14:44:00,0.42,13610.0,United Kingdom
518395,85049D,BRIGHT BLUES RIBBONS ,24,2010-08-08 12:41:00,1.25,14156.0,EIRE
513665,84970S,HANGING HEART ZINC T-LIGHT HOLDER,12,2010-06-28 11:11:00,0.85,17437.0,United Kingdom
535682,84836,ZINC METAL HEART DECORATION,12,2010-11-28 12:37:00,1.25,16848.0,United Kingdom
547061,22851,SET 20 NAPKINS FAIRY CAKES DESIGN ,12,2011-03-20 13:21:00,0.85,12407.0,Belgium
491043,20960,WATERMELON BATH SPONGE,1,2009-12-09 09:51:00,2.57,,United Kingdom
535660,22454,MEASURING TAPE BABUSHKA RED,3,2010-11-28 11:27:00,2.95,17150.0,United Kingdom
537818,21531,RED RETROSPOT SUGAR JAM BOWL,6,2010-12-08 13:53:00,2.55,12766.0,Portugal
567665,22766,PHOTO FRAME CORNICE,1,2011-09-21 15:22:00,5.79,,United Kingdom
527043,21086,SET/6 RED SPOTTY PAPER CUPS,6,2010-10-14 12:32:00,0.65,18090.0,United Kingdom
578827,85199S,SMALL HANGING IVORY/RED WOOD BIRD,2,2011-11-25 14:25:00,0.83,,United Kingdom
511522,21906,PHARMACIE FIRST AID TIN,2,2010-06-08 16:47:00,6.75,16072.0,United Kingdom
517762,37441,ASSORTED WHITE EMBOSSED CHINA MUGS,3,2010-08-02 11:09:00,2.1,12748.0,United Kingdom
556495,85123A,WHITE HANGING HEART T-LIGHT HOLDER,6,2011-06-12 15:14:00,2.95,18069.0,United Kingdom
559521,22435,SET OF 9 HEART SHAPED BALLOONS,2,2011-07-08 16:26:00,1.25,,Unspecified
492640,72739C,DARK CHOCOLATE SCENTCANDLE,6,2009-12-17 16:38:00,1.25,13077.0,United Kingdom
490461,72760B,VINTAGE CREAM 3 BASKET CAKE STAND,1,2009-12-06 12:07:00,9.95,13736.0,United Kingdom
536623,22697,GREEN REGENCY TEACUP AND SAUCER,12,2010-12-02 10:39:00,2.95,15601.0,United Kingdom
540149,84997C,BLUE 3 PIECE POLKADOT CUTLERY SET,6,2011-01-05 11:00:00,3.75,12921.0,United Kingdom
544597,22960,JAM MAKING SET WITH JARS,2,2011-02-21 17:42:00,4.25,16014.0,United Kingdom
535082,22632,HAND WARMER RED RETROSPOT,12,2010-11-25 09:22:00,2.1,16988.0,United Kingdom
511133,21097,SET/6 GREEN SPRING  PAPER PLATE,6,2010-06-07 11:25:00,0.85,17227.0,United Kingdom
503693,20717,STRAWBERRY SHOPPER BAG,2,2010-04-06 12:45:00,1.25,16782.0,United Kingdom
491421,85123A,WHITE HANGING HEART T-LIGHT HOLDER,3,2009-12-10 19:35:00,2.95,16798.0,United Kingdom
546774,21467,CHERRY CROCHET FOOD COVER,2,2011-03-16 15:45:00,3.75,14505.0,United Kingdom
572732,23191,BUNDLE OF 3 RETRO NOTE BOOKS,36,2011-10-25 15:21:00,1.65,18079.0,United Kingdom
525082,10124A,SPOTS ON RED BOOKCOVER TAPE,1,2010-10-03 15:48:00,0.42,14455.0,United Kingdom
573274,22112,CHOCOLATE HOT WATER BOTTLE,8,2011-10-28 13:10:00,12.46,,United Kingdom
572542,22712,CARD DOLLY GIRL ,12,2011-10-24 16:20:00,0.42,17272.0,United Kingdom
500359,21755,LOVE BUILDING BLOCK WORD,6,2010-03-07 15:47:00,5.95,14369.0,United Kingdom
573137,22212,FOUR HOOK  WHITE LOVEBIRDS,1,2011-10-27 17:15:00,4.13,,United Kingdom
514556,82486,WOOD S/3 CABINET ANT WHITE FINISH,4,2010-07-05 11:26:00,6.95,17850.0,United Kingdom
504555,84879,ASSORTED COLOUR BIRD ORNAMENT,2,2010-04-14 13:39:00,1.69,13561.0,United Kingdom
514558,22567,20 DOLLY PEGS RETROSPOT,12,2010-07-05 11:38:00,1.06,17850.0,United Kingdom
503151,22380,TOY TIDY SPACEBOY  ,50,2010-03-30 12:26:00,1.85,14298.0,United Kingdom
524153,22733,3D TRADITIONAL CHRISTMAS STICKERS,3,2010-09-27 15:56:00,2.51,,United Kingdom
C494358,22194,BLACK DINER WALL CLOCK,-1,2010-01-13 15:07:00,8.5,13078.0,United Kingdom
566270,22144,CHRISTMAS CRAFT LITTLE FRIENDS,6,2011-09-11 13:40:00,2.1,16523.0,United Kingdom
490941,84691,PACK 20 DOLLY PEGS,4,2009-12-08 14:03:00,0.85,14527.0,United Kingdom
580675,85099B,JUMBO BAG RED RETROSPOT,10,2011-12-05 14:35:00,2.08,15640.0,United Kingdom
557854,22219,LOVEBIRD HANGING DECORATION WHITE ,6,2011-06-23 11:38:00,0.85,13268.0,United Kingdom
546220,20723,STRAWBERRY CHARLOTTE BAG,30,2011-03-10 12:16:00,0.85,16745.0,United Kingdom
493073,21719,LOVELY BONBON STICKER SHEET,2,2009-12-22 09:41:00,1.7,,United Kingdom
500237,21672,WHITE SPOT RED CERAMIC DRAWER KNOB,12,2010-03-05 11:56:00,1.25,12417.0,Belgium
514540,48111,DOORMAT 3 SMILEY CATS,2,2010-07-05 10:42:00,6.35,17850.0,United Kingdom
534633,21929,JUMBO BAG PINK VINTAGE PAISLEY,1,2010-11-23 13:01:00,1.95,12573.0,France
524761,21146,ANTIQUE GLASS RIDGED HANGING BALL,12,2010-09-30 15:39:00,1.95,16347.0,United Kingdom
531759,22111,SCOTTIE DOG HOT WATER BOTTLE,1,2010-11-09 13:34:00,4.95,16740.0,United Kingdom
536876,22906,12 MESSAGE CARDS WITH ENVELOPES,4,2010-12-03 11:36:00,3.36,,United Kingdom
516922,84520B,PACK 20 ENGLISH ROSE PAPER NAPKINS,3,2010-07-25 11:46:00,0.85,15727.0,United Kingdom
574290,23394,POSTE FRANCE CUSHION COVER,2,2011-11-03 15:18:00,3.75,17403.0,United Kingdom
553750,22025,RING OF ROSES BIRTHDAY CARD,12,2011-05-19 10:16:00,0.42,15660.0,United Kingdom
576617,22335,HEART DECORATION PAINTED ZINC ,7,2011-11-15 16:57:00,1.25,,United Kingdom
C498280,22061,LARGE CAKE STAND  HANGING STRAWBERY,-2,2010-02-17 16:22:00,8.5,17511.0,United Kingdom
526217,84997A,GREEN 3 PIECE POLKADOT CUTLERY SET,1,2010-10-10 14:30:00,3.75,14390.0,United Kingdom
535795,22941,CHRISTMAS LIGHTS 10 REINDEER,1,2010-11-28 14:40:00,8.5,13634.0,United Kingdom
570448,22077,6 RIBBONS RUSTIC CHARM,6,2011-10-10 14:55:00,1.95,13224.0,United Kingdom
547830,22605,WOODEN CROQUET GARDEN SET,1,2011-03-25 15:50:00,24.96,,United Kingdom
550297,22629,SPACEBOY LUNCH BOX ,4,2011-04-15 15:58:00,1.95,14056.0,United Kingdom
535091,22603,CHRISTMAS RETROSPOT TREE WOOD,12,2010-11-25 10:20:00,0.85,14304.0,United Kingdom
558237,21506,"FANCY FONT BIRTHDAY CARD, ",12,2011-06-27 15:04:00,0.42,12867.0,United Kingdom
560696,22385,JUMBO BAG SPACEBOY DESIGN,1,2011-07-20 12:14:00,2.08,14606.0,United Kingdom
567912,22266,EASTER DECORATION HANGING BUNNY,10,2011-09-22 17:07:00,0.19,15555.0,United Kingdom
499878,20685,DOOR MAT RED SPOT,40,2010-03-03 09:59:00,6.35,14156.0,EIRE
559817,21948,SET OF 6 CAKE CHOPSTICKS,1,2011-07-12 16:20:00,2.46,,United Kingdom
569254,84596B,SMALL DOLLY MIX DESIGN ORANGE BOWL,2,2011-10-03 11:00:00,0.42,18116.0,United Kingdom
505741,84926E,FLOWERS TILE COASTER,4,2010-04-25 15:56:00,1.25,16984.0,United Kingdom
578344,23435,3 RAFFIA RIBBONS VINTAGE CHRISTMAS,1,2011-11-24 09:21:00,0.83,,United Kingdom
541946,21166,COOK WITH WINE METAL SIGN ,12,2011-01-24 11:50:00,1.95,17591.0,United Kingdom
555368,22846,BREAD BIN DINER STYLE RED ,2,2011-06-02 14:30:00,16.95,13437.0,United Kingdom
506871,22057,CERAMIC PLATE STRAWBERRY DESIGN,1,2010-05-04 15:48:00,3.36,,United Kingdom
546415,22998,TRAVEL CARD WALLET KEEP CALM,24,2011-03-13 10:27:00,0.42,17975.0,United Kingdom
556671,15044D,RED PAPER PARASOL,1,2011-06-13 16:33:00,2.95,17841.0,United Kingdom
524125,20682,RED SPOTTY CHILDS UMBRELLA,6,2010-09-27 14:20:00,3.25,15382.0,United Kingdom
577010,84596B,SMALL DOLLY MIX DESIGN ORANGE BOWL,2,2011-11-17 12:11:00,0.42,15506.0,United Kingdom
541495,22666,RECIPE BOX PANTRY YELLOW DESIGN,2,2011-01-18 14:59:00,5.79,,United Kingdom
491043,21488,RED WHITE SCARF  HOT WATER BOTTLE,1,2009-12-09 09:51:00,8.65,,United Kingdom
555477,23170,REGENCY TEA PLATE ROSES ,12,2011-06-03 12:26:00,1.65,12359.0,Cyprus
577557,20972,PINK CREAM FELT CRAFT TRINKET BOX ,1,2011-11-20 15:36:00,1.25,15426.0,United Kingdom
556241,22804,CANDLEHOLDER PINK HANGING HEART,6,2011-06-09 16:04:00,2.95,12597.0,Spain
545978,22268,EASTER DECORATION SITTING BUNNY,6,2011-03-08 12:19:00,0.85,13975.0,United Kingdom
531210,22644,CERAMIC CHERRY CAKE MONEY BANK,1,2010-11-05 16:07:00,1.45,13263.0,United Kingdom
572312,21499,BLUE POLKADOT WRAP,25,2011-10-23 15:47:00,0.42,15022.0,United Kingdom
550321,20972,PINK CREAM FELT CRAFT TRINKET BOX ,2,2011-04-17 12:49:00,1.25,16770.0,United Kingdom
571129,23510,MINI PLAYING CARDS GYMKHANA,20,2011-10-14 10:03:00,0.42,14156.0,EIRE
545568,22196,SMALL HEART MEASURING SPOONS,1,2011-03-03 16:22:00,1.63,,United Kingdom
570465,22068,BLACK PIRATE TREASURE CHEST,1,2011-10-10 16:02:00,3.29,,United Kingdom
505089,21977,PACK OF 60 PINK PAISLEY CAKE CASES,120,2010-04-20 10:35:00,0.42,17307.0,United Kingdom
536016,21537,RED RETROSPOT PUDDING BOWL,9,2010-11-29 15:36:00,4.25,17315.0,United Kingdom
569514,22077,6 RIBBONS RUSTIC CHARM,24,2011-10-04 13:56:00,1.95,15228.0,United Kingdom
537646,21166,COOK WITH WINE METAL SIGN ,2,2010-12-07 15:39:00,1.95,17591.0,United Kingdom
513053,22276,WASH BAG VINTAGE ROSE PAISLEY,6,2010-06-21 13:32:00,2.55,16062.0,United Kingdom
576651,23527,WALL ART ANIMALS AND NATURE ,6,2011-11-16 10:37:00,3.75,14626.0,United Kingdom
537434,22904,CALENDAR PAPER CUT DESIGN,1,2010-12-06 16:57:00,5.91,,United Kingdom
537627,22178,VICTORIAN GLASS HANGING T-LIGHT,96,2010-12-07 14:58:00,1.06,14739.0,United Kingdom
550638,21625,VINTAGE UNION JACK APRON,1,2011-04-19 15:44:00,14.13,,United Kingdom
550515,22521,CHILDS GARDEN TROWEL PINK,1,2011-04-18 17:29:00,0.85,14502.0,United Kingdom
505723,82581,TOILET METAL SIGN,6,2010-04-25 13:48:00,0.55,17146.0,United Kingdom
557120,22625,RED KITCHEN SCALES,2,2011-06-16 17:12:00,8.5,15669.0,United Kingdom
555507,23202,JUMBO BAG VINTAGE LEAF,20,2011-06-03 16:39:00,2.08,16186.0,United Kingdom
532306,22897,OVEN MITT APPLES DESIGN,3,2010-11-11 14:29:00,1.45,12637.0,France
559367,72741,GRAND CHOCOLATECANDLE,9,2011-07-08 09:38:00,1.45,13013.0,United Kingdom
576587,23365,SET 12 COLOUR PENCILS LOVE LONDON,24,2011-11-15 14:23:00,0.65,18123.0,United Kingdom
545716,85114a,BLACK ENCHANTED FOREST PLACEMAT,5,2011-03-07 10:15:00,3.29,,United Kingdom
534196,21429,RED GINGHAM ROSE JEWELLERY BOX,3,2010-11-21 14:52:00,1.65,17921.0,United Kingdom
537772,84910A,PINK PAISLEY CUSHION COVER ,2,2010-12-08 12:35:00,5.95,18043.0,United Kingdom
573340,23499,SET 12 VINTAGE DOILY CHALK ,2,2011-10-30 11:55:00,0.42,14159.0,United Kingdom
517235,21429,RED GINGHAM ROSE JEWELLERY BOX,4,2010-07-27 13:52:00,1.65,12804.0,Netherlands
545907,22561,WOODEN SCHOOL COLOURING SET,12,2011-03-08 09:24:00,1.65,15806.0,United Kingdom
534516,85230B,CINNAMON SCENTED VOTIVE CANDLE,24,2010-11-23 12:00:00,0.29,15235.0,United Kingdom
523308,22383,LUNCH BAG SUKI  DESIGN ,10,2010-09-21 13:06:00,1.65,14156.0,EIRE
532051,47591D,PINK FAIRY CAKE CHILDRENS APRON,8,2010-11-10 14:16:00,1.95,14911.0,EIRE
565849,84012,MAGIC SHEEP WOOL GROWING FROM PAPER,24,2011-09-07 12:50:00,0.85,14309.0,United Kingdom
533822,22637,PIGGY BANK RETROSPOT ,6,2010-11-19 09:40:00,2.55,12647.0,Germany
500129,84832,ZINC WILLIE WINKIE  CANDLE STICK,10,2010-03-04 14:50:00,0.85,15768.0,United Kingdom
504002,22464,HANGING METAL HEART LANTERN,1,2010-04-09 11:41:00,1.65,16412.0,United Kingdom
495396,84753A,PINK EAU DE COLOGNE BOTTLE,12,2010-01-25 08:17:00,0.85,17584.0,United Kingdom
526870,22737,RIBBON REEL CHRISTMAS PRESENT ,5,2010-10-13 13:41:00,1.65,14498.0,United Kingdom
567482,23221,REINDEER HEART DECORATION SILVER,4,2011-09-20 13:42:00,0.83,16464.0,United Kingdom
532953,22095,LADS ONLY TISSUE BOX,2,2010-11-15 12:17:00,2.51,,United Kingdom
534658,21733,RED HANGING HEART T-LIGHT HOLDER,1,2010-11-23 13:36:00,2.95,18118.0,United Kingdom
529789,22865,HAND WARMER OWL DESIGN,3,2010-10-29 15:48:00,2.1,12838.0,United Kingdom
492529,22111,SCOTTIE DOG HOT WATER BOTTLE,1,2009-12-17 12:46:00,4.95,17377.0,United Kingdom
533115,22535,MAGIC DRAWING SLATE BUNNIES ,24,2010-11-16 12:28:00,0.42,14655.0,United Kingdom
560278,23320,GIANT 50'S CHRISTMAS CRACKER,2,2011-07-17 15:45:00,2.89,13610.0,United Kingdom
551547,21154,RED RETROSPOT OVEN GLOVE ,10,2011-05-03 09:44:00,3.29,,United Kingdom
526891,84558A,3D DOG PICTURE PLAYING CARDS,1,2010-10-13 14:41:00,2.95,13832.0,United Kingdom
504882,21693,SMALL HAMMERED SILVER CANDLEPOT ,6,2010-04-18 13:12:00,2.95,14395.0,United Kingdom
521593,21875,KINGS CHOICE MUG,12,2010-09-07 12:38:00,1.25,15289.0,United Kingdom
549576,22456,NATURAL SLATE CHALKBOARD LARGE ,3,2011-04-11 08:14:00,4.95,17069.0,United Kingdom
552229,21084,SET/6 COLLAGE PAPER CUPS,51,2011-05-06 15:40:00,0.19,,United Kingdom
489581,72267,PREMIUM CHURCH CANDLE,1,2009-12-01 13:47:00,2.1,15945.0,United Kingdom
518286,84580,MOUSE TOY WITH PINK T-SHIRT,4,2010-08-06 11:31:00,3.75,12712.0,Germany
547497,22921,HERB MARKER CHIVES ,12,2011-03-23 12:15:00,0.65,14461.0,United Kingdom
495389,20698,LITTLE PINK MONSTER SOFT TOY,1,2010-01-24 15:14:00,2.55,14044.0,United Kingdom
544838,22969,HOMEMADE JAM SCENTED CANDLES,12,2011-02-24 10:34:00,1.45,12565.0,Saudi Arabia
568719,21289,LARGE STRIPES CHOCOLATE GIFT BAG,2,2011-09-28 16:19:00,1.25,,United Kingdom
499071,85150,LADIES & GENTLEMEN METAL SIGN,2,2010-02-24 15:03:00,2.55,14535.0,United Kingdom
558475,21581,SKULLS  DESIGN  COTTON TOTE BAG,12,2011-06-29 15:58:00,1.63,,United Kingdom
573151,22841,ROUND CAKE TIN VINTAGE GREEN,1,2011-10-27 20:09:00,7.95,17602.0,United Kingdom
499894,90175D,TIGRIS EYE CHUNKY CHARM BRACELET,4,2010-03-03 11:40:00,8.95,14593.0,United Kingdom
536354,22900, SET 2 TEA TOWELS I LOVE LONDON ,1,2010-11-30 17:43:00,2.95,17820.0,United Kingdom
C503208,21232,STRAWBERRY CERAMIC TRINKET BOX,-1,2010-03-30 15:54:00,1.25,14227.0,United Kingdom
495153,85232B,SET/3 RUSSIAN DOLL STACKING TINS,1,2010-01-21 12:10:00,4.95,14527.0,United Kingdom
546157,82494L,WOODEN FRAME ANTIQUE WHITE ,6,2011-03-10 08:40:00,2.95,13502.0,United Kingdom
508098,21232,STRAWBERRY CERAMIC TRINKET BOX,12,2010-05-13 09:33:00,1.25,14156.0,EIRE
545157,21169,YOU'RE CONFUSING ME METAL SIGN ,12,2011-02-28 13:27:00,1.69,14239.0,United Kingdom
532997,21042,RED RETROSPOT APRON ,1,2010-11-15 14:41:00,5.95,16686.0,United Kingdom
521132,22087,PAPER BUNTING WHITE LACE,2,2010-09-02 12:53:00,2.95,14796.0,United Kingdom
501806,85041,SET/4 PINK ORCHID CANDLES IN BOWL,6,2010-03-19 14:02:00,1.65,17673.0,United Kingdom
489825,22321,BIRD DECORATION RED SPOT,12,2009-12-02 13:34:00,0.85,16126.0,United Kingdom
545318,22562,MONSTERS STENCIL CRAFT,48,2011-03-01 14:26:00,1.25,14676.0,United Kingdom
501549,37495,FAIRY CAKE BIRTHDAY CANDLE SET,1,2010-03-17 15:25:00,3.75,,United Kingdom
539437,22895,SET OF 2 TEA TOWELS APPLE AND PEARS,1,2010-12-17 14:54:00,5.91,,United Kingdom
574304,21259,VICTORIAN SEWING BOX SMALL ,1,2011-11-03 16:30:00,5.95,14428.0,United Kingdom
513627,22502,PICNIC BASKET WICKER SMALL,1,2010-06-27 13:16:00,4.25,17194.0,United Kingdom
522996,84945,MULTI COLOUR SILVER T-LIGHT HOLDER,48,2010-09-19 15:41:00,0.85,14513.0,United Kingdom
492943,84991,60 TEATIME FAIRY CAKE CASES,240,2009-12-21 13:04:00,0.42,14156.0,EIRE
494639,21621,VINTAGE UNION JACK BUNTING,12,2010-01-17 11:30:00,8.5,14421.0,United Kingdom
526089,21358,TOAST ITS - HAPPY BIRTHDAY,12,2010-10-08 12:14:00,1.25,15281.0,United Kingdom
497696,21985,PACK OF 12 HEARTS DESIGN TISSUES ,12,2010-02-11 16:16:00,0.29,18041.0,United Kingdom
570964,23545,WRAP RED VINTAGE DOILY,25,2011-10-13 11:50:00,0.42,12766.0,Portugal
536876,22798,ANTIQUE GLASS DRESSING TABLE POT,1,2010-12-03 11:36:00,5.91,,United Kingdom
544717,22622,BOX OF VINTAGE ALPHABET BLOCKS,6,2011-02-23 10:44:00,9.95,18172.0,United Kingdom
515479,85130B,BEADED CRYSTAL HEART GREEN LARGE,1,2010-07-13 09:58:00,3.36,,United Kingdom
559204,20728,LUNCH BAG CARS BLUE,100,2011-07-07 11:02:00,1.45,13798.0,United Kingdom
572860,22597,MUSICAL ZINC HEART DECORATION ,72,2011-10-26 12:42:00,0.29,17470.0,United Kingdom
551810,22417,PACK OF 60 SPACEBOY CAKE CASES,2,2011-05-04 11:32:00,0.55,15719.0,United Kingdom
522513,22309,TEA COSY RED  STRIPE,100,2010-09-15 11:35:00,2.1,14156.0,EIRE
547386,82581,TOILET METAL SIGN,1,2011-03-22 15:52:00,1.25,,United Kingdom
517714,22272,FELTCRAFT DOLL MARIA,1,2010-08-01 11:22:00,2.95,13869.0,United Kingdom
504121,22550,HOLIDAY FUN LUDO,2,2010-04-11 10:16:00,3.75,16104.0,United Kingdom
C490923,22138,BAKING SET 9 PIECE RETROSPOT ,-3,2009-12-08 13:25:00,4.95,16163.0,United Kingdom
520054,22669,RED BABY BUNTING ,5,2010-08-23 14:59:00,2.95,16208.0,United Kingdom
579159,23695,DOILY THANK YOU CARD,12,2011-11-28 13:53:00,0.42,13196.0,United Kingdom
509043,84997A,GREEN 3 PIECE MINI DOTS CUTLERY SET,12,2010-05-20 10:16:00,3.75,14952.0,United Kingdom
544087,20846,ZINC HEART LATTICE T-LIGHT HOLDER,5,2011-02-15 17:02:00,1.25,17530.0,United Kingdom
559337,22508,DOORSTOP RETROSPOT HEART,1,2011-07-07 16:27:00,7.46,,United Kingdom
501730,22381,TOY TIDY PINK RETROSPOT  ,6,2010-03-19 11:05:00,2.1,14159.0,United Kingdom
528419,85099B,JUMBO BAG RED RETROSPOT,10,2010-10-22 09:44:00,1.95,12615.0,France
554638,22899,CHILDREN'S APRON DOLLY GIRL ,2,2011-05-25 11:59:00,2.1,14810.0,United Kingdom
534813,21156,RETROSPOT CHILDRENS APRON,8,2010-11-24 12:44:00,1.95,17069.0,United Kingdom
566163,21880,RED RETROSPOT TAPE,12,2011-09-09 11:48:00,0.65,12637.0,France
537881,20685,DOORMAT RED RETROSPOT,10,2010-12-09 09:23:00,6.75,15513.0,United Kingdom
567917,21158,MOODY GIRL DOOR HANGER ,24,2011-09-22 17:19:00,0.39,14298.0,United Kingdom
567670,22551,PLASTERS IN TIN SPACEBOY,1,2011-09-21 15:32:00,3.29,,United Kingdom
522476,84032A,CHARLIE+LOLA PINK HOT WATER BOTTLE,6,2010-09-15 10:44:00,2.95,15966.0,United Kingdom
525973,22057,CERAMIC PLATE STRAWBERRY DESIGN,1,2010-10-08 10:22:00,3.36,,United Kingdom
557492,21117,BLOND DOLL DOORSTOP,12,2011-06-20 15:08:00,1.25,13717.0,United Kingdom
566783,22384,LUNCH BAG PINK POLKADOT,10,2011-09-15 10:18:00,1.65,13539.0,United Kingdom
492728,21211,SET OF 72 SKULL PAPER  DOILIES,2,2009-12-18 11:18:00,1.45,15311.0,United Kingdom
581492,21200,MULTICOLOUR HONEYCOMB PAPER GARLAND,6,2011-12-09 10:03:00,3.29,,United Kingdom
534800,22748,POPPY'S PLAYHOUSE KITCHEN,3,2010-11-24 12:04:00,2.1,17019.0,United Kingdom
523763,21915,RED  HARMONICA IN BOX ,12,2010-09-24 09:49:00,1.25,16531.0,United Kingdom
540157,15056BL,EDWARDIAN PARASOL BLACK,1,2011-01-05 11:41:00,5.95,15311.0,United Kingdom
557854,82581,TOILET METAL SIGN,3,2011-06-23 11:38:00,0.55,13268.0,United Kingdom
534432,22964,3 PIECE SPACEBOY COOKIE CUTTER SET,1,2010-11-22 15:01:00,2.1,18283.0,United Kingdom
518753,21385,IVORY HANGING DECORATION  HEART,24,2010-08-11 12:52:00,0.85,14822.0,United Kingdom
580256,21756,BATH BUILDING BLOCK WORD,1,2011-12-02 12:24:00,6.25,14688.0,United Kingdom
577850,22979,PANTRY WASHING UP BRUSH,12,2011-11-22 11:04:00,1.45,14911.0,EIRE
561222,85017B,ENVELOPE 50 BLOSSOM IMAGES,24,2011-07-26 09:27:00,0.42,13588.0,United Kingdom
571850,23145,ZINC T-LIGHT HOLDER STAR LARGE,12,2011-10-19 12:54:00,0.95,14698.0,United Kingdom
504928,22178,VICTORIAN GLASS HANGING T-LIGHT,1,2010-04-19 10:59:00,2.51,,United Kingdom
579069,21531,RED RETROSPOT SUGAR JAM BOWL,6,2011-11-28 10:31:00,2.55,14911.0,EIRE
566221,23343,JUMBO BAG VINTAGE CHRISTMAS ,3,2011-09-09 16:13:00,4.13,,United Kingdom
575896,23237,SET OF 4 KNICK KNACK TINS LEAF,12,2011-11-11 14:52:00,4.15,12480.0,Germany
525764,21820,GLITTER HEART GARLAND WITH BELLS ,6,2010-10-07 10:39:00,3.75,12511.0,Greece
524326,22940,FELTCRAFT CHRISTMAS FAIRY,4,2010-09-28 14:59:00,4.25,16992.0,United Kingdom
571203,23408,PHOTO FRAME LINEN AND LACE SMALL,6,2011-10-14 12:33:00,2.08,17677.0,United Kingdom
567504,20914,SET/5 RED RETROSPOT LID GLASS BOWLS,6,2011-09-20 14:33:00,2.95,13356.0,United Kingdom
529309,21259,VICTORIAN SEWING BOX SMALL ,2,2010-10-27 12:57:00,5.95,14496.0,United Kingdom
506232,22583,PACK OF 6 HANDBAG GIFT BOXES,4,2010-04-28 12:31:00,2.55,14177.0,United Kingdom
526627,85178,VICTORIAN SEWING KIT,12,2010-10-12 12:48:00,1.25,14240.0,United Kingdom
531112,POST,POSTAGE,2,2010-11-05 12:38:00,40.0,12588.0,Finland
569573,23081,GREEN METAL BOX ARMY SUPPLIES,16,2011-10-05 10:11:00,7.5,17511.0,United Kingdom
555569,84987,SET OF 36 TEATIME PAPER DOILIES,12,2011-06-05 15:29:00,1.45,12727.0,France
521390,20727,LUNCH BAG  BLACK SKULL.,5,2010-09-05 14:03:00,1.65,16327.0,United Kingdom
495677,21645,ASSORTED TUTTI FRUTTI ROUND BOX,12,2010-01-26 11:32:00,1.65,14211.0,United Kingdom
515475,37495,FAIRY CAKE BIRTHDAY CANDLE SET,24,2010-07-13 09:35:00,3.75,16320.0,Unspecified
525037,21143,ANTIQUE GLASS HEART DECORATION ,24,2010-10-03 12:40:00,1.95,14911.0,EIRE
574871,22567,20 DOLLY PEGS RETROSPOT,4,2011-11-07 12:56:00,1.45,14527.0,United Kingdom
578067,23184,BULL DOG BOTTLE OPENER,3,2011-11-22 15:43:00,10.79,,United Kingdom
508181,90024C,NEW BAROQUE B'FLY NECKLACE GREEN,1,2010-05-13 12:25:00,8.5,,United Kingdom
532757,21895,POTTING SHED SOW 'N' GROW SET,1,2010-11-14 13:42:00,4.25,17288.0,United Kingdom
492414,21154,RED SPOTTY OVEN GLOVE ,2,2009-12-16 17:01:00,2.57,,United Kingdom
566060,84950,ASSORTED COLOUR T-LIGHT HOLDER,6,2011-09-08 15:27:00,1.38,,United Kingdom
513744,22427,ENAMEL FLOWER JUG CREAM,6,2010-06-28 12:22:00,5.95,14295.0,United Kingdom
575502,22659,LUNCH BOX I LOVE LONDON,12,2011-11-10 10:10:00,1.95,16700.0,United Kingdom
573545,22617,BAKING SET SPACEBOY DESIGN,3,2011-10-31 13:12:00,4.95,16969.0,United Kingdom
509051,85123A,WHITE HANGING HEART T-LIGHT HOLDER,6,2010-05-20 11:04:00,2.95,15854.0,United Kingdom
553879,23066,SMALL JEWELLERY STAND,2,2011-05-19 15:15:00,8.25,15791.0,United Kingdom
544406,22585,PACK OF 6 BIRDY GIFT TAGS,1,2011-02-18 13:26:00,1.25,16726.0,United Kingdom
525236,22301,COFFEE MUG CAT + BIRD DESIGN,1,2010-10-04 14:31:00,5.06,,United Kingdom
534083,22913,RED COAT RACK PARIS FASHION,6,2010-11-21 11:52:00,4.95,13668.0,United Kingdom
527155,22107,PIZZA PLATE IN BOX,2,2010-10-15 11:22:00,7.62,,United Kingdom
519171,21930,JUMBO STORAGE BAG SKULLS,1,2010-08-13 13:45:00,1.95,12484.0,Spain
528139,47599B,BLUE PARTY BAGS ,2,2010-10-20 15:25:00,2.1,16372.0,United Kingdom
557642,82482,WOODEN PICTURE FRAME WHITE FINISH,5,2011-06-21 16:35:00,4.96,,United Kingdom
512614,22352,LUNCH BOX WITH CUTLERY RETROSPOT ,1,2010-06-17 10:35:00,2.55,18039.0,United Kingdom
489546,20751,FUNKY WASHING UP GLOVES ASSORTED,12,2009-12-01 12:30:00,2.1,14156.0,EIRE
520771,22077,6 RIBBONS RUSTIC CHARM,8,2010-08-31 11:19:00,4.21,,United Kingdom
564165,22193,RED DINER WALL CLOCK,1,2011-08-23 13:35:00,8.5,13593.0,United Kingdom
574182,23570,TRADITIONAL PICK UP STICKS GAME ,12,2011-11-03 11:51:00,1.25,16841.0,United Kingdom
544909,22504,CABIN BAG VINTAGE RETROSPOT,12,2011-02-24 14:32:00,12.75,14298.0,United Kingdom
563200,22386,JUMBO BAG PINK POLKADOT,1,2011-08-14 10:49:00,2.08,13838.0,United Kingdom
507712,22219,LOVEBIRD HANGING DECORATION WHITE ,1,2010-05-11 11:29:00,1.66,,United Kingdom
496302,85025C,PINK HEART SHAPE PHOTO FRAME,8,2010-01-31 11:04:00,1.65,15943.0,United Kingdom
516430,21754,HOME BUILDING BLOCK WORD,18,2010-07-20 11:47:00,5.45,17511.0,United Kingdom
564835,21068,VINTAGE BILLBOARD LOVE/HATE MUG,1,2011-08-30 12:31:00,2.46,,United Kingdom
508593,21977,PACK OF 60 PINK PAISLEY CAKE CASES,24,2010-05-17 12:06:00,0.55,13488.0,United Kingdom
538053,22086,PAPER CHAIN KIT 50'S CHRISTMAS ,6,2010-12-09 13:34:00,2.95,15856.0,United Kingdom
527520,22651,GENTLEMAN SHIRT REPAIR KIT ,1,2010-10-18 13:18:00,1.66,,United Kingdom
548987,21464,DISCO BALL ROTATOR BATTERY OPERATED,1,2011-04-05 12:50:00,4.25,14535.0,United Kingdom
505725,22219,LOVEBIRD HANGING DECORATION WHITE ,3,2010-04-25 13:55:00,0.85,14606.0,United Kingdom
526848,22411,JUMBO SHOPPER VINTAGE RED PAISLEY,4,2010-10-13 12:31:00,1.95,16418.0,United Kingdom
570888,22748,POPPY'S PLAYHOUSE KITCHEN,6,2011-10-13 10:26:00,2.1,17509.0,United Kingdom
545181,22356,CHARLOTTE BAG PINK POLKADOT,10,2011-02-28 14:45:00,0.85,12509.0,France
573245,23538,WALL ART VINTAGE HEART,1,2011-10-28 12:08:00,4.95,17841.0,United Kingdom
574475,21677,HEARTS  STICKERS,12,2011-11-04 12:18:00,0.85,14132.0,United Kingdom
562143,47590A,BLUE HAPPY BIRTHDAY BUNTING,50,2011-08-03 10:41:00,4.65,16422.0,United Kingdom
517627,37449,CERAMIC CAKE STAND + HANGING CAKES,1,2010-07-30 12:19:00,9.95,16428.0,United Kingdom
531431,79000,MOROCCAN TEA GLASS,12,2010-11-08 11:45:00,0.85,13138.0,United Kingdom
574882,21914,BLUE HARMONICA IN BOX ,3,2011-11-07 13:45:00,1.25,13599.0,United Kingdom
579946,22115,METAL SIGN EMPIRE TEA,1,2011-12-01 10:44:00,0.79,15993.0,United Kingdom
534319,22030,SWALLOWS GREETING CARD,6,2010-11-22 11:37:00,0.85,,United Kingdom
519816,22461,SAVOY ART DECO CLOCK,1,2010-08-20 13:10:00,12.75,15322.0,United Kingdom
523729,22652,TRAVEL SEWING KIT,48,2010-09-23 17:13:00,1.65,14952.0,United Kingdom
540977,21071,VINTAGE BILLBOARD DRINK ME MUG,1,2011-01-12 15:01:00,2.51,,United Kingdom
568051,23503,PLAYING CARDS KEEP CALM & CARRY ON,12,2011-09-23 12:40:00,1.25,18189.0,United Kingdom
579173,20869,GOLD FABRIC MIRROR,2,2011-11-28 14:37:00,0.39,17359.0,United Kingdom
507421,22482,BLUE TEA TOWEL CLASSIC DESIGN,4,2010-05-09 15:07:00,1.25,12748.0,United Kingdom
540501,37342,POLKADOT COFFEE CUP & SAUCER PINK,24,2011-01-09 10:43:00,0.85,13162.0,United Kingdom
572897,21494,ROTATING LEAVES T-LIGHT HOLDER,4,2011-10-26 14:42:00,5.79,,United Kingdom
534865,20718,RED RETROSPOT SHOPPER BAG,1,2010-11-24 14:14:00,1.25,15356.0,United Kingdom
536798,82551,LAUNDRY 15C METAL SIGN,24,2010-12-02 15:55:00,1.45,17838.0,United Kingdom
566279,22097,SWALLOW SQUARE TISSUE BOX,2,2011-09-11 14:09:00,0.39,14432.0,United Kingdom
544086,21785,,-7,2011-02-15 16:49:00,0.0,,United Kingdom
517666,21213,PACK OF 72 SKULL CAKE CASES,24,2010-07-30 14:44:00,0.55,13329.0,United Kingdom
511124,20719,WOODLAND CHARLOTTE BAG,1,2010-06-07 10:58:00,1.66,,United Kingdom
513626,22444,GROW YOUR OWN PLANT IN A CAN ,24,2010-06-27 13:11:00,1.25,17364.0,United Kingdom
530962,20748,KENSINGTON COFFEE SET,1,2010-11-04 19:12:00,12.75,17913.0,United Kingdom
581219,23355,HOT WATER BOTTLE KEEP CALM,4,2011-12-08 09:28:00,10.79,,United Kingdom
573496,84375,SET OF 20 KIDS COOKIE CUTTERS,1,2011-10-31 11:59:00,2.1,17841.0,United Kingdom
562114,22909,SET OF 20 VINTAGE CHRISTMAS NAPKINS,1,2011-08-02 16:14:00,1.63,,United Kingdom
565139,22090,PAPER BUNTING RETROSPOT,40,2011-09-01 12:50:00,2.55,16422.0,United Kingdom
532817,11001,ASSTD DESIGN RACING CAR PEN,16,2010-11-14 16:16:00,1.69,14493.0,United Kingdom
490754,22111,SCOTTIE DOG HOT WATER BOTTLE,6,2009-12-08 09:19:00,4.95,14136.0,United Kingdom
540907,85066,CREAM SWEETHEART MINI CHEST,2,2011-01-12 11:52:00,12.75,13488.0,United Kingdom
576778,22735,RIBBON REEL SOCKS AND MITTENS,3,2011-11-16 13:24:00,1.65,16085.0,United Kingdom
558390,23203,JUMBO BAG DOILEY PATTERNS,20,2011-06-29 10:23:00,2.08,13461.0,United Kingdom
523921,22907,PACK OF 20 NAPKINS PANTRY DESIGN,96,2010-09-24 16:19:00,0.64,14646.0,Netherlands
510507,21474,SWEETHEART CREAM STEEL FOLDIN BENCH,1,2010-06-01 12:45:00,19.95,16884.0,United Kingdom
567339,23373,VINTAGE CHRISTMAS PAPER GIFT BAG,10,2011-09-19 15:01:00,0.82,14146.0,United Kingdom
537888,22732,3D VINTAGE CHRISTMAS STICKERS ,18,2010-12-09 10:04:00,1.25,15358.0,United Kingdom
578781,22602,RETROSPOT WOODEN HEART DECORATION,2,2011-11-25 11:54:00,0.85,15872.0,United Kingdom
519610,21452,TOADSTOOL MONEY BOX,6,2010-08-18 16:54:00,2.95,15494.0,United Kingdom
503713,21486,PINK HEART DOTS HOT WATER BOTTLE,4,2010-04-06 14:39:00,3.75,14265.0,Unspecified
526383,22076,6 RIBBONS EMPIRE  ,12,2010-10-11 12:33:00,1.65,14412.0,United Kingdom
546922,22041,"RECORD FRAME 7"" SINGLE SIZE ",48,2011-03-18 09:59:00,2.1,14110.0,United Kingdom
559506,22609,PENS ASSORTED SPACEBALL,17,2011-07-08 15:17:00,0.42,,United Kingdom
510772,22131,FOOD CONTAINER SET 3 LOVE HEART ,1,2010-06-03 14:02:00,4.21,,United Kingdom
567183,20679,EDWARDIAN PARASOL RED,1,2011-09-18 15:32:00,5.95,14769.0,United Kingdom
569407,21137,BLACK RECORD COVER FRAME,72,2011-10-04 09:12:00,3.39,15694.0,United Kingdom
538524,22973,CHILDREN'S CIRCUS PARADE MUG,1,2010-12-13 09:35:00,3.36,,United Kingdom
573347,23201,JUMBO BAG ALPHABET,3,2011-10-30 12:26:00,2.08,13137.0,United Kingdom
564754,20963,APPLE BATH SPONGE,1,2011-08-30 10:29:00,2.46,,United Kingdom
577156,22273,FELTCRAFT DOLL MOLLY,12,2011-11-18 09:57:00,2.95,13471.0,United Kingdom
533741,22603,CHRISTMAS RETROSPOT TREE WOOD,8,2010-11-18 14:07:00,0.85,15034.0,United Kingdom
518613,21498,RED SPOTS  WRAP ,25,2010-08-10 12:37:00,0.42,16713.0,United Kingdom
506224,47591B,SCOTTIES DES CHILD'S APRON,2,2010-04-28 11:55:00,1.66,,United Kingdom
575687,22141,CHRISTMAS CRAFT TREE TOP ANGEL,36,2011-11-10 16:03:00,2.1,16126.0,United Kingdom
532163,22041,"RECORD FRAME 7"" SINGLE SIZE ",48,2010-11-11 12:19:00,2.1,16210.0,United Kingdom
513335,22386,JUMBO BAG PINK WITH WHITE SPOTS,10,2010-06-24 09:49:00,1.95,17686.0,United Kingdom
559337,84991,60 TEATIME FAIRY CAKE CASES,2,2011-07-07 16:27:00,1.25,,United Kingdom
569715,21175,GIN + TONIC DIET METAL SIGN,12,2011-10-05 17:29:00,2.55,15856.0,United Kingdom
562024,21407,BROWN CHECK CAT DOORSTOP ,1,2011-08-01 16:07:00,8.29,,United Kingdom
506435,22312,OFFICE MUG WARMER POLKADOT,8,2010-04-29 15:34:00,4.95,12377.0,Switzerland
574353,22834,HAND WARMER BABUSHKA DESIGN,3,2011-11-04 10:46:00,2.1,14659.0,United Kingdom
562439,21915,RED  HARMONICA IN BOX ,240,2011-08-04 18:06:00,1.06,12931.0,United Kingdom
508039,84670,JAPANESE CROCHETED ANIMAL,24,2010-05-12 12:18:00,0.42,16898.0,United Kingdom
500126,48194,DOOR MAT HEARTS,10,2010-03-04 14:41:00,6.35,13881.0,United Kingdom
548757,22668,PINK BABY BUNTING,5,2011-04-04 12:31:00,2.95,17419.0,United Kingdom
553211,22501,PICNIC BASKET WICKER LARGE,2,2011-05-16 09:40:00,9.95,15358.0,United Kingdom
526645,22952,60 CAKE CASES VINTAGE CHRISTMAS,3,2010-10-12 13:33:00,0.55,17841.0,United Kingdom
533338,22712,CARD DOLLY GIRL ,2,2010-11-16 18:18:00,0.85,,United Kingdom
539731,22343,PARTY PIZZA DISH RED RETROSPOT,216,2010-12-21 15:05:00,0.21,14646.0,Netherlands
569672,23263,SET OF 3 WOODEN HEART DECORATIONS,2,2011-10-05 13:58:00,1.25,17841.0,United Kingdom
515609,21758,VINTAGE SHELLS PRINT,1,2010-07-13 15:44:00,12.72,,United Kingdom
568163,22907,PACK OF 20 NAPKINS PANTRY DESIGN,4,2011-09-25 12:34:00,0.85,14540.0,United Kingdom
550953,22858,EASTER TIN KEEPSAKE,3,2011-04-21 16:17:00,3.29,,United Kingdom
511105,22634,CHILDS BREAKFAST SET SPACEBOY ,2,2010-06-07 09:37:00,9.95,13815.0,Germany
562347,23243,SET OF TEA COFFEE SUGAR TINS PANTRY,1,2011-08-04 12:22:00,4.95,13263.0,United Kingdom
580876,22755,SMALL PURPLE BABUSHKA NOTEBOOK ,1,2011-12-06 12:12:00,0.21,14071.0,United Kingdom
557151,22382,LUNCH BAG SPACEBOY DESIGN ,1,2011-06-17 11:04:00,1.65,,United Kingdom
515439,84997B,RED 3 PIECE MINI DOTS CUTLERY SET,3,2010-07-12 14:52:00,3.75,,United Kingdom
553738,23199,JUMBO BAG APPLES,10,2011-05-19 08:55:00,2.08,17469.0,United Kingdom
500389,22057,CERAMIC PLATE STRAWBERRY DESIGN,96,2010-03-08 11:26:00,1.25,16029.0,United Kingdom
580729,20795,LARGE BLUE PROVENCAL CERAMIC BALL,1,2011-12-05 17:24:00,4.13,,United Kingdom
537769,20828,GLITTER BUTTERFLY CLIPS,1,2010-12-08 12:17:00,2.55,15021.0,United Kingdom
581215,20983,12 PENCILS TALL TUBE RED RETROSPOT,24,2011-12-08 09:05:00,0.85,13408.0,United Kingdom
494685,22297,HEART IVORY TRELLIS SMALL,7,2010-01-18 11:39:00,2.51,,United Kingdom
C551948,22303,COFFEE MUG APPLES DESIGN,-1,2011-05-05 11:21:00,2.1,17511.0,United Kingdom
518154,21977,PACK OF 60 PINK PAISLEY CAKE CASES,24,2010-08-05 09:28:00,0.55,14256.0,United Kingdom
579352,85136C,RED SHARK HELICOPTER,1,2011-11-29 11:48:00,7.95,,United Kingdom
564436,22174,PHOTO CUBE,2,2011-08-25 12:06:00,1.65,17841.0,United Kingdom
490074,15060B,FAIRY CAKE DESIGN UMBRELLA,1,2009-12-03 14:39:00,8.65,,United Kingdom
577484,23318,BOX OF 6 MINI VINTAGE CRACKERS,6,2011-11-20 11:52:00,2.49,13536.0,United Kingdom
536804,21484,CHICK GREY HOT WATER BOTTLE,36,2010-12-02 16:34:00,2.95,14031.0,United Kingdom
547049,48185,DOORMAT FAIRY CAKE,1,2011-03-20 11:56:00,7.95,17134.0,United Kingdom
574284,23322,LARGE WHITE HEART OF WICKER,12,2011-11-03 15:01:00,2.95,17644.0,United Kingdom
511328,22353,LUNCH BOX WITH CUTLERY FAIRY CAKES ,30,2010-06-08 10:06:00,2.55,13178.0,United Kingdom
573070,20726,LUNCH BAG WOODLAND,1,2011-10-27 13:59:00,1.65,13263.0,United Kingdom
552852,23206,LUNCH BAG APPLE DESIGN,3,2011-05-11 15:08:00,1.65,16712.0,United Kingdom
525221,22950,36 DOILIES VINTAGE CHRISTMAS,4,2010-10-04 12:51:00,2.98,,United Kingdom
497274,21777,RECIPE BOX WITH METAL HEART,2,2010-02-08 13:56:00,7.95,16781.0,United Kingdom
527398,22158,3 HEARTS HANGING DECORATION RUSTIC,2,2010-10-17 13:46:00,2.95,13820.0,United Kingdom
491966,90158,ST TROPEZ NECKLACE,1,2009-12-14 17:16:00,5.2,,United Kingdom
541676,22553,PLASTERS IN TIN SKULLS,12,2011-01-20 14:01:00,1.65,15379.0,United Kingdom
546857,21986,PACK OF 12 PINK POLKADOT TISSUES,12,2011-03-17 14:19:00,0.29,12937.0,United Kingdom
527420,85150,LADIES & GENTLEMEN METAL SIGN,1,2010-10-17 15:50:00,2.55,16549.0,United Kingdom
547666,22681,FRENCH BLUE METAL DOOR SIGN 6,10,2011-03-24 13:23:00,1.25,14235.0,United Kingdom
560504,21725,SWEETIES  STICKERS,12,2011-07-19 11:47:00,0.85,13081.0,United Kingdom
538171,21931,JUMBO STORAGE BAG SUKI,2,2010-12-09 20:01:00,1.95,17530.0,United Kingdom
569838,23282,FOLDING BUTTERFLY MIRROR IVORY ,12,2011-10-06 13:20:00,0.83,13504.0,United Kingdom
532935,21428,SET3 BOOK BOX GREEN GINGHAM FLOWER ,16,2010-11-15 12:06:00,3.75,16314.0,United Kingdom
558235,23198,PANTRY MAGNETIC  SHOPPING LIST,4,2011-06-27 14:41:00,1.45,16242.0,United Kingdom
524174,20666,ECONOMY HOLIDAY PURSE,400,2010-09-27 16:30:00,0.17,13687.0,United Kingdom
502889,21031,SPACE CADET BLACK,10,2010-03-29 11:38:00,1.06,17448.0,United Kingdom
570410,22233,JIGSAW RABBIT AND BIRDHOUSE,4,2011-10-10 13:04:00,0.59,16776.0,United Kingdom
553162,21279,VINTAGE KITCHEN PRINT FRUITS,1,2011-05-13 15:53:00,4.96,,United Kingdom
536030,72802C,VANILLA SCENT CANDLE JEWELLED BOX,6,2010-11-29 16:41:00,4.25,15828.0,United Kingdom
570249,21914,BLUE HARMONICA IN BOX ,12,2011-10-10 08:58:00,1.25,17509.0,United Kingdom
498444,21735,TWO DOOR CURIO CABINET,1,2010-02-19 09:52:00,25.49,,United Kingdom
531387,22423,REGENCY CAKESTAND 3 TIER,2,2010-11-08 09:20:00,25.49,,United Kingdom
575269,22994,TRAVEL CARD WALLET RETROSPOT,24,2011-11-09 12:08:00,0.42,17865.0,United Kingdom
526403,47563A,RETRO LONGBOARD IRONING BOARD COVER,1,2010-10-11 13:49:00,5.91,,United Kingdom
519009,20914,SET/5 RED SPOTTY LID GLASS BOWLS,4,2010-08-12 19:37:00,2.95,13291.0,United Kingdom
531489,21982,PACK OF 12 SUKI TISSUES ,1,2010-11-08 15:02:00,0.85,,United Kingdom
577507,22759,SET OF 3 NOTEBOOKS IN PARCEL,4,2011-11-20 12:42:00,1.65,14710.0,United Kingdom
573415,22158,3 HEARTS HANGING DECORATION RUSTIC,8,2011-10-30 16:17:00,2.95,13607.0,United Kingdom
570167,23295,SET OF 12 MINI LOAF BAKING CASES,8,2011-10-07 14:04:00,0.83,15615.0,United Kingdom
512285,47590B,PINK HAPPY BIRTHDAY BUNTING,1,2010-06-14 14:27:00,5.45,13069.0,United Kingdom
553879,23055,IVORY CHANDELIER T-LIGHT HOLDER,6,2011-05-19 15:15:00,6.25,15791.0,United Kingdom
568152,22139,RETROSPOT TEA SET CERAMIC 11 PC ,4,2011-09-25 11:40:00,4.95,16480.0,United Kingdom
571667,22551,PLASTERS IN TIN SPACEBOY,2,2011-10-18 13:04:00,1.65,14554.0,United Kingdom
552651,21001,ROSE DU SUD WASHBAG ,1,2011-05-10 14:09:00,5.95,16431.0,United Kingdom
528618,21174,POTTERING IN THE SHED METAL SIGN,1,2010-10-22 17:07:00,1.95,13263.0,United Kingdom
532306,22556,PLASTERS IN TIN CIRCUS PARADE ,1,2010-11-11 14:29:00,1.65,12637.0,France
543555,22192,BLUE DINER WALL CLOCK,2,2011-02-10 10:18:00,8.5,17686.0,United Kingdom
551197,23177,TREASURE ISLAND BOOK BOX,1,2011-04-27 11:26:00,2.25,14078.0,United Kingdom
577783,23296,SET OF 6 TEA TIME BAKING CASES,48,2011-11-21 16:20:00,1.25,18139.0,United Kingdom
576463,21793,CLASSIC FRENCH STYLE BASKET BROWN,1,2011-11-15 11:37:00,3.95,17974.0,United Kingdom
516730,21156,RETROSPOT CHILDRENS APRON,2,2010-07-22 13:39:00,1.95,17068.0,United Kingdom
579520,22340,NOEL GARLAND PAINTED ZINC ,2,2011-11-29 18:14:00,0.39,12748.0,United Kingdom
553891,23103,JINGLE BELL HEART DECORATION,24,2011-05-19 16:47:00,1.65,16839.0,United Kingdom
520098,22139,RETRO SPOT TEA SET CERAMIC 11 PC ,24,2010-08-24 11:41:00,4.25,16133.0,United Kingdom
512532,85227,SET OF 6 3D KIT CARDS FOR KIDS,36,2010-06-16 12:01:00,0.85,16253.0,United Kingdom
578125,23203,JUMBO BAG VINTAGE DOILY ,100,2011-11-23 10:31:00,1.79,17511.0,United Kingdom
560779,21272,SALLE DE BAIN HOOK,1,2011-07-21 09:30:00,2.46,,United Kingdom
563112,22149,FELTCRAFT 6 FLOWER FRIENDS,6,2011-08-12 11:09:00,2.1,14849.0,United Kingdom
C499867,79072,TEATIME CAKE TIN WITH HANDLE,-1,2010-03-02 17:20:00,9.95,14831.0,United Kingdom
533973,22086,PAPER CHAIN KIT 50'S CHRISTMAS ,6,2010-11-19 13:21:00,2.95,15421.0,United Kingdom
556778,23201,JUMBO BAG ALPHABET,1,2011-06-14 12:41:00,2.08,16712.0,United Kingdom
563193,85061W,WHITE JEWELLED HEART DECORATION,12,2011-08-12 16:30:00,1.63,,United Kingdom
C493191,20871,OPULENT VELVET SET/3 CANDLES,-1,2009-12-22 13:13:00,2.1,15581.0,United Kingdom
572035,22625,RED KITCHEN SCALES,36,2011-10-20 12:03:00,7.65,14646.0,Netherlands
500462,22381,TOY TIDY PINK RETROSPOT  ,2,2010-03-08 12:40:00,4.21,,United Kingdom
525036,22186,RED STAR CARD HOLDER,6,2010-10-03 12:34:00,2.95,14310.0,United Kingdom
553879,21535,RED RETROSPOT SMALL MILK JUG,6,2011-05-19 15:15:00,2.55,15791.0,United Kingdom
515809,20723,STRAWBERRY CHARLOTTE BAG,1,2010-07-14 17:13:00,1.66,,United Kingdom
577540,23395,BELLE JARDINIERE CUSHION COVER,2,2011-11-20 14:28:00,3.75,14984.0,United Kingdom
526924,22444,GROW YOUR OWN PLANT IN A CAN ,24,2010-10-13 16:58:00,1.25,17180.0,United Kingdom
507235,22343,PARTY PIZZA DISH RED RETROSPOT,24,2010-05-07 09:04:00,0.72,14298.0,United Kingdom
523175,84905,PINK BUTTERFLY CUSHION COVER ,1,2010-09-20 16:03:00,5.06,,United Kingdom
507369,21844,RED RETROSPOT MUG,6,2010-05-07 17:49:00,2.95,17400.0,United Kingdom
547385,84678,CLASSICAL ROSE SMALL VASE,1,2011-03-22 15:48:00,4.96,,United Kingdom
491170,22196,SMALL HEART MEASURING SPOONS,1,2009-12-10 11:27:00,0.85,17861.0,United Kingdom
504831,21713,CITRONELLA CANDLE FLOWERPOT,4,2010-04-16 13:35:00,2.1,17913.0,United Kingdom
554097,23054,RECYCLED ACAPULCO MAT LAVENDER,2,2011-05-22 13:01:00,8.25,12567.0,France
534162,22071,SMALL WHITE RETROSPOT MUG IN BOX ,6,2010-11-21 12:59:00,3.75,15155.0,United Kingdom
504742,84987,SET OF 36 TEATIME PAPER DOILIES,12,2010-04-16 11:35:00,1.45,15979.0,United Kingdom
555406,23154,SET OF 4 JAM JAR MAGNETS,2,2011-06-02 19:50:00,2.08,17231.0,United Kingdom
545901,21841,BABY MOUSE RED GINGHAM DRESS,1,2011-03-07 17:52:00,4.25,15834.0,United Kingdom
559824,21192,WHITE BELL HONEYCOMB PAPER ,2,2011-07-12 17:23:00,1.65,17576.0,United Kingdom
540120,21754,HOME BUILDING BLOCK WORD,12,2011-01-05 10:08:00,5.95,17675.0,United Kingdom
580697,23225,CHERUB HEART DECORATION SILVER ,15,2011-12-05 16:05:00,0.83,15984.0,United Kingdom
527249,22750,FELTCRAFT PRINCESS LOLA DOLL,1,2010-10-15 12:28:00,3.75,15571.0,United Kingdom
526889,85049E,SCANDINAVIAN REDS RIBBONS,10,2010-10-13 14:39:00,1.25,14667.0,United Kingdom
547063,84596B,SMALL DOLLY MIX DESIGN ORANGE BOWL,8,2011-03-20 13:33:00,0.42,14769.0,United Kingdom
551997,22699,ROSES REGENCY TEACUP AND SAUCER ,1,2011-05-05 15:47:00,5.79,,United Kingdom
554275,22898,CHILDRENS APRON APPLES DESIGN,2,2011-05-23 13:17:00,1.95,14903.0,United Kingdom
563169,22699,ROSES REGENCY TEACUP AND SAUCER ,12,2011-08-12 12:42:00,2.95,14911.0,EIRE
546883,22824,3 TIER SWEETHEART GARDEN SHELF,1,2011-03-17 18:03:00,35.95,13707.0,United Kingdom
539760,22837,HOT WATER BOTTLE BABUSHKA ,4,2010-12-21 17:16:00,4.65,17400.0,United Kingdom
575176,23541,WALL ART CLASSIC PUDDINGS ,1,2011-11-08 18:29:00,16.63,,United Kingdom
537865,21669,BLUE STRIPE CERAMIC DRAWER KNOB,6,2010-12-08 16:34:00,1.25,16011.0,United Kingdom
567892,23174,REGENCY SUGAR BOWL GREEN,4,2011-09-22 15:51:00,4.15,15394.0,United Kingdom
546752,22326,ROUND SNACK BOXES SET OF4 WOODLAND ,6,2011-03-16 12:55:00,2.95,13299.0,United Kingdom
555647,23170,REGENCY TEA PLATE ROSES ,12,2011-06-06 13:43:00,1.65,12957.0,United Kingdom
568719,22449,SILK PURSE BABUSHKA PINK,1,2011-09-28 16:19:00,2.46,,United Kingdom
543182,22259,FELT FARM ANIMAL HEN,1,2011-02-04 10:40:00,2.46,,United Kingdom
532030,22616,PACK OF 12 LONDON TISSUES ,12,2010-11-10 13:23:00,0.29,14399.0,United Kingdom
496882,22383,LUNCH BAG SUKI  DESIGN ,1,2010-02-04 14:13:00,1.65,15167.0,United Kingdom
520512,21892,TRADITIONAL WOODEN CATCH CUP GAME ,12,2010-08-26 13:23:00,1.25,12802.0,Netherlands
528741,22381,TOY TIDY PINK POLKADOT,3,2010-10-24 14:08:00,2.1,15665.0,United Kingdom
495575,84459B,YELLOW METAL CHICKEN HEART ,12,2010-01-26 08:44:00,1.49,13650.0,United Kingdom
553021,21621,VINTAGE UNION JACK BUNTING,12,2011-05-12 19:22:00,8.5,18172.0,United Kingdom
519934,22028,PENNY FARTHING BIRTHDAY CARD,12,2010-08-22 16:08:00,0.42,16770.0,United Kingdom
560024,22066,LOVE HEART TRINKET POT,6,2011-07-14 13:00:00,0.39,15005.0,United Kingdom
537666,21167,WHITE SAGE INCENSE,3,2010-12-07 18:36:00,0.43,,United Kingdom
546896,90211B,JET BLACK LAS VEGAS NECKLACE 45CM,1,2011-03-17 18:24:00,5.82,,United Kingdom
536532,22962,JAM JAR WITH PINK LID,12,2010-12-01 13:24:00,0.85,12433.0,Norway
559034,84997D,CHILDRENS CUTLERY POLKADOT PINK,4,2011-07-05 14:56:00,4.15,13109.0,United Kingdom
560570,23293,SET OF 12 FAIRY CAKE BAKING CASES,8,2011-07-19 14:28:00,0.83,16112.0,United Kingdom
514503,72796B,S/3 FRENCH VANILLA SQU CANDLE,2,2010-07-04 11:16:00,1.65,15443.0,United Kingdom
536544,22111,SCOTTIE DOG HOT WATER BOTTLE,2,2010-12-01 14:32:00,11.02,,United Kingdom
550906,72232,FENG SHUI PILLAR CANDLE,48,2011-04-21 12:34:00,0.19,14298.0,United Kingdom
572225,22738,RIBBON REEL SNOWY VILLAGE,10,2011-10-21 13:50:00,1.65,13157.0,United Kingdom
502436,21121,SET/10 RED SPOTTY PARTY CANDLES,2,2010-03-24 13:08:00,1.25,16002.0,United Kingdom
577489,85014B,RED RETROSPOT UMBRELLA,1,2011-11-20 12:07:00,5.95,,United Kingdom
533488,47566,PARTY BUNTING,5,2010-11-17 13:12:00,4.65,13875.0,United Kingdom
501369,22071,SMALL RETRO SPOT MUG IN BOX  WHITE,4,2010-03-16 10:58:00,3.75,17243.0,United Kingdom
490963,21874,GIN AND TONIC MUG,2,2009-12-08 15:49:00,3.43,,United Kingdom
550637,23199,JUMBO BAG APPLES,2,2011-04-19 15:39:00,2.08,14415.0,United Kingdom
534289,22904,CALENDAR PAPER CUT DESIGN,2,2010-11-22 11:25:00,5.91,,United Kingdom
498571,85096,HILDA CANDY SPOT RABBIT,2,2010-02-21 12:57:00,3.75,15774.0,United Kingdom
541684,22629,SPACEBOY LUNCH BOX ,3,2011-01-20 15:22:00,1.95,15498.0,United Kingdom
519944,22698,PINK REGENCY TEACUP AND SAUCER,6,2010-08-23 10:24:00,2.95,16168.0,United Kingdom
557019,21871,SAVE THE PLANET MUG,1,2011-06-16 12:45:00,1.25,15907.0,United Kingdom
544434,22659,LUNCH BOX I LOVE LONDON,1,2011-02-18 16:12:00,4.13,,United Kingdom
579432,48188,DOORMAT WELCOME PUPPIES,1,2011-11-29 13:12:00,8.25,15311.0,United Kingdom
541596,22804,CANDLEHOLDER PINK HANGING HEART,9,2011-01-19 16:19:00,2.95,17602.0,United Kingdom
532143,22110,BIRD HOUSE HOT WATER BOTTLE,2,2010-11-11 11:44:00,2.55,16782.0,United Kingdom
566087,22273,FELTCRAFT DOLL MOLLY,6,2011-09-09 10:24:00,2.95,13319.0,United Kingdom
490527,85049A,TRADITIONAL CHRISTMAS RIBBONS,12,2009-12-06 15:46:00,1.25,14940.0,United Kingdom
547841,22293,HANGING CHICK GREEN DECORATION,1,2011-03-27 11:02:00,1.45,16923.0,United Kingdom
533625,21488,RED WHITE SCARF  HOT WATER BOTTLE,192,2010-11-18 12:50:00,3.45,13864.0,United Kingdom
573274,23205,CHARLOTTE BAG VINTAGE ALPHABET ,4,2011-10-28 13:10:00,2.46,,United Kingdom
558371,21670,BLUE SPOT CERAMIC DRAWER KNOB,2,2011-06-28 15:44:00,3.29,,United Kingdom
519518,85049A,TRADITIONAL CHRISTMAS RIBBONS,12,2010-08-18 09:47:00,1.25,15416.0,United Kingdom
578516,22460,EMBOSSED GLASS TEALIGHT HOLDER,12,2011-11-24 13:53:00,1.25,14591.0,United Kingdom
578757,22809,SET OF 6 T-LIGHTS SANTA,1,2011-11-25 11:41:00,2.95,12748.0,United Kingdom
544931,22822,CREAM WALL PLANTER HEART SHAPED,16,2011-02-24 18:59:00,4.95,13501.0,Switzerland
542692,22189,CREAM HEART CARD HOLDER,3,2011-01-31 12:35:00,3.95,14467.0,United Kingdom
509743,21055,TOOL BOX SOFT TOY ,1,2010-05-25 13:21:00,8.95,17841.0,United Kingdom
495237,47591D,PINK FAIRY CAKE CHILD'S APRON,8,2010-01-22 09:44:00,1.95,17160.0,United Kingdom
501845,47556B,TEA TIME TEA TOWELS ,2,2010-03-21 10:25:00,2.95,17920.0,United Kingdom
532810,22560,TRADITIONAL MODELLING CLAY,4,2010-11-14 15:23:00,1.25,17545.0,United Kingdom
573035,23494,VINTAGE DOILY DELUXE SEWING KIT ,3,2011-10-27 13:43:00,5.95,12433.0,Norway
531247,85152,HAND OVER THE CHOCOLATE   SIGN ,6,2010-11-07 10:57:00,2.1,16923.0,United Kingdom
546884,22335,HEART DECORATION PAINTED ZINC ,6,2011-03-17 18:08:00,1.25,,United Kingdom
545590,85177,BASKET OF FLOWERS SEWING KIT,12,2011-03-04 10:24:00,0.85,15220.0,United Kingdom
531863,85185B,PINK HORSE SOCK PUPPET,2,2010-11-10 10:50:00,2.95,13671.0,United Kingdom
572913,22950,SET OF 36 VINTAGE CHRISTMAS DOILIES,8,2011-10-26 16:21:00,1.45,15993.0,United Kingdom
580772,21136,PAINTED METAL PEARS ASSORTED,8,2011-12-06 11:00:00,1.69,15992.0,United Kingdom
536874,22866,HAND WARMER SCOTTY DOG DESIGN,1,2010-12-03 11:35:00,2.1,16891.0,United Kingdom
495365,21985,PACK OF 12 HEARTS DESIGN TISSUES ,5,2010-01-24 12:15:00,0.29,14701.0,United Kingdom
504928,85199S,SMALL HANGING IVORY/RED WOOD BIRD,3,2010-04-19 10:59:00,0.81,,United Kingdom
561917,85152,HAND OVER THE CHOCOLATE   SIGN ,1,2011-08-01 11:57:00,2.1,16904.0,United Kingdom
552508,22605,WOODEN CROQUET GARDEN SET,1,2011-05-09 16:27:00,24.96,,United Kingdom
510983,90122A,PINK CRYSTAL+GLASS BRACELET,1,2010-06-04 12:23:00,5.09,,United Kingdom
573360,23534,WALL ART STOP FOR TEA ,1,2011-10-30 12:51:00,5.95,15748.0,United Kingdom
511095,84879,ASSORTED COLOUR BIRD ORNAMENT,8,2010-06-06 15:47:00,1.69,14249.0,United Kingdom
C524165,M,Manual,-1,2010-09-27 16:21:00,2769.9,,United Kingdom
573338,23469,CARD HOLDER LOVE BIRD SMALL,2,2011-10-30 11:47:00,4.15,14546.0,United Kingdom
506448,22516,CHILDS GARDEN RAKE BLUE,1,2010-04-29 17:57:00,2.1,17463.0,United Kingdom
509533,21329,DINOSAURS  WRITING SET ,1,2010-05-24 12:01:00,3.36,,United Kingdom
578344,21935,SUKI  SHOULDER BAG,12,2011-11-24 09:21:00,1.63,,United Kingdom
529159,22470,HEART OF WICKER LARGE,4,2010-10-26 17:00:00,2.95,13571.0,United Kingdom
522074,22571,ROCKING HORSE RED CHRISTMAS ,2,2010-09-12 10:49:00,0.85,12872.0,United Kingdom
559297,21231,SWEETHEART CERAMIC TRINKET BOX,12,2011-07-07 12:36:00,1.25,16743.0,United Kingdom
571475,23536,WALL ART VILLAGE SHOW ,2,2011-10-17 14:42:00,5.95,15033.0,United Kingdom
557938,21086,SET/6 RED SPOTTY PAPER CUPS,6,2011-06-23 15:35:00,1.63,,United Kingdom
536977,22952,60 CAKE CASES VINTAGE CHRISTMAS,7,2010-12-03 14:18:00,0.55,17954.0,United Kingdom
537133,22150,3 STRIPEY MICE FELTCRAFT,1,2010-12-05 12:29:00,1.95,18156.0,United Kingdom
559824,23183,MOTHER'S KITCHEN SPOON REST ,2,2011-07-12 17:23:00,3.75,17576.0,United Kingdom
521765,22200,FRYING PAN PINK POLKADOT ,8,2010-09-08 11:54:00,4.25,12471.0,Germany
512132,71459,HANGING JAM JAR T-LIGHT HOLDER,96,2010-06-14 10:48:00,0.72,13799.0,United Kingdom
548666,22364,GLASS JAR DIGESTIVE BISCUITS,3,2011-04-01 14:58:00,2.95,13124.0,United Kingdom
501142,22582,PACK OF 6 SWEETIE GIFT BOXES,1,2010-03-14 12:24:00,2.55,17332.0,United Kingdom
566790,23307,SET OF 60 PANTRY DESIGN CAKE CASES ,120,2011-09-15 10:35:00,0.42,17679.0,United Kingdom
537239,84879,ASSORTED COLOUR BIRD ORNAMENT,8,2010-12-06 10:05:00,1.69,18219.0,United Kingdom
577778,71477,COLOURED GLASS STAR T-LIGHT HOLDER,1,2011-11-21 16:10:00,3.95,16549.0,United Kingdom
512072,82482,WOODEN PICTURE FRAME WHITE FINISH,2,2010-06-13 11:39:00,2.55,13619.0,United Kingdom
571883,21807,WHITE CHRISTMAS STAR DECORATION,10,2011-10-19 13:58:00,0.42,14704.0,United Kingdom
495940,21988,PACK OF 6 SKULL PAPER PLATES,10,2010-01-27 16:00:00,0.85,18016.0,United Kingdom
542618,21034,REX CASH+CARRY JUMBO SHOPPER,1,2011-01-30 15:52:00,0.95,14502.0,United Kingdom
502880,22045,SPACEBOY GIFT WRAP,25,2010-03-29 10:37:00,0.42,17994.0,United Kingdom
508733,21174,POTTERING IN THE SHED METAL SIGN,12,2010-05-18 10:34:00,1.95,15622.0,United Kingdom
510157,22222,CAKE PLATE LOVEBIRD WHITE,2,2010-05-27 13:34:00,4.95,13715.0,United Kingdom
581217,23313,VINTAGE CHRISTMAS BUNTING,1,2011-12-08 09:20:00,10.79,,United Kingdom
566446,22301,COFFEE MUG CAT + BIRD DESIGN,1,2011-09-12 15:40:00,4.96,,United Kingdom
565233,21900,"KEY FOB , SHED",1,2011-09-02 09:34:00,1.63,,United Kingdom
546261,23177,TREASURE ISLAND BOOK BOX,2,2011-03-10 15:01:00,2.25,17841.0,United Kingdom
552662,20711,JUMBO BAG TOYS ,1,2011-05-10 15:04:00,4.13,,United Kingdom
551824,16235,RECYCLED PENCIL WITH RABBIT ERASER,60,2011-05-04 12:32:00,0.21,15128.0,United Kingdom
581020,85123A,WHITE HANGING HEART T-LIGHT HOLDER,64,2011-12-07 10:12:00,2.55,17511.0,United Kingdom
513495,22526,WHEELBARROW FOR CHILDREN ,1,2010-06-25 10:11:00,12.75,16161.0,United Kingdom
525951,72008,FROSTED BOX 9 WHITE T-LIGHT CANDLES,4,2010-10-07 18:48:00,0.42,14998.0,United Kingdom
575930,22065,CHRISTMAS PUDDING TRINKET POT ,1,2011-11-11 17:58:00,1.63,,United Kingdom
493882,21494,ROTATING LEAVES T-LIGHT HOLDER,24,2010-01-08 10:02:00,2.55,15586.0,United Kingdom
553523,20725,LUNCH BAG RED RETROSPOT,6,2011-05-17 14:46:00,4.96,,United Kingdom
493183,21243,PINK  SPOTTY PLATE ,16,2009-12-22 12:03:00,1.69,12440.0,Austria
561037,21731,RED TOADSTOOL LED NIGHT LIGHT,12,2011-07-24 11:55:00,1.65,12472.0,Germany
520018,35648,VINTAGE BEAD PINK PURSE ,3,2010-08-23 11:58:00,2.95,18140.0,West Indies
579439,23339,EGG FRYING PAN BLUE ,12,2011-11-29 13:29:00,2.08,13426.0,United Kingdom
492775,20914,SET/5 RED SPOTTY LID GLASS BOWLS,6,2009-12-18 15:57:00,2.95,16592.0,United Kingdom
539240,85169D,PINK LOVE BIRD CANDLE,12,2010-12-16 13:15:00,1.25,15194.0,United Kingdom
553838,23256,CHILDRENS CUTLERY SPACEBOY ,4,2011-05-19 12:10:00,4.15,12620.0,France
541430,22435,SET OF 9 HEART SHAPED BALLOONS,60,2011-01-18 09:50:00,1.25,12356.0,Portugal
567809,23014,GLASS APOTHECARY BOTTLE ELIXIR,4,2011-09-22 12:29:00,3.95,13804.0,United Kingdom
505880,48116,DOOR MAT MULTICOLOUR STRIPE,1,2010-04-26 13:34:00,13.57,,United Kingdom
542536,48187,DOORMAT NEW ENGLAND,2,2011-01-28 13:37:00,12.46,,United Kingdom
502419,21026,SPACE OWL,1,2010-03-24 12:15:00,1.25,16300.0,United Kingdom
490286,21624,VINTAGE UNION JACK DOORSTOP,2,2009-12-04 12:59:00,5.95,14527.0,United Kingdom
509460,79160,HEART SHAPE WIRELESS DOORBELL,6,2010-05-24 10:44:00,2.1,12759.0,Netherlands
540848,21122,SET/10 PINK POLKADOT PARTY CANDLES,3,2011-01-12 09:26:00,2.51,,United Kingdom
515763,84795C,OCEAN STRIPE HAMMOCK ,2,2010-07-14 13:55:00,7.95,14606.0,United Kingdom
555815,20725,LUNCH BAG RED RETROSPOT,10,2011-06-07 11:47:00,1.65,13089.0,United Kingdom
567485,22991,GIRAFFE WOODEN RULER,3,2011-09-20 13:52:00,1.95,15026.0,United Kingdom
581219,22549,PICTURE DOMINOES,2,2011-12-08 09:28:00,3.29,,United Kingdom
528627,84670,JAPANESE CROCHETED ANIMAL,12,2010-10-24 11:14:00,0.42,16746.0,United Kingdom
548621,22967,SET 3 SONG BIRD PAPER EGGS ASSORTED,2,2011-04-01 11:54:00,2.95,16960.0,United Kingdom
553389,21071,VINTAGE BILLBOARD DRINK ME MUG,2,2011-05-16 16:37:00,2.46,,United Kingdom
495343,90163A,PINK ROSEBUD & PEARL NECKLACE,6,2010-01-22 18:05:00,7.64,,United Kingdom
569211,90010E,AMBER GLASS/SILVER BRACELET,2,2011-10-02 12:04:00,8.95,15774.0,United Kingdom
562085,23014,GLASS APOTHECARY BOTTLE ELIXIR,4,2011-08-02 12:27:00,3.95,15228.0,United Kingdom
571445,23426,METAL SIGN DROP YOUR PANTS,6,2011-10-17 13:44:00,2.89,12463.0,Belgium
551517,22551,PLASTERS IN TIN SPACEBOY,2,2011-05-01 11:14:00,1.65,16931.0,United Kingdom
554098,22469,HEART OF WICKER SMALL,1,2011-05-22 13:01:00,1.65,14769.0,United Kingdom
573338,23209,LUNCH BAG VINTAGE DOILY ,1,2011-10-30 11:47:00,1.65,14546.0,United Kingdom
540848,22257,FELT FARM ANIMAL SHEEP,4,2011-01-12 09:26:00,0.85,,United Kingdom
527372,85123A,WHITE HANGING HEART T-LIGHT HOLDER,3,2010-10-17 12:06:00,2.95,15688.0,United Kingdom
552265,22750,FELTCRAFT PRINCESS LOLA DOLL,1,2011-05-08 11:41:00,3.75,14161.0,United Kingdom
567310,21470,FLOWER VINE RAFFIA FOOD COVER,2,2011-09-19 13:45:00,3.75,15504.0,United Kingdom
581502,22153,ANGEL DECORATION STARS ON DRESS,13,2011-12-09 10:51:00,0.42,15910.0,United Kingdom
565794,85099B,JUMBO BAG RED RETROSPOT,100,2011-09-07 09:45:00,1.79,16029.0,United Kingdom
523305,21866,UNION JACK FLAG LUGGAGE TAG,1,2010-09-21 12:49:00,1.25,12751.0,Brazil
516698,85123a,WHITE HANGING HEART T-LIGHT HOLDER,1,2010-07-22 12:08:00,5.91,,United Kingdom
545581,22084,PAPER CHAIN KIT EMPIRE,40,2011-03-04 09:03:00,2.55,,United Kingdom
501161,17091J,VANILLA INCENSE IN TIN,1,2010-03-15 09:28:00,2.51,,United Kingdom
574478,21724,PANDA AND BUNNIES STICKER SHEET,29,2011-11-04 12:27:00,0.85,17203.0,United Kingdom
527062,22604,SET OF 4 NAPKIN CHARMS CUTLERY,6,2010-10-14 13:38:00,2.55,15735.0,United Kingdom
512435,22502,PICNIC BASKET WICKER SMALL,11,2010-06-15 15:54:00,8.47,,United Kingdom
522987,35972,DAISY FOLKART HEART DECORATION,4,2010-09-19 14:51:00,1.25,17625.0,United Kingdom
549665,84997D,CHILDRENS CUTLERY POLKADOT PINK,5,2011-04-11 12:17:00,4.15,14541.0,United Kingdom
517552,20727,LUNCH BAG  BLACK SKULL.,2,2010-07-29 18:49:00,1.65,13969.0,United Kingdom
554795,23284,DOORMAT KEEP CALM AND COME IN,2,2011-05-26 12:46:00,7.95,14210.0,United Kingdom
537670,82582,AREA PATROLLED METAL SIGN,12,2010-12-08 09:07:00,2.1,13078.0,United Kingdom
527277,79321,CHILLI LIGHTS,3,2010-10-15 13:21:00,4.95,16779.0,United Kingdom
524118,22909,SET OF 20 VINTAGE CHRISTMAS NAPKINS,36,2010-09-27 13:58:00,0.85,15123.0,United Kingdom
512946,21889,WOODEN BOX OF DOMINOES,4,2010-06-20 15:32:00,1.25,17625.0,United Kingdom
562517,21990,MODERN FLORAL STATIONERY SET,2,2011-08-05 12:27:00,1.25,15719.0,United Kingdom
C525954,21843,RED RETROSPOT CAKE STAND,-1,2010-10-07 19:27:00,10.95,12472.0,Germany
C530994,85199L,LARGE HANGING IVORY & RED WOOD BIRD,-2,2010-11-05 11:05:00,0.65,12476.0,Germany
576200,22562,MONSTERS STENCIL CRAFT,2,2011-11-14 12:14:00,1.25,15572.0,United Kingdom
534394,22910,PAPER CHAIN KIT VINTAGE CHRISTMAS,4,2010-11-22 13:09:00,2.95,13571.0,United Kingdom
536617,21125,SET 6 FOOTBALL CELEBRATION CANDLES,12,2010-12-02 10:17:00,1.25,13941.0,United Kingdom
536592,22713,CARD I LOVE LONDON ,4,2010-12-01 17:06:00,0.85,,United Kingdom
C490807,22064,PINK DOUGHNUT TRINKET POT ,-24,2009-12-08 12:25:00,1.65,13091.0,United Kingdom
526724,20974,12 PENCILS SMALL TUBE SKULL,6,2010-10-12 17:22:00,0.65,13909.0,United Kingdom
557595,22920,HERB MARKER BASIL,5,2011-06-21 11:19:00,0.65,15507.0,United Kingdom
551995,22878,NUMBER TILE COTTAGE GARDEN No,1,2011-05-05 15:42:00,4.13,,United Kingdom
520192,84832,ZINC WILLIE WINKIE  CANDLE STICK,24,2010-08-24 14:46:00,0.85,14766.0,United Kingdom
531773,22813,PACK 3 BOXES BIRD PANNETONE ,1,2010-11-09 14:38:00,1.95,15678.0,United Kingdom
520861,21137,BLACK RECORD COVER FRAME,2,2010-08-31 13:57:00,3.75,13714.0,United Kingdom
532764,22866,HAND WARMER SCOTTY DOG DESIGN,1,2010-11-14 14:07:00,2.1,14684.0,United Kingdom
489875,35471A,SET OF 3 BIRD L.BLUE FEATHER,12,2009-12-02 15:41:00,1.25,17841.0,United Kingdom
544316,22024,RAINY LADIES BIRTHDAY CARD,12,2011-02-17 14:49:00,0.42,16556.0,United Kingdom
560445,23124,18PC WOODEN CUTLERY SET DISPOSABLE,80,2011-07-19 09:08:00,1.25,14156.0,EIRE
562264,21718,RED METAL BEACH SPADE ,3,2011-08-03 16:14:00,2.46,,United Kingdom
556415,23049,RECYCLED ACAPULCO MAT RED,6,2011-06-10 12:19:00,8.25,12409.0,Switzerland
534714,22737,RIBBON REEL CHRISTMAS PRESENT ,2,2010-11-23 17:31:00,1.65,15965.0,United Kingdom
570871,90214A,"LETTER ""A"" BLING KEY RING",1,2011-10-12 16:36:00,0.83,,United Kingdom
510483,21914,BLUE HARMONICA IN BOX ,1,2010-06-01 11:27:00,1.25,16960.0,United Kingdom
554511,22948,METAL DECORATION NAUGHTY CHILDREN ,1,2011-05-24 15:52:00,6.63,,United Kingdom
517224,82482,WOODEN PICTURE FRAME WHITE FINISH,6,2010-07-27 12:44:00,2.55,13161.0,United Kingdom
547689,79191B,RETRO PLASTIC POLKA TRAY,2,2011-03-24 14:55:00,0.85,17757.0,United Kingdom
567183,22082,RIBBON REEL STRIPES DESIGN ,2,2011-09-18 15:32:00,1.65,14769.0,United Kingdom
C492926,21275,ZINC TOP  2 DOOR WOODEN SHELF ,-1,2009-12-21 12:16:00,16.95,13641.0,United Kingdom
503522,21759,,-8,2010-04-01 13:09:00,0.0,,United Kingdom
490526,21477,STRING OF 20 ROSE LIGHTS,3,2009-12-06 15:41:00,12.75,17858.0,United Kingdom
524613,22624,IVORY KITCHEN SCALES,2,2010-09-30 09:39:00,8.5,14004.0,United Kingdom
506122,22381,TOY TIDY PINK RETROSPOT  ,8,2010-04-27 14:11:00,2.1,13048.0,United Kingdom
570465,22905,CALENDAR IN SEASON DESIGN,3,2011-10-10 16:02:00,2.46,,United Kingdom
529315,22136,LOVE HEART SOCK HANGER,24,2010-10-27 13:29:00,1.65,14911.0,EIRE
567875,21648,ASSORTED TUTTI FRUTTI SMALL PURSE,24,2011-09-22 14:29:00,1.25,16348.0,United Kingdom
537612,84945,MULTI COLOUR SILVER T-LIGHT HOLDER,12,2010-12-07 13:28:00,0.85,13769.0,United Kingdom
548208,21746,SMALL RED RETROSPOT WINDMILL,12,2011-03-29 17:12:00,1.25,14189.0,United Kingdom
567635,23202,JUMBO BAG VINTAGE LEAF,20,2011-09-21 13:41:00,2.08,16523.0,United Kingdom
497208,37503,TEA TIME CAKE STAND IN GIFT BOX,5,2010-02-07 12:16:00,10.75,15584.0,United Kingdom
511992,20996,JAZZ HEARTS ADDRESS BOOK,24,2010-06-11 15:20:00,0.42,17738.0,United Kingdom
511051,22402,MAGNETS PACK OF 4 VINTAGE COLLAGE,2,2010-06-06 12:13:00,1.25,12911.0,United Kingdom
501705,22084,PAPER CHAIN KIT EMPIRE,6,2010-03-19 09:53:00,2.95,17838.0,United Kingdom
515096,22430,ENAMEL WATERING CAN CREAM,4,2010-07-08 11:44:00,4.95,16539.0,United Kingdom
497933,21099,SET/6 STRAWBERRY PAPER CUPS,96,2010-02-15 10:33:00,0.65,16422.0,United Kingdom
508483,20960,WATERMELON BATH SPONGE,2,2010-05-16 12:51:00,1.25,17841.0,United Kingdom
534217,85099F,JUMBO BAG STRAWBERRY,20,2010-11-21 16:10:00,1.95,13658.0,United Kingdom
538514,48111,DOORMAT 3 SMILEY CATS,2,2010-12-12 14:27:00,7.95,15044.0,United Kingdom
577355,22940,FELTCRAFT CHRISTMAS FAIRY,4,2011-11-18 15:53:00,4.25,14911.0,EIRE
529598,82599,FANNY'S REST STOPMETAL SIGN,12,2010-10-29 09:36:00,2.1,13078.0,United Kingdom
531382,20893,HANGING BAUBLE T-LIGHT HOLDER SMALL,3,2010-11-07 16:29:00,2.55,16549.0,United Kingdom
553507,21592,RETROSPOT CIGAR BOX MATCHES ,4,2011-05-17 13:35:00,1.25,17220.0,United Kingdom
549587,21318,GLASS CHALICE BLUE SMALL ,36,2011-04-11 10:01:00,0.39,15737.0,United Kingdom
567333,22356,CHARLOTTE BAG PINK POLKADOT,10,2011-09-19 14:55:00,0.85,14282.0,United Kingdom
554994,21901,"KEY FOB , BACK DOOR ",1,2011-05-29 14:18:00,0.65,14606.0,United Kingdom
514218,48129,DOORMAT TOPIARY,2,2010-07-01 08:57:00,7.49,14911.0,EIRE
528434,22753,SMALL YELLOW BABUSHKA NOTEBOOK ,24,2010-10-22 10:29:00,0.85,16161.0,United Kingdom
492421,21066,VINTAGE RED MUG,1,2009-12-16 17:40:00,1.25,17402.0,United Kingdom
501802,21289,LARGE STRIPES CHOCOLATE GIFT BAG,1,2010-03-19 13:53:00,1.25,,United Kingdom
C520725,22371,AIRLINE BAG VINTAGE TOKYO 78,-1,2010-08-29 15:40:00,6.35,16755.0,United Kingdom
570872,23196,VINTAGE LEAF MAGNETIC NOTEPAD,2,2011-10-12 16:40:00,3.29,,United Kingdom
499640,21299,EDWARDIAN TOILET ROLL UNIT ,48,2010-03-01 13:57:00,3.95,15291.0,United Kingdom
517124,22030,SWALLOWS GREETING CARD,12,2010-07-27 09:38:00,0.42,12801.0,Sweden
558679,22383,LUNCH BAG SUKI DESIGN ,3,2011-07-01 10:58:00,1.65,17800.0,United Kingdom
539181,20685,DOORMAT RED RETROSPOT,1,2010-12-16 11:51:00,7.95,12748.0,United Kingdom
541422,22586,FELTCRAFT HAIRBAND PINK AND BLUE,1,2011-01-17 17:48:00,1.63,,United Kingdom
498045,21907,I'M ON HOLIDAY METAL SIGN,48,2010-02-16 10:41:00,1.85,16584.0,United Kingdom
491049,20717,STRAWBERRY SHOPPER BAG,10,2009-12-09 10:41:00,1.25,14135.0,United Kingdom
525410,22867,HAND WARMER BIRD DESIGN,2,2010-10-05 12:37:00,2.1,16393.0,United Kingdom
490470,22095,LADS ONLY TISSUE BOX,3,2009-12-06 12:26:00,1.25,16395.0,United Kingdom
533301,90186A,AMETHYST HOOP EARRING FLORAL LEAF,1,2010-11-16 16:46:00,2.95,15811.0,United Kingdom
496086,22249,DECORATION WHITE CHICK MAGIC GARDEN,3,2010-01-28 19:41:00,0.85,15861.0,United Kingdom
492238,47590A,BLUE HAPPY BIRTHDAY BUNTING,24,2009-12-15 19:12:00,3.2,18102.0,United Kingdom
511612,85099C,JUMBO  BAG BAROQUE BLACK WHITE,10,2010-06-09 11:44:00,1.95,14680.0,United Kingdom
556960,21169,YOU'RE CONFUSING ME METAL SIGN ,12,2011-06-16 09:28:00,1.69,14844.0,United Kingdom
581266,22737,RIBBON REEL CHRISTMAS PRESENT ,10,2011-12-08 11:25:00,1.65,12621.0,Germany
515166,22209,WOOD STAMP SET HAPPY BIRTHDAY,1,2010-07-08 16:12:00,1.65,17920.0,United Kingdom
541696,22223,CAKE PLATE LOVEBIRD PINK,8,2011-01-20 18:08:00,4.13,,United Kingdom
549525,21812,GARLAND WITH HEARTS AND BELLS,1,2011-04-08 15:44:00,9.96,,United Kingdom
535838,22845,VINTAGE CREAM CAT FOOD CONTAINER,2,2010-11-29 10:07:00,6.35,12352.0,Norway
551014,22535,MAGIC DRAWING SLATE BUNNIES ,24,2011-04-26 11:04:00,0.42,13209.0,United Kingdom
552466,21174,POTTERING IN THE SHED METAL SIGN,12,2011-05-09 15:21:00,2.08,13458.0,United Kingdom
539453,21688,SILVER PLATE CANDLE BOWL SMALL,4,2010-12-17 17:08:00,5.91,,United Kingdom
559557,23192,BUNDLE OF 3 ALPHABET EXERCISE BOOKS,12,2011-07-11 10:33:00,1.65,17444.0,Canada
489822,85112,S/3 TEAR DROP CUT GLASS DECORATION,1,2009-12-02 13:26:00,1.25,14204.0,United Kingdom
490722,21942,SKULLS DESIGN FLANNEL,12,2009-12-07 15:55:00,0.85,16717.0,United Kingdom
560443,21703,BAG 125g SWIRLY MARBLES,48,2011-07-18 17:10:00,0.42,14776.0,United Kingdom
572302,85071D,CHARLIE+LOLA MY ROOM DOOR SIGN,3,2011-10-23 14:47:00,0.39,15427.0,United Kingdom
534670,22041,"RECORD FRAME 7"" SINGLE SIZE ",2,2010-11-23 14:06:00,2.55,12577.0,France
545226,22919,HERB MARKER MINT,12,2011-03-01 09:33:00,0.65,12428.0,Finland
521379,22438,BALLOON ART MAKE YOUR OWN FLOWERS,1,2010-09-05 12:22:00,1.95,17757.0,United Kingdom
550470,84536B,FAIRY CAKES NOTEBOOK A7 SIZE,14,2011-04-18 13:49:00,0.83,,United Kingdom
C551329,21870,I CAN ONLY PLEASE ONE PERSON MUG,-12,2011-04-27 16:13:00,1.25,14626.0,United Kingdom
525750,22698,PINK REGENCY TEACUP AND SAUCER,6,2010-10-07 09:53:00,2.95,14682.0,United Kingdom
501161,21277,FRENCH STYLE EMBOSSED HEART CABINET,1,2010-03-15 09:28:00,42.51,,United Kingdom
541104,22343,PARTY PIZZA DISH RED RETROSPOT,1,2011-01-13 14:29:00,0.42,,United Kingdom
563442,21465,PINK FLOWER CROCHET FOOD COVER,6,2011-08-16 13:25:00,3.75,17637.0,United Kingdom
573585,23639,SET 10 CARDS MAGICAL TREE 17086,1,2011-10-31 14:41:00,3.33,,United Kingdom
494503,82483,WOOD 2 DRAWER CABINET WHITE FINISH,4,2010-01-14 18:56:00,4.95,17850.0,United Kingdom
558892,21194,PINK  HONEYCOMB PAPER FAN,12,2011-07-04 15:46:00,0.65,17581.0,United Kingdom
581439,22365,DOORMAT RESPECTABLE HOUSE,2,2011-12-08 16:30:00,15.79,,United Kingdom
C525925,22361,GLASS JAR DAISY FRESH COTTON WOOL,-2,2010-10-07 16:46:00,2.95,16584.0,United Kingdom
565223,23170,REGENCY TEA PLATE ROSES ,12,2011-09-01 19:08:00,1.65,15410.0,United Kingdom
534526,22649,STRAWBERRY FAIRY CAKE TEAPOT,8,2010-11-23 12:04:00,4.95,15384.0,United Kingdom
554526,22990,COTTON APRON PANTRY DESIGN,1,2011-05-24 17:24:00,4.95,,United Kingdom
543985,22751,FELTCRAFT PRINCESS OLIVIA DOLL,1,2011-02-15 09:44:00,7.46,,United Kingdom
492526,16202A,PASTEL PINK PHOTO ALBUM ,1,2009-12-17 12:34:00,1.95,12748.0,United Kingdom
555726,23204,CHARLOTTE BAG APPLES DESIGN,10,2011-06-06 16:23:00,0.85,12540.0,Spain
571275,21876,POTTERING MUG,6,2011-10-16 12:28:00,1.65,15994.0,United Kingdom
550106,23208,LUNCH BAG VINTAGE LEAF DESIGN,2,2011-04-14 12:31:00,1.65,13772.0,United Kingdom
531763,22652,TRAVEL SEWING KIT,20,2010-11-09 13:50:00,1.65,17878.0,United Kingdom
550447,21716,BOYS VINTAGE TIN SEASIDE BUCKET,1,2011-04-18 12:36:00,2.55,16033.0,United Kingdom
503956,22270,HAPPY EASTER HANGING DECORATION,1,2010-04-08 16:45:00,3.75,13443.0,United Kingdom
501129,22283,6 EGG HOUSE PAINTED WOOD,2,2010-03-12 16:18:00,7.95,17754.0,United Kingdom
539993,22303,COFFEE MUG APPLES DESIGN,6,2011-01-04 10:00:00,2.55,13313.0,United Kingdom
513778,21625,VINTAGE UNION JACK APRON,1,2010-06-28 14:05:00,6.95,17326.0,United Kingdom
578319,21314,SMALL GLASS HEART TRINKET POT,8,2011-11-23 16:48:00,2.1,15393.0,United Kingdom
535660,22448,PIN CUSHION BABUSHKA RED,4,2010-11-28 11:27:00,3.35,17150.0,United Kingdom
535476,22616,PACK OF 12 LONDON TISSUES ,24,2010-11-26 14:16:00,0.29,12490.0,France
550461,47556B,TEA TIME TEA TOWELS ,1300,2011-04-18 13:20:00,2.1,15749.0,United Kingdom
558774,84509G,SET OF 4 FAIRY CAKE PLACEMATS ,1,2011-07-04 10:17:00,3.29,,United Kingdom
578074,84949,SILVER HANGING T-LIGHT HOLDER,6,2011-11-22 16:06:00,1.65,17590.0,United Kingdom
501853,21827,EIGHT PIECE CREEPY CRAWLIE SET,1,2010-03-21 11:07:00,1.25,16782.0,United Kingdom
520361,22091,EMPIRE TISSUE BOX,1,2010-08-25 13:44:00,1.25,13548.0,United Kingdom
537769,71038,WHITE HANGING BEADS CANDLE HOLDER,2,2010-12-08 12:17:00,5.45,15021.0,United Kingdom
514306,84682,CLASSICAL ROSE DISH,2,2010-07-01 12:57:00,2.95,16926.0,United Kingdom
504916,47568,ENGLISH ROSE DESIGN PEG BAG,1,2010-04-19 10:28:00,4.21,,United Kingdom
528640,85099C,JUMBO  BAG BAROQUE BLACK WHITE,3,2010-10-24 11:47:00,1.95,13555.0,United Kingdom
C516149,21231,SWEETHEART CERAMIC TRINKET BOX,-8,2010-07-18 10:52:00,1.25,13798.0,United Kingdom
565431,22667,RECIPE BOX RETROSPOT ,1,2011-09-04 13:15:00,2.95,14965.0,United Kingdom
548718,21833,CAMOUFLAGE LED TORCH,48,2011-04-04 08:50:00,1.69,14156.0,EIRE
530796,21731,RED TOADSTOOL LED NIGHT LIGHT,1,2010-11-04 12:27:00,1.65,16391.0,United Kingdom
507707,15036,ASSORTED COLOURS SILK FAN,12,2010-05-11 11:17:00,0.75,17428.0,United Kingdom
509142,22585,PACK OF 6 BIRDY GIFT TAGS,12,2010-05-20 12:43:00,1.25,16985.0,United Kingdom
520349,22080,RIBBON REEL SPOTS DESIGN ,10,2010-08-25 13:22:00,1.65,12682.0,France
518155,82484,WOOD BLACK BOARD ANT WHITE FINISH,6,2010-08-05 09:30:00,6.45,14256.0,United Kingdom
498549,84596I,WRAP SWEETS LIGHT PINK SMALL BOWL,1,2010-02-19 18:04:00,2.51,,United Kingdom
573362,21672,WHITE SPOT RED CERAMIC DRAWER KNOB,12,2011-10-30 13:06:00,1.45,12597.0,Spain
536975,22863,SOAP DISH BROCANTE,6,2010-12-03 14:04:00,2.95,14911.0,EIRE
C564903,22430,ENAMEL WATERING CAN CREAM,-1,2011-08-31 12:05:00,4.95,16984.0,United Kingdom
560225,21179,NO JUNK MAIL METAL SIGN,1,2011-07-15 16:27:00,1.63,,United Kingdom
562688,23133,LARGE IVORY HEART WALL ORGANISER,2,2011-08-08 13:53:00,8.25,13869.0,United Kingdom
544788,20718,RED RETROSPOT SHOPPER BAG,10,2011-02-23 12:18:00,1.25,13089.0,United Kingdom
495304,37502,TEA TIME MUG IN GIFT BOX,6,2010-01-22 13:52:00,2.95,14156.0,EIRE
549099,22382,LUNCH BAG SPACEBOY DESIGN ,1,2011-04-06 11:07:00,1.65,16241.0,United Kingdom
560724,22815,CARD PSYCHEDELIC APPLES,12,2011-07-20 13:55:00,0.42,16186.0,United Kingdom
566477,23110,PARISIENNE KEY CABINET ,2,2011-09-13 09:03:00,5.75,14359.0,United Kingdom
527766,21614,SET OF 12 ROSE BOTANICAL T-LIGHTS,6,2010-10-19 09:11:00,2.95,14915.0,United Kingdom
500891,21165,BEWARE OF THE CAT METAL SIGN ,1,2010-03-10 16:24:00,4.21,,United Kingdom
569229,21390,FILIGRIS HEART WITH BUTTERFLY,3,2011-10-02 14:56:00,1.25,14502.0,United Kingdom
511433,79321,CHILLI LIGHTS,4,2010-06-08 11:49:00,4.95,17706.0,United Kingdom
515319,22469,HEART OF WICKER SMALL,2,2010-07-11 12:00:00,1.65,17085.0,United Kingdom
521488,22553,PLASTERS IN TIN SKULLS,2,2010-09-06 13:42:00,3.36,,United Kingdom
517238,22273,FELTCRAFT DOLL MOLLY,1,2010-07-27 14:04:00,2.95,17841.0,United Kingdom
563477,23292,SPACEBOY CHILDRENS CUP,1,2011-08-16 15:39:00,1.25,17097.0,Spain
498150,90141B,IVORY PENDANT TRIPLE SHELL NECKLACE,1,2010-02-17 10:28:00,4.95,,United Kingdom
504556,22407,MONEY BOX FIRST ADE DESIGN,6,2010-04-14 13:50:00,1.25,13878.0,United Kingdom
512528,21790,VINTAGE SNAP CARDS,3,2010-06-16 11:54:00,0.85,17952.0,United Kingdom
504885,21923,RED/CREAM STRIPE FRINGE HAMMOCK,1,2010-04-18 13:31:00,7.95,17969.0,United Kingdom
502817,21932,SCANDINAVIAN PAISLEY PICNIC BAG,1,2010-03-28 10:54:00,2.95,15848.0,United Kingdom
535883,22973,CHILDREN'S CIRCUS PARADE MUG,12,2010-11-29 11:10:00,1.65,15540.0,United Kingdom
555510,22182,CAKE STAND VICTORIAN FILIGREE SMALL,1,2011-06-03 17:09:00,4.13,,United Kingdom
523207,84839,SWEETHEART KEY CABINET,4,2010-09-21 10:30:00,6.75,14852.0,United Kingdom
C490980,22319,HAIRCLIPS FORTIES FABRIC ASSORTED,-1,2009-12-08 16:55:00,0.65,15194.0,United Kingdom
532642,22547,MINI JIGSAW DINOSAUR ,1,2010-11-12 17:00:00,0.85,,United Kingdom
521483,22629,SPACEBOY LUNCH BOX ,12,2010-09-06 13:26:00,1.95,13093.0,United Kingdom
491745,22170,PICTURE FRAME WOOD TRIPLE PORTRAIT,2,2009-12-14 11:10:00,6.75,16769.0,United Kingdom
573116,22173,METAL 4 HOOK HANGER FRENCH CHATEAU,2,2011-10-27 15:49:00,3.29,14525.0,United Kingdom
518821,DOT,DOTCOM POSTAGE,1,2010-08-12 10:39:00,45.87,,United Kingdom
516951,22651,GENTLEMAN SHIRT REPAIR KIT ,36,2010-07-25 15:38:00,0.85,17677.0,United Kingdom
573585,48129,DOORMAT TOPIARY,1,2011-10-31 14:41:00,15.79,,United Kingdom
507235,35160,BUDDHA INCENSE HOLDER ASSORTED,24,2010-05-07 09:04:00,0.72,14298.0,United Kingdom
559606,35970,ZINC FOLKART SLEIGH BELLS,6,2011-07-11 11:38:00,1.69,14606.0,United Kingdom
545060,21520,BOOZE & WOMEN GREETING CARD ,12,2011-02-27 13:47:00,0.42,15547.0,United Kingdom
536862,22167, OVAL WALL MIRROR DIAMANTE ,1,2010-12-03 11:13:00,20.38,,United Kingdom
579518,22469,HEART OF WICKER SMALL,1,2011-11-29 18:05:00,1.65,12748.0,United Kingdom
557742,23249,VINTAGE RED ENAMEL TRIM PLATE,12,2011-06-22 11:46:00,1.65,14911.0,EIRE
537370,20967,GREY FLORAL FELTCRAFT SHOULDER BAG,3,2010-12-06 12:44:00,3.75,13155.0,United Kingdom
537642,21832,CHOCOLATE CALCULATOR,1,2010-12-07 15:33:00,3.36,,United Kingdom
525059,22910,PAPER CHAIN KIT VINTAGE CHRISTMAS,24,2010-10-03 14:08:00,2.95,15978.0,United Kingdom
505572,22412,METAL SIGN NEIGHBOURHOOD WITCH ,1,2010-04-23 11:36:00,2.1,14030.0,United Kingdom
569481,23192,BUNDLE OF 3 ALPHABET EXERCISE BOOKS,12,2011-10-04 12:43:00,1.65,15255.0,United Kingdom
533301,90186A,AMETHYST HOOP EARRING FLORAL LEAF,2,2010-11-16 16:46:00,2.95,15811.0,United Kingdom
564224,23108,SET OF 10 LED DOLLY LIGHTS,6,2011-08-24 09:56:00,6.25,15249.0,United Kingdom
527141,47566,PARTY BUNTING,5,2010-10-15 10:17:00,4.65,13136.0,United Kingdom
505020,21539,RED RETROSPOT BUTTER DISH,6,2010-04-19 14:09:00,4.95,17584.0,United Kingdom
499625,84032A,CHARLIE+LOLA PINK HOT WATER BOTTLE,2,2010-03-01 13:14:00,2.95,17965.0,United Kingdom
501442,21157,RED SPOTTY WASHBAG,15,2010-03-16 13:47:00,2.1,12835.0,United Kingdom
542115,21070,VINTAGE BILLBOARD MUG ,3,2011-01-25 14:01:00,2.46,,United Kingdom
546013,22551,PLASTERS IN TIN SPACEBOY,1,2011-03-08 16:38:00,1.65,16495.0,United Kingdom
537799,21340,CLASSIC METAL BIRDCAGE PLANT HOLDER,2,2010-12-08 13:07:00,12.75,15916.0,United Kingdom
553158,85123A,WHITE HANGING HEART T-LIGHT HOLDER,6,2011-05-13 15:24:00,2.95,14194.0,United Kingdom
542353,22969,HOMEMADE JAM SCENTED CANDLES,12,2011-01-27 12:19:00,1.45,16700.0,United Kingdom
534746,22855,FINE WICKER HEART ,48,2010-11-24 09:49:00,1.06,17504.0,United Kingdom
490503,82486,WOOD S/3 CABINET ANT WHITE FINISH,4,2009-12-06 14:00:00,7.95,14548.0,United Kingdom
538905,22300,COFFEE MUG DOG + BALL DESIGN,6,2010-12-15 10:31:00,2.55,13611.0,United Kingdom
506794,21714,CITRONELLA CANDLE GARDEN POT,12,2010-05-04 12:22:00,1.25,13143.0,United Kingdom
489437,22143,CHRISTMAS CRAFT HEART DECORATIONS,6,2009-12-01 09:08:00,2.1,15362.0,United Kingdom
559538,23337,EGG FRYING PAN MINT ,1,2011-07-10 12:25:00,2.08,16880.0,United Kingdom
580276,22866,HAND WARMER SCOTTY DOG DESIGN,5,2011-12-02 12:59:00,2.1,16426.0,United Kingdom
573876,22113,GREY HEART HOT WATER BOTTLE,2,2011-11-01 12:48:00,4.25,16360.0,United Kingdom
511035,21080,SET/20 RED SPOTTY PAPER NAPKINS ,2,2010-06-06 10:57:00,0.85,16242.0,United Kingdom
566054,22629,SPACEBOY LUNCH BOX ,12,2011-09-08 15:04:00,1.95,12592.0,Germany
492169,37448,CERAMIC CAKE DESIGN SPOTTED MUG,1,2009-12-15 14:46:00,1.49,13680.0,United Kingdom
522443,22653,BUTTON BOX ,2,2010-09-14 14:30:00,1.95,15998.0,United Kingdom
537421,22186,RED STAR CARD HOLDER,2,2010-12-06 15:25:00,2.95,17218.0,United Kingdom
491726,18096C,WHITE ROUND PORCELAIN TLIGHT HOLDER,6,2009-12-14 08:40:00,2.55,12439.0,Cyprus
509975,22499,WOODEN UNION JACK BUNTING,6,2010-05-26 13:46:00,5.95,13985.0,United Kingdom
561804,21845,DAIRY MAID STRIPE MUG,36,2011-07-29 14:40:00,0.79,14191.0,United Kingdom
543107,22983,CARD BILLBOARD FONT,12,2011-02-03 12:27:00,0.42,13800.0,United Kingdom
565318,20727,LUNCH BAG  BLACK SKULL.,30,2011-09-02 13:01:00,1.65,12921.0,United Kingdom
551950,71053,WHITE METAL LANTERN,4,2011-05-05 11:38:00,3.75,14911.0,EIRE
496512,22297,HEART IVORY TRELLIS SMALL,9,2010-02-02 11:40:00,1.25,16300.0,United Kingdom
497369,22386,JUMBO BAG PINK WITH WHITE SPOTS,20,2010-02-09 10:18:00,1.95,16746.0,United Kingdom
520819,84949,SILVER HANGING T-LIGHT HOLDER,24,2010-08-31 11:53:00,1.65,13089.0,United Kingdom
539752,22423,REGENCY CAKESTAND 3 TIER,2,2010-12-21 15:43:00,12.75,12515.0,Italy
C536853,84678,CLASSICAL ROSE SMALL VASE,-1,2010-12-03 10:07:00,2.55,14679.0,United Kingdom
535466,22175,PINK OWL SOFT TOY,6,2010-11-26 13:22:00,2.95,16262.0,United Kingdom
517399,22384,LUNCH BAG PINK RETROSPOT,20,2010-07-29 10:15:00,1.65,16153.0,United Kingdom
568082,22112,CHOCOLATE HOT WATER BOTTLE,18,2011-09-23 14:38:00,4.95,14944.0,United Kingdom
562670,20998,ROSE DU SUD OVEN GLOVE,6,2011-08-08 13:42:00,2.95,14911.0,EIRE
511027,21172,PARTY METAL SIGN ,3,2010-06-06 10:30:00,1.45,13593.0,United Kingdom
517124,21432,SET OF 3 CASES WOODLAND DESIGN,4,2010-07-27 09:38:00,5.95,12801.0,Sweden
499073,48185,DOOR MAT FAIRY CAKE,1,2010-02-24 15:23:00,13.57,,United Kingdom
507376,21900,"KEY FOB , SHED",3,2010-05-09 11:29:00,0.65,13979.0,United Kingdom
516593,22558,CLOTHES PEGS RETROSPOT PACK 24 ,12,2010-07-21 13:59:00,1.25,17469.0,United Kingdom
533740,22537,MAGIC DRAWING SLATE DINOSAUR,1,2010-11-18 14:07:00,0.85,,United Kingdom
512744,21242,RED SPOTTY PLATE ,16,2010-06-17 14:46:00,1.69,12681.0,France
519720,22372,AIRLINE BAG VINTAGE WORLD CHAMPION ,1,2010-08-19 16:25:00,6.35,17961.0,United Kingdom
523213,21821,GLITTER STAR GARLAND WITH BELLS ,6,2010-09-21 10:47:00,3.75,16945.0,United Kingdom
502758,20718,RED SPOTTY SHOPPER BAG,200,2010-03-26 13:45:00,1.06,14646.0,Netherlands
558388,22197,POPCORN HOLDER,24,2011-06-29 10:00:00,0.85,,EIRE
545062,37370,RETRO COFFEE MUGS ASSORTED,2,2011-02-27 14:07:00,1.25,12748.0,United Kingdom
572069,23403,LETTER HOLDER HOME SWEET HOME,4,2011-10-20 13:24:00,3.75,14911.0,EIRE
558475,35004B,SET OF 3 BLACK FLYING DUCKS,9,2011-06-29 15:58:00,5.79,,United Kingdom
508628,22488,NATURAL SLATE RECTANGLE CHALKBOARD,1,2010-05-17 14:17:00,1.65,15280.0,United Kingdom
504926,48138,DOOR MAT UNION FLAG,6,2010-04-19 11:00:00,7.49,18172.0,United Kingdom
521484,22535,MAGIC DRAWING SLATE BUNNIES ,4,2010-09-06 13:26:00,0.42,17585.0,United Kingdom
532419,22577,WOODEN HEART CHRISTMAS SCANDINAVIAN,1,2010-11-12 09:18:00,1.66,,United Kingdom
564221,20712,JUMBO BAG WOODLAND ANIMALS,47,2011-08-24 09:36:00,4.13,,United Kingdom
575587,22149,FELTCRAFT 6 FLOWER FRIENDS,2,2011-11-10 12:01:00,2.1,17461.0,United Kingdom
490757,22170,PICTURE FRAME WOOD TRIPLE PORTRAIT,4,2009-12-08 09:35:00,6.75,14215.0,United Kingdom
527754,85123A,WHITE HANGING HEART T-LIGHT HOLDER,7,2010-10-18 17:05:00,2.95,15710.0,United Kingdom
567139,22828,REGENCY MIRROR WITH SHUTTERS,1,2011-09-16 14:45:00,165.0,13563.0,United Kingdom
541509,22212,FOUR HOOK  WHITE LOVEBIRDS,1,2011-01-18 16:31:00,2.1,13263.0,United Kingdom
544110,22360,GLASS JAR ENGLISH CONFECTIONERY,2,2011-02-16 11:03:00,2.95,15059.0,United Kingdom
561515,85099C,JUMBO  BAG BAROQUE BLACK WHITE,2,2011-07-27 15:16:00,4.13,,United Kingdom
514511,20686,DOLLY MIXTURE CHILDREN'S UMBRELLA,1,2010-07-04 13:31:00,3.25,16032.0,United Kingdom
548492,22356,CHARLOTTE BAG PINK POLKADOT,1,2011-03-31 13:14:00,0.85,17841.0,United Kingdom
493443,20712,JUMBO BAG WOODLAND ANIMALS,4,2010-01-04 13:39:00,1.95,14527.0,United Kingdom
552952,22297,HEART IVORY TRELLIS SMALL,24,2011-05-12 12:10:00,1.25,13837.0,United Kingdom
495487,15056BL,EDWARDIAN PARASOL BLACK,1,2010-01-25 12:18:00,5.95,15311.0,United Kingdom
562933,22377,BOTTLE BAG RETROSPOT ,1,2011-08-10 16:51:00,4.13,,United Kingdom
544661,22896,PEG BAG APPLES DESIGN,6,2011-02-22 13:59:00,2.55,15303.0,United Kingdom
557484,47559B,TEA TIME OVEN GLOVE,4,2011-06-20 14:36:00,1.25,14796.0,United Kingdom
513305,21648,ASSORTED TUTTI FRUTTI SMALL PURSE,24,2010-06-23 14:34:00,1.25,15248.0,United Kingdom
540239,21977,PACK OF 60 PINK PAISLEY CAKE CASES,24,2011-01-05 14:48:00,0.55,12682.0,France
519891,21232,STRAWBERRY CERAMIC TRINKET BOX,12,2010-08-22 12:52:00,1.25,14869.0,United Kingdom
521357,22383,LUNCH BAG SUKI  DESIGN ,10,2010-09-03 16:04:00,1.45,,United Kingdom
579135,22112,CHOCOLATE HOT WATER BOTTLE,1,2011-11-28 12:44:00,4.95,18096.0,United Kingdom
532613,22367,CHILDRENS APRON SPACEBOY DESIGN,3,2010-11-12 15:20:00,5.06,,United Kingdom
565617,21650,ASSORTED TUTTI FRUTTI BRACELET,2,2011-09-05 15:30:00,0.83,,United Kingdom
571318,15036,ASSORTED COLOURS SILK FAN,72,2011-10-17 10:50:00,0.83,17404.0,Sweden
496801,84712B,PINK JEWELLED PHOTO FRAME,1,2010-02-03 17:06:00,7.62,,United Kingdom
543264,21902,"KEY FOB , FRONT  DOOR ",10,2011-02-04 16:34:00,0.65,13069.0,United Kingdom
534389,21192,WHITE BELL HONEYCOMB PAPER ,1,2010-11-22 13:02:00,3.36,,United Kingdom
514982,85167B,BLACK GRAND BAROQUE PHOTO FRAME,4,2010-07-07 13:43:00,4.25,16934.0,United Kingdom
559338,22208,WOOD STAMP SET THANK YOU,3,2011-07-07 16:30:00,0.83,,United Kingdom
577358,85032A,ROMANTIC IMAGES GIFT WRAP SET,1,2011-11-18 15:59:00,1.63,,United Kingdom
526322,22739,"RIBBON REEL, XMAS SOCK/BAUBLE",20,2010-10-11 12:07:00,1.65,17829.0,United Arab Emirates
C554100,84879,ASSORTED COLOUR BIRD ORNAMENT,-1,2011-05-22 13:27:00,1.69,15555.0,United Kingdom
498133,71459,HANGING JAM JAR T-LIGHT HOLDER,1,2010-02-16 17:24:00,6.77,,United Kingdom
579268,23694,PAISLEY PARK CARD,12,2011-11-29 09:47:00,0.42,14321.0,United Kingdom
525232,51014C,"FEATHER PEN,COAL BLACK",24,2010-10-04 14:11:00,0.85,17873.0,United Kingdom
510171,21988,PACK OF 6 SKULL PAPER PLATES,216,2010-05-27 14:35:00,0.64,16422.0,United Kingdom
559816,47580,TEA TIME DES TEA COSY,1,2011-07-12 16:11:00,2.46,,United Kingdom
493066,21837,CROSS STITCH ALPHABET CUSHION COVER,1,2009-12-21 17:14:00,5.95,,United Kingdom
539075,22065,CHRISTMAS PUDDING TRINKET POT ,1,2010-12-15 17:28:00,1.45,17189.0,United Kingdom
564817,47593B,SCOTTIE DOGS BABY BIB,3,2011-08-30 12:02:00,0.83,,United Kingdom
541566,22117,METAL SIGN HER DINNER IS SERVED ,12,2011-01-19 11:50:00,0.85,17722.0,United Kingdom
531506,22631,CIRCUS PARADE LUNCH BOX ,12,2010-11-08 15:34:00,1.95,12472.0,Germany
512590,22315,200 RED + WHITE BENDY STRAWS,4,2010-06-16 16:10:00,1.25,13571.0,United Kingdom
524508,21955,DOORMAT UNION JACK GUNS AND ROSES,1,2010-09-29 12:41:00,7.95,13770.0,United Kingdom
527174,20685,DOORMAT RED RETROSPOT,3,2010-10-15 11:40:00,16.98,,United Kingdom
559370,21830,ASSORTED CREEPY CRAWLIES,24,2011-07-08 10:01:00,0.42,17042.0,United Kingdom
565841,22074,6 RIBBONS SHIMMERING PINKS ,1,2011-09-07 12:04:00,1.25,,United Kingdom
496247,85031C,CURIOUS IMAGES SCRAP BOOK SET,1,2010-01-29 16:11:00,3.36,,United Kingdom
581310,23109,PACK OF SIX LED TEA LIGHTS,1,2011-12-08 11:43:00,2.89,16442.0,United Kingdom
564843,20677,PINK POLKADOT BOWL,8,2011-08-30 14:09:00,1.25,15866.0,United Kingdom
558330,22631,CIRCUS PARADE LUNCH BOX ,10,2011-06-28 12:16:00,1.95,12748.0,United Kingdom
C506888,85232A,SET/3 POLKA DOT STACKING TINS,-3,2010-05-05 08:48:00,4.95,13021.0,United Kingdom
501944,21890,S/6 WOODEN SKITTLES IN COTTON BAG,6,2010-03-22 11:53:00,2.95,15732.0,United Kingdom
579141,85183A,CHARLIE & LOLA WASTEPAPER BIN BLUE,4,2011-11-28 13:06:00,1.25,17019.0,United Kingdom
574934,21175,GIN + TONIC DIET METAL SIGN,12,2011-11-07 16:50:00,2.55,16717.0,United Kingdom
551056,22729,ALARM CLOCK BAKELIKE ORANGE,1,2011-04-26 11:51:00,3.75,16442.0,United Kingdom
570664,22498,WOODEN REGATTA BUNTING,1,2011-10-11 14:21:00,5.95,16362.0,United Kingdom
560120,22141,CHRISTMAS CRAFT TREE TOP ANGEL,6,2011-07-15 10:27:00,2.1,14907.0,United Kingdom
505214,22384,LUNCH BAG PINK RETROSPOT,10,2010-04-21 10:04:00,1.65,,Hong Kong
557753,22090,PAPER BUNTING RETROSPOT,10,2011-06-22 13:00:00,2.95,17877.0,United Kingdom
522802,22065,CHRISTMAS PUDDING TRINKET POT ,2,2010-09-16 16:15:00,1.45,17608.0,United Kingdom
533161,85099C,JUMBO  BAG BAROQUE BLACK WHITE,3,2010-11-16 14:15:00,1.95,16347.0,United Kingdom
534859,22666,RECIPE BOX PANTRY YELLOW DESIGN,1,2010-11-24 13:56:00,5.91,,United Kingdom
563925,23234,BISCUIT TIN VINTAGE CHRISTMAS,1,2011-08-21 14:42:00,2.89,13610.0,United Kingdom
543232,47591D,PINK FAIRY CAKE CHILDRENS APRON,6,2011-02-04 13:28:00,1.95,13113.0,United Kingdom
501863,22117,METAL SIGN HER DINNER IS SERVED ,6,2010-03-21 11:46:00,2.95,15650.0,United Kingdom
546243,22501,PICNIC BASKET WICKER LARGE,2,2011-03-10 13:08:00,9.95,15308.0,United Kingdom
493969,21883,STARS GIFT TAPE ,2,2010-01-08 17:09:00,0.65,14031.0,United Kingdom
569212,23300,GARDENERS KNEELING PAD CUP OF TEA ,3,2011-10-02 12:05:00,1.65,15164.0,United Kingdom
489912,21212,PACK OF 72 RETRO SPOT CAKE CASES,24,2009-12-03 10:26:00,0.55,13931.0,United Kingdom
514334,21080,SET/20 RED SPOTTY PAPER NAPKINS ,12,2010-07-01 14:36:00,0.85,13292.0,United Kingdom
533300,22568,FELTCRAFT CUSHION OWL,24,2010-11-16 16:38:00,3.39,16722.0,United Kingdom
544204,47591d,PINK FAIRY CAKE CHILDRENS APRON,2,2011-02-17 10:30:00,4.96,,United Kingdom
570036,22560,TRADITIONAL MODELLING CLAY,24,2011-10-07 10:50:00,1.25,16358.0,United Kingdom
526405,22379,RECYCLING BAG RETROSPOT ,1,2010-10-11 13:53:00,4.21,,United Kingdom
515013,82607A,GLASS BONBON JAR PARFUME AUX FLEURE,1,2010-07-07 16:29:00,2.51,,United Kingdom
529621,21808,"CHRISTMAS GARLAND STARS,TREES",12,2010-10-29 11:39:00,3.75,15570.0,United Kingdom
491966,21672,WHITE SPOT RED CERAMIC DRAWER KNOB,1,2009-12-14 17:16:00,2.57,,United Kingdom
568191,22834,HAND WARMER BABUSHKA DESIGN,24,2011-09-25 14:37:00,2.1,16655.0,United Kingdom
537638,21380,WOODEN HAPPY BIRTHDAY GARLAND,1,2010-12-07 15:28:00,5.91,,United Kingdom
515910,18094C,WHITE AND BLUE CERAMIC OIL BURNER,12,2010-07-15 13:17:00,0.85,14298.0,United Kingdom
540031,22563,HAPPY STENCIL CRAFT,1,2011-01-04 13:50:00,1.25,17975.0,United Kingdom
573360,23503,PLAYING CARDS KEEP CALM & CARRY ON,1,2011-10-30 12:51:00,1.25,15748.0,United Kingdom
C529561,22791,T-LIGHT GLASS FLUTED ANTIQUE,-11,2010-10-28 18:10:00,1.25,17034.0,United Kingdom
536841,22470,HEART OF WICKER LARGE,6,2010-12-02 18:27:00,2.95,16150.0,United Kingdom
C541651,M,Manual,-1,2011-01-20 11:48:00,1283.8,,United Kingdom
522298,22333,RETRO SPOT PARTY BAG + STICKER SET,8,2010-09-13 14:45:00,1.65,14913.0,United Kingdom
490229,21481,FAWN BLUE HOT WATER BOTTLE,12,2009-12-04 12:20:00,2.95,18223.0,United Kingdom
499858,DOT,DOTCOM POSTAGE,1,2010-03-02 17:04:00,304.24,,United Kingdom
519586,84991,60 TEATIME FAIRY CAKE CASES,24,2010-08-18 13:58:00,0.55,15764.0,United Kingdom
553013,85132A,CHARLIE + LOLA BISCUITS TINS,1,2011-05-12 18:19:00,5.79,,United Kingdom
581219,22591,CARDHOLDER GINGHAM CHRISTMAS TREE,1,2011-12-08 09:28:00,6.63,,United Kingdom
552702,22023,EMPIRE BIRTHDAY CARD,1,2011-05-10 16:00:00,0.83,,United Kingdom
C546548,22150,3 STRIPEY MICE FELTCRAFT,-1,2011-03-14 16:42:00,1.95,16518.0,United Kingdom
499272,21754,HOME BUILDING BLOCK WORD,2,2010-02-25 16:48:00,5.95,17032.0,United Kingdom
548191,84536A,ENGLISH ROSE NOTEBOOK A7 SIZE,11,2011-03-29 15:20:00,0.83,,United Kingdom
511038,21090,SET/6 COLLAGE PAPER PLATES,12,2010-06-06 11:11:00,0.85,14766.0,United Kingdom
509422,22470,HEART OF WICKER LARGE,12,2010-05-23 13:03:00,2.95,14249.0,United Kingdom
568227,20749,ASSORTED COLOUR MINI CASES,1,2011-09-26 10:57:00,7.95,17841.0,United Kingdom
496340,20713,JUMBO BAG OWLS,10,2010-01-31 15:45:00,1.95,12668.0,Germany
564353,22150,3 STRIPEY MICE FELTCRAFT,6,2011-08-24 15:08:00,1.95,15764.0,United Kingdom
521430,22494,EMERGENCY FIRST AID TIN ,192,2010-09-06 11:22:00,1.25,17404.0,Sweden
560291,22379,RECYCLING BAG RETROSPOT ,4,2011-07-18 10:17:00,4.96,,United Kingdom
532819,21558,SKULL LUNCH BOX WITH CUTLERY ,1,2010-11-14 16:19:00,2.55,13230.0,United Kingdom
568895,21899,GARAGE KEY FOB,7,2011-09-29 13:11:00,0.65,15356.0,United Kingdom
542541,22090,PAPER BUNTING RETROSPOT,2,2011-01-28 14:25:00,5.79,,United Kingdom
552232,20770,ABSTRACT CIRCLE JOURNAL ,2,2011-05-06 15:54:00,2.46,,United Kingdom
540834,22624,IVORY KITCHEN SCALES,3,2011-01-11 14:50:00,8.5,14733.0,United Kingdom
490072,22300,COFFEE MUG DOG + BALL DESIGN,6,2009-12-03 14:28:00,2.55,17764.0,United Kingdom
579187,84375,SET OF 20 KIDS COOKIE CUTTERS,1,2011-11-28 15:31:00,4.13,,United Kingdom
494503,22173,METAL 4 HOOK HANGER FRENCH CHATEAU,8,2010-01-14 18:56:00,2.55,17850.0,United Kingdom
575718,84406B,CREAM CUPID HEARTS COAT HANGER,1,2011-11-10 18:04:00,4.15,16907.0,United Kingdom
580982,23320,GIANT 50'S CHRISTMAS CRACKER,4,2011-12-06 16:21:00,1.25,17861.0,United Kingdom
503536,21907,I'M ON HOLIDAY METAL SIGN,2,2010-04-01 13:54:00,2.1,15023.0,United Kingdom
575692,22577,WOODEN HEART CHRISTMAS SCANDINAVIAN,5,2011-11-10 16:27:00,0.29,12508.0,France
506985,21889,WOODEN BOX OF DOMINOES,1,2010-05-05 13:25:00,1.25,17324.0,United Kingdom
513469,22023,EMPIRE BIRTHDAY CARD,12,2010-06-24 16:25:00,0.42,17099.0,United Kingdom
555000,22822,CREAM WALL PLANTER HEART SHAPED,4,2011-05-31 08:03:00,5.95,18232.0,United Kingdom
537781,21213,PACK OF 72 SKULL CAKE CASES,1,2010-12-08 12:46:00,0.55,17341.0,United Kingdom
502597,21936,RED/WHITE SPOT PICNIC BAG,5,2010-03-25 13:15:00,2.95,13969.0,United Kingdom
531271,20726,LUNCH BAG WOODLAND,10,2010-11-07 11:52:00,1.65,16401.0,United Kingdom
561060,21791,VINTAGE HEADS AND TAILS CARD GAME ,12,2011-07-24 13:30:00,1.25,17703.0,United Kingdom
572758,22699,ROSES REGENCY TEACUP AND SAUCER ,2,2011-10-25 18:39:00,5.79,,United Kingdom
C524689,22667,RECIPE BOX RETROSPOT ,-6,2010-09-30 11:45:00,2.95,12576.0,Poland
504638,21716,BOYS VINTAGE TIN SEASIDE BUCKET,8,2010-04-15 14:10:00,2.55,18245.0,United Kingdom
557976,22382,LUNCH BAG SPACEBOY DESIGN ,1,2011-06-24 10:33:00,1.65,18118.0,United Kingdom
C534833,22796,PHOTO FRAME 3 CLASSIC HANGING,-2,2010-11-24 13:04:00,9.95,16121.0,United Kingdom
520771,22139,RETRO SPOT TEA SET CERAMIC 11 PC ,2,2010-08-31 11:19:00,11.02,,United Kingdom
492714,20772,GARDEN PATH JOURNAL,2,2009-12-18 10:24:00,2.55,17913.0,United Kingdom
492782,84029C,BROWN FURRY HOT WATER BOTTLE,1,2009-12-18 17:06:00,7.78,,United Kingdom
564020,23144,ZINC T-LIGHT HOLDER STARS SMALL,12,2011-08-22 11:57:00,0.83,13971.0,United Kingdom
491043,35957,SMALLFOLKART BAUBLE CHRISTMAS DEC,2,2009-12-09 09:51:00,3.43,,United Kingdom
578936,22907,PACK OF 20 NAPKINS PANTRY DESIGN,1,2011-11-27 13:00:00,0.85,16923.0,United Kingdom
556116,35968,FOLK ART METAL HEART T-LIGHT HOLDER,12,2011-06-09 09:44:00,0.38,15214.0,United Kingdom
537140,84827,ASS DES PHONE SPONGE CRAFT STICKER,1,2010-12-05 12:53:00,0.65,12748.0,United Kingdom
545533,21204,DAISIES  HONEYCOMB GARLAND ,12,2011-03-03 14:04:00,1.65,12524.0,Germany
C525274,TEST001,This is a test product.,-1,2010-10-04 16:33:00,4.5,12346.0,United Kingdom
537395,22911,PAPER CHAIN KIT LONDON,1,2010-12-06 14:05:00,2.95,15356.0,United Kingdom
529826,21448,12 DAISY PEGS IN WOOD BOX,6,2010-10-31 11:43:00,1.65,15351.0,United Kingdom
512696,22649,STRAWBERRY FAIRY CAKE TEAPOT,8,2010-06-17 11:57:00,4.95,14911.0,EIRE
496233,21688,SILVER PLATE CANDLE BOWL SMALL,6,2010-01-29 14:22:00,2.95,16673.0,United Kingdom
509235,85099B,JUMBO BAG RED RETROSPOT,4,2010-05-21 11:01:00,1.95,15898.0,United Kingdom
566769,23217,LAUREL HEART ANTIQUE SILVER,12,2011-09-15 08:27:00,1.25,18211.0,United Kingdom
531728,22130,PARTY CONE CHRISTMAS DECORATION ,6,2010-11-09 12:07:00,0.85,16223.0,United Kingdom
C524557,21730,GLASS STAR FROSTED T-LIGHT HOLDER,-1,2010-09-29 14:30:00,4.95,16658.0,United Kingdom
550541,22296,HEART IVORY TRELLIS LARGE,1,2011-04-19 11:33:00,3.29,,United Kingdom
523351,21508,VINTAGE KID DOLLY CARD ,12,2010-09-21 16:37:00,0.36,17850.0,United Kingdom
551850,85015,SET OF 12  VINTAGE POSTCARD SET,6,2011-05-04 14:33:00,2.55,13731.0,United Kingdom
508505,22358,KINGS CHOICE TEA CADDY ,1,2010-05-16 16:05:00,2.95,16549.0,United Kingdom
544398,22284,HEN HOUSE DECORATION,12,2011-02-18 12:27:00,1.65,15311.0,United Kingdom
548218,22652,TRAVEL SEWING KIT,10,2011-03-30 09:36:00,1.65,13999.0,United Kingdom
545996,22090,PAPER BUNTING RETROSPOT,3,2011-03-08 14:12:00,2.95,14367.0,United Kingdom
575520,23320,GIANT 50'S CHRISTMAS CRACKER,12,2011-11-10 10:56:00,2.89,17537.0,United Kingdom
534869,22343,PARTY PIZZA DISH RED RETROSPOT,12,2010-11-24 14:29:00,0.85,13952.0,United Kingdom
494387,20619,TROPICAL PASSPORT COVER ,2,2010-01-14 09:46:00,1.66,,United Kingdom
536796,22744,MAKE YOUR OWN MONSOON CARD KIT,2,2010-12-02 15:46:00,2.95,15574.0,United Kingdom
566668,15056N,EDWARDIAN PARASOL NATURAL,6,2011-09-14 11:35:00,5.95,18065.0,United Kingdom
512939,85160B,BLACK BIRD GARDEN DESIGN MUG,6,2010-06-20 13:43:00,1.25,17618.0,United Kingdom
496094,20974,12 PENCILS SMALL TUBE SKULL,24,2010-01-29 10:13:00,0.65,15192.0,United Kingdom
575875,84032A,CHARLIE+LOLA PINK HOT WATER BOTTLE,3,2011-11-11 13:06:00,3.29,,United Kingdom
526109,85049e,SCANDINAVIAN REDS RIBBONS,5,2010-10-08 12:58:00,3.36,,United Kingdom
573542,23275,SET OF 3 HANGING OWLS OLLIE BEAK,12,2011-10-31 13:03:00,1.25,14702.0,United Kingdom
560434,85086A,CANDY SPOT HEART DECORATION,10,2011-07-18 15:56:00,0.83,,United Kingdom
531726,22577,WOODEN HEART CHRISTMAS SCANDINAVIAN,10,2010-11-09 12:06:00,0.85,17274.0,United Kingdom
511434,21063,PARTY INVITES JAZZ HEARTS,2,2010-06-08 11:50:00,0.85,17201.0,United Kingdom
553852,84987,SET OF 36 TEATIME PAPER DOILIES,12,2011-05-19 13:05:00,1.45,15599.0,United Kingdom
558101,23079,TOADSTOOL BEDSIDE LIGHT ,1,2011-06-26 13:56:00,8.95,18112.0,United Kingdom
519666,21675,BUTTERFLIES STICKERS,12,2010-08-19 12:16:00,0.85,12976.0,United Kingdom
553173,22301,COFFEE MUG CAT + BIRD DESIGN,6,2011-05-13 17:34:00,2.55,17400.0,United Kingdom
497380,20677,PINK SPOTTY BOWL,40,2010-02-09 11:46:00,1.25,17083.0,United Kingdom
537955,84997D,PINK 3 PIECE POLKADOT CUTLERY SET,1,2010-12-09 11:28:00,3.75,16782.0,United Kingdom
547833,21730,GLASS STAR FROSTED T-LIGHT HOLDER,2,2011-03-25 17:34:00,4.95,16780.0,United Kingdom
530464,22910,PAPER CHAIN KIT VINTAGE CHRISTMAS,1,2010-11-03 11:34:00,2.95,16865.0,United Kingdom
530085,21380,WOODEN HAPPY BIRTHDAY GARLAND,1,2010-11-01 13:26:00,2.95,17315.0,United Kingdom
559318,22148,EASTER CRAFT 4 CHICKS ,2,2011-07-07 14:08:00,1.95,18013.0,United Kingdom
572224,23100,SILVER BELLS TABLE DECORATION,12,2011-10-21 13:46:00,1.25,16558.0,United Kingdom
539247,20719,WOODLAND CHARLOTTE BAG,1,2010-12-16 13:33:00,0.85,15311.0,United Kingdom
522310,84534B,FAIRY CAKE NOTEBOOK A5 SIZE,1,2010-09-13 15:12:00,1.66,,United Kingdom
517382,21034,REX CASH+CARRY JUMBO SHOPPER,2,2010-07-28 17:26:00,0.95,14898.0,United Kingdom
568311,22766,PHOTO FRAME CORNICE,1,2011-09-26 12:53:00,2.95,17287.0,United Kingdom
536993,21932,SCANDINAVIAN PAISLEY PICNIC BAG,1,2010-12-03 15:19:00,2.95,14396.0,United Kingdom
578783,22233,JIGSAW RABBIT AND BIRDHOUSE,6,2011-11-25 11:58:00,0.59,12748.0,United Kingdom
529815,85169B,BLACK LOVE BIRD CANDLE,5,2010-10-31 11:12:00,1.25,13561.0,United Kingdom
538884,22625,RED KITCHEN SCALES,1,2010-12-14 15:56:00,16.98,,United Kingdom
513770,85123A,WHITE HANGING HEART T-LIGHT HOLDER,6,2010-06-28 13:47:00,2.95,17669.0,United Kingdom
516153,21035,SET/2 RED SPOTTY TEA TOWELS ,200,2010-07-18 11:35:00,2.55,13798.0,United Kingdom
538566,22371,AIRLINE BAG VINTAGE TOKYO 78,3,2010-12-13 11:21:00,8.47,,United Kingdom
498343,20712,JUMBO BAG WOODLAND ANIMALS,10,2010-02-18 11:19:00,1.95,12600.0,Germany
526355,21915,RED  HARMONICA IN BOX ,12,2010-10-11 12:18:00,1.25,17419.0,United Kingdom
566194,22428,ENAMEL FIRE BUCKET CREAM,1,2011-09-09 13:42:00,6.95,14711.0,United Kingdom
524208,48194,DOORMAT HEARTS,2,2010-09-28 10:35:00,7.95,13534.0,United Kingdom
572719,22941,CHRISTMAS LIGHTS 10 REINDEER,2,2011-10-25 15:03:00,8.5,13871.0,United Kingdom
575137,23571,TRADITIONAL NAUGHTS & CROSSES,12,2011-11-08 15:13:00,1.65,13090.0,United Kingdom
529160,21485,RETROSPOT HEART HOT WATER BOTTLE,1,2010-10-26 17:01:00,4.95,14271.0,United Kingdom
568944,22594,CHRISTMAS GINGHAM TREE,12,2011-09-29 14:50:00,0.85,16589.0,United Kingdom
526853,21498,RED RETROSPOT WRAP ,25,2010-10-13 12:48:00,0.42,12540.0,Spain
542611,21733,RED HANGING HEART T-LIGHT HOLDER,6,2011-01-30 14:13:00,2.95,15415.0,United Kingdom
494638,22327,ROUND SNACK BOXES SET OF 4 SKULLS,5,2010-01-17 11:03:00,2.95,16782.0,United Kingdom
527728,21705,BAG 500g SWIRLY MARBLES,15,2010-10-18 15:44:00,1.65,,United Kingdom
526267,22737,RIBBON REEL CHRISTMAS PRESENT ,60,2010-10-11 10:56:00,1.65,12678.0,France
571671,23300,GARDENERS KNEELING PAD CUP OF TEA ,4,2011-10-18 13:15:00,1.65,16940.0,United Kingdom
504623,21644,ASSORTED TUTTI FRUTTI HEART BOX,1,2010-04-15 12:10:00,1.25,14656.0,United Kingdom
510329,21034,REX CASH+CARRY JUMBO SHOPPER,1,2010-05-28 13:23:00,0.95,17822.0,United Kingdom
520092,22698,PINK REGENCY TEACUP AND SAUCER,6,2010-08-24 11:37:00,2.95,13767.0,United Kingdom
541596,22079,RIBBON REEL HEARTS DESIGN ,5,2011-01-19 16:18:00,1.65,17602.0,United Kingdom
511522,37503,TEA TIME CAKE STAND IN GIFT BOX,2,2010-06-08 16:47:00,10.75,16072.0,United Kingdom
500872,22188,BLACK HEART CARD HOLDER,2,2010-03-10 13:34:00,3.95,13668.0,United Kingdom
548648,21980,PACK OF 12 RED RETROSPOT TISSUES ,24,2011-04-01 13:20:00,0.29,12949.0,United Kingdom
546310,21524,DOORMAT SPOTTY HOME SWEET HOME,10,2011-03-10 16:26:00,6.75,15291.0,United Kingdom
564835,22743,MAKE YOUR OWN FLOWERPOWER CARD KIT,1,2011-08-30 12:31:00,5.79,,United Kingdom
492342,85152,HAND OVER THE CHOCOLATE   SIGN ,1,2009-12-16 12:32:00,2.1,14527.0,United Kingdom
564715,22297,HEART IVORY TRELLIS SMALL,1,2011-08-28 11:01:00,1.25,14472.0,United Kingdom
568147,82483,WOOD 2 DRAWER CABINET WHITE FINISH,6,2011-09-25 11:34:00,6.95,15044.0,United Kingdom
514914,DOT,DOTCOM POSTAGE,1,2010-07-07 11:18:00,45.96,,United Kingdom
562608,21877,HOME SWEET HOME MUG,12,2011-08-08 11:45:00,1.25,15502.0,United Kingdom
576071,85099F,JUMBO BAG STRAWBERRY,1,2011-11-13 16:03:00,2.08,18069.0,United Kingdom
515418,21216,"SET 3 RED SPOT TIN TEA,COFFEE,SUGAR",1,2010-07-12 13:11:00,4.95,17841.0,United Kingdom
490353,21069,VINTAGE BILLBOARD TEA MUG,6,2009-12-04 16:37:00,1.25,15514.0,United Kingdom
530850,22633,HAND WARMER UNION JACK,1,2010-11-04 14:49:00,4.21,,United Kingdom
515931,21908,CHOCOLATE THIS WAY METAL SIGN,12,2010-07-15 14:46:00,2.1,14961.0,United Kingdom
577506,51014C,"FEATHER PEN,COAL BLACK",12,2011-11-20 12:40:00,0.39,13212.0,United Kingdom
509851,22413,METAL SIGN TAKE IT OR LEAVE IT ,6,2010-05-26 09:04:00,2.95,14911.0,EIRE
558621,21670,BLUE SPOT CERAMIC DRAWER KNOB,12,2011-06-30 16:43:00,1.25,13745.0,United Kingdom
568095,90185A,AMBER DIAMANTE EXPANDABLE RING,6,2011-09-23 14:49:00,4.25,14911.0,EIRE
556495,23112,PARISIENNE CURIO CABINET,1,2011-06-12 15:14:00,7.5,18069.0,United Kingdom
543470,21094,SET/6 RED SPOTTY PAPER PLATES,12,2011-02-08 14:58:00,0.85,16951.0,United Kingdom
527444,21313,GLASS HEART T-LIGHT HOLDER ,2,2010-10-18 09:28:00,1.66,,United Kingdom
550278,22694,WICKER STAR ,1,2011-04-15 13:15:00,3.29,,United Kingdom
570197,21672,WHITE SPOT RED CERAMIC DRAWER KNOB,2,2011-10-07 15:45:00,1.45,13755.0,United Kingdom
560778,23084,RABBIT NIGHT LIGHT,1,2011-07-21 09:30:00,4.13,,United Kingdom
560772,21090,SET/6 COLLAGE PAPER PLATES,2,2011-07-20 16:12:00,0.83,,United Kingdom
497906,48116,DOOR MAT MULTICOLOUR STRIPE,10,2010-02-14 13:26:00,6.35,14156.0,EIRE
538652,22030,SWALLOWS GREETING CARD,12,2010-12-13 15:12:00,0.42,17890.0,United Kingdom
575176,21754,HOME BUILDING BLOCK WORD,1,2011-11-08 18:29:00,11.63,,United Kingdom
567673,22356,CHARLOTTE BAG PINK POLKADOT,8,2011-09-21 15:43:00,1.63,,United Kingdom
503591,21901,"KEY FOB , BACK DOOR ",24,2010-04-01 18:48:00,0.65,17669.0,United Kingdom
548658,22084,PAPER CHAIN KIT EMPIRE,40,2011-04-01 14:19:00,2.55,15179.0,United Kingdom
547667,23000,TRAVEL CARD WALLET TRANSPORT,24,2011-03-24 13:25:00,0.42,16700.0,United Kingdom
546848,21558,SKULL LUNCH BOX WITH CUTLERY ,1,2011-03-17 12:53:00,2.55,13533.0,United Kingdom
524185,22734,SET OF 6 RIBBONS VINTAGE CHRISTMAS,18,2010-09-28 09:12:00,2.55,13139.0,United Kingdom
494931,47559B,TEA TIME OVEN GLOVE,5,2010-01-20 10:42:00,1.25,17920.0,United Kingdom
572296,22744,MAKE YOUR OWN MONSOON CARD KIT,1,2011-10-23 14:28:00,2.95,13598.0,United Kingdom
554151,20974,12 PENCILS SMALL TUBE SKULL,12,2011-05-23 11:07:00,0.65,14049.0,United Kingdom
517070,22273,FELTCRAFT DOLL MOLLY,6,2010-07-26 13:57:00,2.95,14257.0,United Kingdom
513048,48173C,DOOR MAT BLACK FLOCK ,1,2010-06-21 13:04:00,7.49,16391.0,United Kingdom
560773,21206,STRAWBERRY HONEYCOMB  GARLAND ,2,2011-07-20 16:17:00,1.63,,United Kingdom
540520,22891,TEA FOR ONE POLKADOT,1,2011-01-09 12:31:00,4.25,17555.0,United Kingdom
535475,21212,PACK OF 72 RETROSPOT CAKE CASES,2,2010-11-26 14:09:00,0.55,17817.0,United Kingdom
522083,21429,RED GINGHAM ROSE JEWELLERY BOX,8,2010-09-12 11:47:00,1.65,16218.0,United Kingdom
578687,22895,SET OF 2 TEA TOWELS APPLE AND PEARS,6,2011-11-25 09:23:00,3.25,14703.0,United Kingdom
493286,72778,,1,2009-12-22 15:13:00,0.0,,United Kingdom
536846,22423,REGENCY CAKESTAND 3 TIER,1,2010-12-02 19:59:00,12.75,14573.0,United Kingdom
495016,20680,PINK FLOWERS CHILDS UMBRELLA,1,2010-01-20 13:10:00,3.25,14649.0,United Kingdom
513646,20728,LUNCH BAG CARS BLUE,10,2010-06-28 08:24:00,1.65,16746.0,United Kingdom
523652,85049E,SCANDINAVIAN REDS RIBBONS,12,2010-09-23 13:07:00,1.25,15140.0,United Kingdom
514312,21241,GREEN SPOTTY CUP,8,2010-07-01 13:25:00,0.85,12662.0,Germany
553737,21531,RED RETROSPOT SUGAR JAM BOWL,6,2011-05-19 08:50:00,2.55,15116.0,United Kingdom
524079,22340,NOEL GARLAND PAINTED ZINC ,12,2010-09-27 11:39:00,1.65,15694.0,United Kingdom
581217,23498,CLASSIC BICYCLE CLIPS ,2,2011-12-08 09:20:00,3.29,,United Kingdom
527494,22556,PLASTERS IN TIN CIRCUS PARADE ,12,2010-10-18 12:04:00,1.65,14156.0,EIRE
540848,72800E,4 IVORY DINNER CANDLES SILVER FLOCK,4,2011-01-12 09:26:00,3.36,,United Kingdom
512405,22411,JUMBO SHOPPER VINTAGE RED PAISLEY,4,2010-06-15 13:03:00,1.95,15044.0,United Kingdom
566495,22721,SET OF 3 CAKE TINS SKETCHBOOK,1,2011-09-13 11:14:00,4.95,15529.0,United Kingdom
531306,22984,"CARD, GINGHAM ROSE ",12,2010-11-07 12:04:00,0.42,16560.0,United Kingdom
536838,40016,CHINESE DRAGON PAPER LANTERNS,24,2010-12-02 18:23:00,0.42,14865.0,United Kingdom
489637,72814,SET/3 CHRISTMAS BRIAR CANDLES,12,2009-12-01 15:36:00,3.75,17243.0,United Kingdom
509422,22077,6 RIBBONS RUSTIC CHARM,24,2010-05-23 13:03:00,1.65,14249.0,United Kingdom
522468,21937,STRAWBERRY   PICNIC BAG,5,2010-09-15 09:52:00,2.95,14231.0,United Kingdom
530652,84029G,KNITTED UNION FLAG HOT WATER BOTTLE,2,2010-11-04 09:38:00,7.62,,United Kingdom
555626,23052,RECYCLED ACAPULCO MAT TURQUOISE,6,2011-06-06 11:55:00,8.25,16103.0,United Kingdom
534800,22536,MAGIC DRAWING SLATE PURDEY,1,2010-11-24 12:04:00,0.42,17019.0,United Kingdom
560362,23306,SET OF 36 DOILIES PANTRY DESIGN,12,2011-07-18 11:59:00,1.45,13488.0,United Kingdom
490745,22113,GREY HEART HOT WATER BOTTLE,1,2009-12-07 18:02:00,7.78,,United Kingdom
500745,22026,BANQUET BIRTHDAY  CARD  ,12,2010-03-10 09:16:00,0.42,13426.0,United Kingdom
499123,84849B,FAIRY SOAP SOAP HOLDER,2,2010-02-24 16:15:00,1.69,14556.0,United Kingdom
505995,48197,DOOR MAT BIRD ON THE WIRE,2,2010-04-27 10:31:00,7.49,15601.0,United Kingdom
559338,22277,COSMETIC BAG VINTAGE ROSE PAISLEY,2,2011-07-07 16:30:00,1.63,,United Kingdom
562715,22964,3 PIECE SPACEBOY COOKIE CUTTER SET,1,2011-08-08 15:34:00,4.13,,United Kingdom
492079,22180,RETRO SPOT LAMP,4,2009-12-15 13:49:00,9.95,15070.0,United Kingdom
528336,22578,WOODEN STAR CHRISTMAS SCANDINAVIAN,6,2010-10-21 13:57:00,0.85,15995.0,United Kingdom
540536,22680,FRENCH BLUE METAL DOOR SIGN 5,1,2011-01-09 14:21:00,1.25,17757.0,United Kingdom
551517,22993,SET OF 4 PANTRY JELLY MOULDS,3,2011-05-01 11:14:00,1.25,16931.0,United Kingdom
572517,23013,GLASS APOTHECARY BOTTLE TONIC,2,2011-10-24 14:47:00,3.95,15068.0,United Kingdom
518547,21427,SKULLS STORAGE BOX SMALL,96,2010-08-09 18:30:00,1.25,18102.0,United Kingdom
509916,20985,HEART CALCULATOR,2,2010-05-26 11:46:00,1.25,14606.0,United Kingdom
530184,85123A,WHITE HANGING HEART T-LIGHT HOLDER,5,2010-11-02 10:47:00,2.95,17377.0,United Kingdom
491743,85014A,BLACK/BLUE DOTS RUFFLED UMBRELLA,8,2009-12-14 11:00:00,5.95,13767.0,United Kingdom
521213,22637,PIGGY BANK RETROSPOT ,12,2010-09-03 09:14:00,2.55,16325.0,United Kingdom
538196,10002,INFLATABLE POLITICAL GLOBE ,36,2010-12-10 10:56:00,0.85,12731.0,France
489786,21790,VINTAGE SNAP CARDS,48,2009-12-02 11:52:00,0.85,17019.0,United Kingdom
543379,82484,WOOD BLACK BOARD ANT WHITE FINISH,204,2011-02-07 15:37:00,4.77,18102.0,United Kingdom
566602,21507,ELEPHANT BIRTHDAY CARD ,1,2011-09-13 16:05:00,0.83,,United Kingdom
521691,22666,RECIPE BOX PANTRY YELLOW DESIGN,1,2010-09-07 17:19:00,5.91,,United Kingdom
544316,22858,EASTER TIN KEEPSAKE,6,2011-02-17 14:49:00,1.65,16556.0,United Kingdom
559693,21673,WHITE SPOT BLUE CERAMIC DRAWER KNOB,3,2011-07-11 16:21:00,3.29,,United Kingdom
511247,22421,LIPSTICK PEN FUSCHIA,24,2010-06-07 12:35:00,0.42,14421.0,United Kingdom
568322,22907,PACK OF 20 NAPKINS PANTRY DESIGN,2,2011-09-26 13:41:00,0.85,15958.0,United Kingdom
569469,23327,HANGING CLEAR MINI BOTTLE,6,2011-10-04 12:22:00,0.63,16360.0,United Kingdom
508193,82551,LAUNDRY 15C METAL SIGN,2,2010-05-13 13:23:00,1.25,16906.0,United Kingdom
528764,21260,FIRST AID TIN,1,2010-10-24 16:03:00,3.25,16904.0,United Kingdom
561661,21592,RETROSPOT CIGAR BOX MATCHES ,2,2011-07-28 16:21:00,1.25,12743.0,Unspecified
540953,22457,NATURAL SLATE HEART CHALKBOARD ,1,2011-01-12 13:16:00,2.95,14587.0,United Kingdom
513335,84358,FLOOR LAMP SHADE WOOD BASE,1,2010-06-24 09:49:00,9.95,17686.0,United Kingdom
494495,85132A,CHARLIE + LOLA BISCUITS TINS,2,2010-01-14 17:43:00,8.47,,United Kingdom
506577,21864,UNION JACK FLAG PASSPORT COVER ,1,2010-04-30 13:45:00,4.21,,United Kingdom
C519280,22504,CABIN BAG VINTAGE RETROSPOT,-1,2010-08-16 10:40:00,10.0,,United Kingdom
535221,22726,ALARM CLOCK BAKELIKE GREEN,2,2010-11-25 12:21:00,3.75,12748.0,United Kingdom
557612,17003,BROCADE RING PURSE ,144,2011-06-21 12:40:00,0.29,14460.0,United Kingdom
545904,37446,MINI CAKE STAND WITH HANGING CAKES,8,2011-03-08 08:52:00,1.45,13468.0,United Kingdom
578099,22941,CHRISTMAS LIGHTS 10 REINDEER,2,2011-11-23 08:05:00,8.5,12452.0,Switzerland
550359,84378,SET OF 3 HEART COOKIE CUTTERS,1,2011-04-18 10:41:00,1.25,17841.0,United Kingdom
535902,85170A,SET/6 IVORY BIRD T-LIGHT CANDLES,12,2010-11-29 11:24:00,1.69,17389.0,United Kingdom
522966,20723,STRAWBERRY CHARLOTTE BAG,2,2010-09-19 13:01:00,0.85,16007.0,United Kingdom
503714,22219,LOVEBIRD HANGING DECORATION WHITE ,4,2010-04-06 14:42:00,0.85,13432.0,United Kingdom
C546217,22995,TRAVEL CARD WALLET SUKI,-24,2011-03-10 12:04:00,0.42,14057.0,United Kingdom
555570,22951,60 CAKE CASES DOLLY GIRL DESIGN,24,2011-06-05 15:36:00,0.55,15152.0,United Kingdom
530850,22390,PAPERWEIGHT CHILDHOOD MEMORIES,1,2010-11-04 14:49:00,5.06,,United Kingdom
535090,21259,VICTORIAN SEWING BOX SMALL ,2,2010-11-25 10:11:00,5.95,13958.0,United Kingdom
536592,22631,CIRCUS PARADE LUNCH BOX ,1,2010-12-01 17:06:00,4.21,,United Kingdom
525857,20773,BLUE PAISLEY NOTEBOOK,4,2010-10-07 13:09:00,1.65,17860.0,United Kingdom
560590,23239,SET OF 4 KNICK KNACK TINS POPPIES,6,2011-07-19 15:55:00,4.15,12560.0,Germany
544700,22367,CHILDRENS APRON SPACEBOY DESIGN,19,2011-02-23 10:10:00,1.95,18041.0,United Kingdom
540154,90165B,WHITE ROSEBUD  PEARL EARRINGS,2,2011-01-05 11:30:00,2.54,,United Kingdom
537667,22158,3 HEARTS HANGING DECORATION RUSTIC,128,2010-12-08 08:12:00,2.55,17870.0,United Kingdom
508221,22411,JUMBO SHOPPER VINTAGE RED PAISLEY,3,2010-05-13 15:41:00,1.95,18225.0,United Kingdom
570223,22867,HAND WARMER BIRD DESIGN,2,2011-10-09 13:11:00,2.1,15787.0,United Kingdom
559306,23231,WRAP DOILEY DESIGN,25,2011-07-07 13:02:00,0.42,18236.0,United Kingdom
510781,21987,PACK OF 6 SKULL PAPER CUPS,4,2010-06-03 15:17:00,0.65,16892.0,United Kingdom
512131,22623,BOX OF VINTAGE JIGSAW BLOCKS ,3,2010-06-14 10:44:00,4.95,16622.0,United Kingdom
573347,23439,HAND WARMER RED LOVE HEART,2,2011-10-30 12:26:00,2.1,13137.0,United Kingdom
570180,22560,TRADITIONAL MODELLING CLAY,24,2011-10-07 14:28:00,1.25,17509.0,United Kingdom
535407,22531,MAGIC DRAWING SLATE CIRCUS PARADE  ,2,2010-11-26 11:20:00,0.85,,United Kingdom
509198,22320,BIRDS MOBILE VINTAGE DESIGN,3,2010-05-21 08:21:00,5.95,14156.0,EIRE
579124,22131,FOOD CONTAINER SET 3 LOVE HEART ,1,2011-11-28 12:14:00,1.95,15721.0,United Kingdom
538683,85099B,JUMBO BAG RED RETROSPOT,2,2010-12-13 17:40:00,1.95,14525.0,United Kingdom
562348,21094,SET/6 RED SPOTTY PAPER PLATES,96,2011-08-04 12:36:00,0.64,17511.0,United Kingdom
502326,82583,HOT BATHS METAL SIGN,12,2010-03-24 10:28:00,2.1,12758.0,Portugal
542003,85099B,JUMBO BAG RED RETROSPOT,100,2011-01-25 11:07:00,1.65,15311.0,United Kingdom
548984,22050,PINK PAISLEY ROSE GIFT WRAP,25,2011-04-05 12:37:00,0.42,14546.0,United Kingdom
567306,22635,CHILDS BREAKFAST SET DOLLY GIRL ,24,2011-09-19 13:32:00,8.5,12752.0,Norway
528730,21931,JUMBO STORAGE BAG SUKI,2,2010-10-24 13:28:00,1.95,13574.0,United Kingdom
533740,22055,MINI CAKE STAND  HANGING STRAWBERY,1,2010-11-18 14:07:00,3.36,,United Kingdom
502848,22520,CHILDS GARDEN TROWEL BLUE ,2,2010-03-28 14:04:00,0.85,15570.0,United Kingdom
569136,22295,HEART FILIGREE DOVE LARGE,6,2011-09-30 14:41:00,1.65,15834.0,United Kingdom
537262,22365,DOORMAT RESPECTABLE HOUSE,1,2010-12-06 11:26:00,7.95,15039.0,United Kingdom
538011,21899,"KEY FOB , GARAGE DESIGN",25,2010-12-09 12:24:00,0.65,14896.0,United Kingdom
C525925,22360,GLASS JAR ENGLISH CONFECTIONERY,-4,2010-10-07 16:46:00,2.95,16584.0,United Kingdom
491651,21210,SET OF 72 RETRO SPOT PAPER  DOILIES,12,2009-12-13 10:41:00,1.45,13768.0,United Kingdom
533591,85034A,3 GARDENIA MORRIS BOXED CANDLES,4,2010-11-18 11:59:00,4.25,16554.0,United Kingdom
580985,21623,VINTAGE UNION JACK MEMOBOARD,54,2011-12-06 16:33:00,8.5,17389.0,United Kingdom
511805,21238,RED SPOTTY CUP,8,2010-06-10 15:28:00,0.85,13059.0,United Kingdom
529072,21718,RED METAL BEACH SPADE ,4,2010-10-26 12:22:00,1.25,12577.0,France
578844,23082,SET 6 PAPER TABLE LANTERN HEARTS ,1,2011-11-25 16:14:00,7.46,,United Kingdom
499765,21085,SET/6 WOODLAND PAPER CUPS,4,2010-03-02 13:15:00,1.66,,United Kingdom
577033,23403,LETTER HOLDER HOME SWEET HOME,1,2011-11-17 13:16:00,3.75,17797.0,United Kingdom
512589,22716,CARD CIRCUS PARADE,3,2010-06-16 16:04:00,0.85,,United Kingdom
512739,21955,DOOR MAT UNION JACK GUNS AND ROSES,2,2010-06-17 14:14:00,7.49,13037.0,United Kingdom
504156,84596B,SMALL DOLLY MIX DESIGN ORANGE BOWL,1,2010-04-11 15:20:00,1.25,16372.0,United Kingdom
556917,22085,PAPER CHAIN KIT SKULLS ,40,2011-06-15 13:37:00,2.55,12415.0,Australia
536592,84976,RECTANGULAR SHAPED MIRROR,1,2010-12-01 17:06:00,3.36,,United Kingdom
574029,23083,SET 6 PAPER TABLE LANTERN STARS ,12,2011-11-02 12:34:00,3.75,12955.0,United Kingdom
566721,22549,PICTURE DOMINOES,12,2011-09-14 12:50:00,1.45,12921.0,United Kingdom
532445,21481,FAWN BLUE HOT WATER BOTTLE,1,2010-11-12 11:31:00,2.95,17772.0,United Kingdom
537382,22086,PAPER CHAIN KIT 50'S CHRISTMAS ,6,2010-12-06 13:13:00,2.95,16710.0,United Kingdom
533348,21351,CINAMMON & ORANGE WREATH,8,2010-11-17 09:22:00,5.91,,United Kingdom
509743,22616,PACK OF 12 LONDON TISSUES ,12,2010-05-25 13:21:00,0.29,17841.0,United Kingdom
508581,22250,DECORATION  BUTTERFLY  MAGIC GARDEN,16,2010-05-17 11:55:00,0.85,18287.0,United Kingdom
507229,22227,"DECORATION, HANGING HEART+MIRROR ",5,2010-05-06 20:01:00,0.65,17530.0,United Kingdom
503940,22352,LUNCH BOX WITH CUTLERY RETROSPOT ,1,2010-04-08 14:47:00,5.06,,United Kingdom
518138,84908A,PINK 5 PATCH FLOWER CUSHION COVER ,1,2010-08-04 15:48:00,5.91,,United Kingdom
577475,23460,SWEETHEART WALL TIDY ,2,2011-11-20 11:30:00,9.95,15152.0,United Kingdom
562129,21165,BEWARE OF THE CAT METAL SIGN ,12,2011-08-03 09:09:00,1.69,13186.0,United Kingdom
513751,21217,RED SPOTTY ROUND CAKE TINS,1,2010-06-28 12:43:00,9.95,13123.0,United Kingdom
578094,21136,PAINTED METAL PEARS ASSORTED,8,2011-11-22 17:23:00,1.69,16261.0,United Kingdom
522943,22132,RED LOVE HEART SHAPE CUP,12,2010-09-17 15:51:00,0.85,12543.0,Spain
502856,20679,EDWARDIAN PARASOL RED,1,2010-03-28 15:05:00,5.95,14078.0,United Kingdom
504149,21899,"KEY FOB , GARAGE DESIGN",4,2010-04-11 13:37:00,0.65,17608.0,United Kingdom
568984,21454,PAINTED PINK RABBIT ,1,2011-09-29 15:57:00,0.85,17813.0,United Kingdom
566443,22356,CHARLOTTE BAG PINK POLKADOT,10,2011-09-12 15:31:00,0.85,17071.0,United Kingdom
527087,22712,CARD DOLLY GIRL ,12,2010-10-14 15:49:00,0.42,14291.0,United Kingdom
494644,21593,SWALLOW CIGAR BOX MATCHES ,1,2010-01-17 12:12:00,1.25,16595.0,United Kingdom
529978,21832,CHOCOLATE CALCULATOR,1,2010-10-31 15:18:00,1.65,13760.0,United Kingdom
540247,85123A,WHITE HANGING HEART T-LIGHT HOLDER,3,2011-01-05 15:56:00,2.95,15464.0,United Kingdom
568369,22866,HAND WARMER SCOTTY DOG DESIGN,2,2011-09-26 16:15:00,2.1,16710.0,United Kingdom
537240,10002,INFLATABLE POLITICAL GLOBE ,1,2010-12-06 10:08:00,1.66,,United Kingdom
551055,21626,VINTAGE UNION JACK PENNANT,36,2011-04-26 11:51:00,1.95,15903.0,United Kingdom
566186,22138,BAKING SET 9 PIECE RETROSPOT ,3,2011-09-09 13:02:00,4.95,16603.0,United Kingdom
C577151,84459A,PINK METAL CHICKEN HEART ,-24,2011-11-18 09:50:00,1.49,12781.0,Czech Republic
503614,22474,SPACEBOY TV DINNER TRAY,3,2010-04-06 11:17:00,4.95,14481.0,United Kingdom
508796,22328,ROUND SNACK BOXES SET OF 4 FRUITS ,24,2010-05-18 12:44:00,2.55,15061.0,United Kingdom
535811,21258,VICTORIAN SEWING BOX LARGE,1,2010-11-28 15:18:00,12.75,15532.0,United Kingdom
565150,23432,PRETTY HANGING QUILTED HEARTS,48,2011-09-01 14:26:00,0.72,14298.0,United Kingdom
572216,84077,WORLD WAR 2 GLIDERS ASSTD DESIGNS,48,2011-10-21 12:56:00,0.29,16015.0,United Kingdom
501558,22059,CERAMIC STRWBERRY DESIGN MUG,1,2010-03-17 16:35:00,3.36,,United Kingdom
505615,22423,REGENCY CAKESTAND 3 TIER,9,2010-04-23 12:49:00,12.75,15288.0,United Kingdom
567024,82583,HOT BATHS METAL SIGN,2,2011-09-16 11:23:00,4.96,,United Kingdom
560088,22928,YELLOW GIANT GARDEN THERMOMETER,2,2011-07-14 16:42:00,5.95,15114.0,United Kingdom
545186,22375,AIRLINE BAG VINTAGE JET SET BROWN,1,2011-02-28 15:05:00,4.25,17841.0,United Kingdom
577473,21592,RETROSPOT CIGAR BOX MATCHES ,1,2011-11-20 11:28:00,1.25,15919.0,United Kingdom
550344,22494,EMERGENCY FIRST AID TIN ,96,2011-04-18 09:00:00,1.06,12754.0,Japan
534705,22141,CHRISTMAS CRAFT TREE TOP ANGEL,4,2010-11-23 16:40:00,2.1,16242.0,United Kingdom
C538350,21166,COOK WITH WINE METAL SIGN ,-2,2010-12-10 15:01:00,1.69,13798.0,United Kingdom
517668,85099C,JUMBO  BAG BAROQUE BLACK WHITE,20,2010-07-30 15:05:00,1.95,12928.0,United Kingdom
523556,21843,RED RETROSPOT CAKE STAND,1,2010-09-22 15:11:00,21.23,,United Kingdom
537374,22758,LARGE PURPLE BABUSHKA NOTEBOOK  ,1,2010-12-06 12:55:00,1.25,17259.0,United Kingdom
581217,21096,SET/6 FRUIT SALAD  PAPER PLATES,2,2011-12-08 09:20:00,0.83,,United Kingdom
559538,48184,DOORMAT ENGLISH ROSE ,1,2011-07-10 12:25:00,7.95,16880.0,United Kingdom
575930,23681,LUNCH BAG RED VINTAGE DOILY,1,2011-11-11 17:58:00,4.13,,United Kingdom
501890,22241,GARLAND WOODEN HAPPY EASTER,1,2010-03-21 14:44:00,1.25,14606.0,United Kingdom
557397,23049,RECYCLED ACAPULCO MAT RED,1,2011-06-20 11:23:00,8.25,17897.0,United Kingdom
580730,23513,EMBROIDERED RIBBON REEL SUSIE ,1,2011-12-05 17:28:00,4.13,,United Kingdom
527676,84327A,,-1,2010-10-18 14:48:00,0.0,,United Kingdom
527753,22732,3D VINTAGE CHRISTMAS STICKERS ,5,2010-10-18 16:52:00,1.25,14572.0,United Kingdom
538149,22187,GREEN CHRISTMAS TREE CARD HOLDER,2,2010-12-09 16:27:00,8.47,,United Kingdom
528384,22202,MILK PAN PINK POLKADOT,1,2010-10-21 18:27:00,3.75,14686.0,United Kingdom
515287,22131,FOOD CONTAINER SET 3 LOVE HEART ,1,2010-07-09 14:58:00,4.21,,United Kingdom
521294,22588,CARD HOLDER GINGHAM HEART,6,2010-09-03 11:42:00,2.55,16177.0,United Kingdom
573585,22662,LUNCH BAG DOLLY GIRL DESIGN,1,2011-10-31 14:41:00,4.13,,United Kingdom
566952,23340,VINTAGE CHRISTMAS CAKE FRILL,1,2011-09-15 16:37:00,3.29,,United Kingdom
493260,72739B,WHITE CHOCOLATE SCENT CANDLE,1,2009-12-22 14:31:00,2.57,,United Kingdom
566077,85053,FRENCH ENAMEL CANDLEHOLDER,48,2011-09-09 09:38:00,1.69,13441.0,United Kingdom
536390,22910,PAPER CHAIN KIT VINTAGE CHRISTMAS,40,2010-12-01 10:19:00,2.55,17511.0,United Kingdom
560551,23121,PACK OF 6 COCKTAIL PARASOL STRAWS,3,2011-07-19 12:47:00,0.42,18041.0,United Kingdom
501430,22187,GREEN CHRISTMAS TREE CARD HOLDER,4,2010-03-16 12:53:00,4.25,17679.0,United Kingdom
513308,21933,PINK VINTAGE PAISLEY PICNIC BAG,1,2010-06-23 14:49:00,5.91,,United Kingdom
492387,72351B,SET/6 PINK  BUTTERFLY T-LIGHTS,5,2009-12-16 15:13:00,2.1,15044.0,United Kingdom
548978,22720,SET OF 3 CAKE TINS PANTRY DESIGN ,6,2011-04-05 12:08:00,4.95,15727.0,United Kingdom
496904,46776D,WOVEN SUNSET CUSHION COVER ,2,2010-02-04 14:46:00,4.95,16986.0,United Kingdom
497739,22061,LARGE CAKE STAND  HANGING STRAWBERY,1,2010-02-12 10:21:00,9.95,14606.0,United Kingdom
534441,85099C,JUMBO  BAG BAROQUE BLACK WHITE,10,2010-11-22 15:19:00,1.95,13643.0,United Kingdom
517511,22384,LUNCH BAG PINK RETROSPOT,20,2010-07-29 13:23:00,1.65,16168.0,United Kingdom
532826,22470,HEART OF WICKER LARGE,1,2010-11-15 09:32:00,5.91,,United Kingdom
513468,21439,BASKET OF TOADSTOOLS,12,2010-06-24 16:24:00,1.25,12741.0,USA
517124,22273,FELTCRAFT DOLL MOLLY,6,2010-07-27 09:38:00,2.95,12801.0,Sweden
550503,85099B,JUMBO BAG RED RETROSPOT,10,2011-04-18 15:31:00,2.08,15508.0,United Kingdom
521649,21243,PINK  SPOTTY PLATE ,2,2010-09-07 13:28:00,1.69,14968.0,United Kingdom
536769,20724,RED RETROSPOT CHARLOTTE BAG,10,2010-12-02 14:47:00,0.85,17581.0,United Kingdom
558040,21400,RED PUDDING SPOON,24,2011-06-24 12:51:00,0.12,14309.0,United Kingdom
564729,22577,WOODEN HEART CHRISTMAS SCANDINAVIAN,5,2011-08-28 12:44:00,0.85,13137.0,United Kingdom
514876,21078,SET/20 STRAWBERRY PAPER NAPKINS ,96,2010-07-07 10:33:00,0.64,17511.0,United Kingdom
568944,22738,RIBBON REEL SNOWY VILLAGE,10,2011-09-29 14:50:00,1.65,16589.0,United Kingdom
567460,22416,SET OF 36 DOILIES SPACEBOY DESIGN ,1,2011-09-20 12:30:00,1.45,15888.0,United Kingdom
579694,22866,HAND WARMER SCOTTY DOG DESIGN,2,2011-11-30 14:11:00,4.13,,United Kingdom
532798,22539,MINI JIGSAW DOLLY GIRL,5,2010-11-14 14:47:00,0.42,17544.0,United Kingdom
540169,21754,HOME BUILDING BLOCK WORD,1,2011-01-05 12:20:00,5.95,14527.0,United Kingdom
C567947,21201,TROPICAL  HONEYCOMB PAPER GARLAND ,-1,2011-09-23 08:00:00,2.55,17663.0,United Kingdom
547830,22699,ROSES REGENCY TEACUP AND SAUCER ,2,2011-03-25 15:50:00,5.79,,United Kingdom
551997,22727,ALARM CLOCK BAKELIKE RED ,1,2011-05-05 15:47:00,7.46,,United Kingdom
515629,21561,DINOSAUR LUNCH BOX WITH CUTLERY,6,2010-07-14 10:23:00,2.55,16550.0,United Kingdom
544893,21527,RED RETROSPOT TRADITIONAL TEAPOT ,4,2011-02-24 12:01:00,7.95,17865.0,United Kingdom
497392,21166,COOK WITH WINE METAL SIGN ,12,2010-02-09 12:52:00,1.95,13993.0,United Kingdom
571653,22219,LOVEBIRD HANGING DECORATION WHITE ,24,2011-10-18 12:17:00,0.72,14298.0,United Kingdom
567625,23431,NATURAL HANGING QUILTED HEARTS ,12,2011-09-21 12:55:00,0.83,13627.0,United Kingdom
559607,23289,DOLLY GIRL CHILDRENS BOWL,8,2011-07-11 11:39:00,1.25,12681.0,France
557937,21175,GIN + TONIC DIET METAL SIGN,1,2011-06-23 15:30:00,4.96,,United Kingdom
536561,22632,HAND WARMER RED RETROSPOT,12,2010-12-01 15:06:00,2.1,12921.0,United Kingdom
491210,21556,CERAMIC STRAWBERRY MONEY BOX,6,2009-12-10 14:20:00,2.55,15367.0,United Kingdom
521839,22328,ROUND SNACK BOXES SET OF 4 FRUITS ,6,2010-09-09 10:50:00,2.95,12635.0,Germany
C500705,20765,CHRYSANTHEMUM SKETCHBOOK ,-4,2010-03-09 13:46:00,3.75,14748.0,United Kingdom
547650,21908,CHOCOLATE THIS WAY METAL SIGN,1,2011-03-24 12:08:00,2.1,17059.0,United Kingdom
539958,85179A,GREEN BITTY LIGHT CHAIN,2,2010-12-23 13:26:00,2.51,,United Kingdom
535951,22144,CHRISTMAS CRAFT LITTLE FRIENDS,2,2010-11-29 12:06:00,4.21,,United Kingdom
573076,20969,RED FLORAL FELTCRAFT SHOULDER BAG,4,2011-10-27 14:05:00,3.75,13488.0,United Kingdom
529096,47591D,PINK FAIRY CAKE CHILDRENS APRON,8,2010-10-26 13:48:00,1.95,13274.0,United Kingdom
569488,22689,DOORMAT MERRY CHRISTMAS RED ,2,2011-10-04 13:10:00,8.25,16440.0,United Kingdom
503824,22499,WOODEN UNION JACK BUNTING,3,2010-04-07 15:02:00,5.95,13593.0,United Kingdom
541811,22669,RED BABY BUNTING ,1,2011-01-21 15:01:00,5.79,,United Kingdom
533187,22158,3 HEARTS HANGING DECORATION RUSTIC,8,2010-11-16 14:45:00,2.95,16782.0,United Kingdom
561783,22028,PENNY FARTHING BIRTHDAY CARD,12,2011-07-29 12:50:00,0.42,16062.0,United Kingdom
567375,23360,SET 8 CANDLES VINTAGE DOILY,12,2011-09-20 09:45:00,1.95,14766.0,United Kingdom
537375,20975,12 PENCILS SMALL TUBE RED RETROSPOT,6,2010-12-06 12:55:00,0.65,17019.0,United Kingdom
558709,82494L,WOODEN FRAME ANTIQUE WHITE ,6,2011-07-01 13:02:00,2.95,17338.0,United Kingdom
547357,85194S,HANGING SPRING FLOWER EGG SMALL,24,2011-03-22 12:15:00,0.65,17613.0,United Kingdom
500091,21869,POTTING SHED COFFEE MUG,1,2010-03-04 12:06:00,3.36,,United Kingdom
542611,22637,PIGGY BANK RETROSPOT ,4,2011-01-30 14:13:00,2.55,15415.0,United Kingdom
496217,79323W, WHITE CHERRY LIGHTS,4,2010-01-29 13:46:00,6.75,13267.0,United Kingdom
552683,21428,SET3 BOOK BOX GREEN GINGHAM FLOWER ,1,2011-05-10 15:09:00,8.29,,United Kingdom
527085,22548,HEADS AND TAILS SPORTING FUN,2,2010-10-14 15:45:00,1.25,17611.0,United Kingdom
537666,22543,MINI JIGSAW BAKE A CAKE ,1,2010-12-07 18:36:00,0.85,,United Kingdom
570696,22816,CARD MOTORBIKE SANTA,12,2011-10-12 09:08:00,0.42,15840.0,United Kingdom
554672,85099B,JUMBO BAG RED RETROSPOT,10,2011-05-25 15:54:00,2.08,14415.0,United Kingdom
559685,21094,SET/6 RED SPOTTY PAPER PLATES,12,2011-07-11 15:22:00,0.85,12599.0,France
546522,84879,ASSORTED COLOUR BIRD ORNAMENT,16,2011-03-14 12:41:00,1.69,13319.0,United Kingdom
546542,20751,FUNKY WASHING UP GLOVES ASSORTED,1,2011-03-14 15:13:00,2.1,13263.0,United Kingdom
555722,47566B,TEA TIME PARTY BUNTING,1,2011-06-06 16:06:00,10.79,,United Kingdom
528766,22904,CALENDAR PAPER CUT DESIGN,12,2010-10-24 16:13:00,2.95,13564.0,United Kingdom
567972,84879,ASSORTED COLOUR BIRD ORNAMENT,16,2011-09-23 10:14:00,1.69,13949.0,United Kingdom
551174,22167, OVAL WALL MIRROR DIAMANTE ,1,2011-04-26 17:02:00,8.29,,United Kingdom
508228,15058B,PINK WHITE SPOTS GARDEN PARASOL,1,2010-05-13 16:49:00,25.49,,United Kingdom
503946,21869,POTTING SHED COFFEE MUG,12,2010-04-08 15:35:00,1.25,16168.0,United Kingdom
521329,85107,CUT GLASS T-LIGHT HOLDER OCTAGON,72,2010-09-03 12:44:00,0.85,16525.0,United Kingdom
528758,85038,6 CHOCOLATE LOVE HEART T-LIGHTS,1,2010-10-24 15:29:00,2.1,18116.0,United Kingdom
533336,22384,LUNCH BAG PINK POLKADOT,10,2010-11-16 18:10:00,1.65,12714.0,France
560772,90050,CRACKED GLAZE NECKLACE IVORY,1,2011-07-20 16:12:00,7.07,,United Kingdom
531731,90040C,MURANO STYLE GLASS BRACELET GOLD,3,2010-11-09 12:15:00,3.5,14817.0,United Kingdom
494475,21391,FRENCH EMROIDR LAVENDER SCENT HEART,3,2010-01-14 15:10:00,2.1,17377.0,United Kingdom
553702,21175,GIN + TONIC DIET METAL SIGN,2,2011-05-18 14:50:00,2.55,13263.0,United Kingdom
518115,72799E,IVORY PILLAR CANDLE SILVER FLOCK,1,2010-08-04 14:41:00,2.95,12748.0,United Kingdom
505998,21977,PACK OF 60 PINK PAISLEY CAKE CASES,24,2010-04-27 10:51:00,0.55,15367.0,United Kingdom
517871,84507B,STRIPES DESIGN MONKEY DOLL,2,2010-08-02 15:25:00,2.55,16814.0,United Kingdom
580879,22835,HOT WATER BOTTLE I AM SO POORLY,1,2011-12-06 12:18:00,4.95,17346.0,United Kingdom
560544,20754,RETROSPOT RED WASHING UP GLOVES,6,2011-07-19 12:37:00,2.1,12569.0,Germany
528649,22941,CHRISTMAS LIGHTS 10 REINDEER,4,2010-10-24 12:40:00,8.5,13327.0,United Kingdom
494359,44235,ASS COL CIRCLE MOBILE ,1,2010-01-13 15:24:00,0.42,17962.0,United Kingdom
558475,23122,PARTY CHARMS 50 PIECES,2,2011-06-29 15:58:00,1.67,,United Kingdom
548194,47566,PARTY BUNTING,1,2011-03-29 15:30:00,10.79,,United Kingdom
514734,84836,ZINC METAL HEART DECORATION,12,2010-07-06 09:58:00,1.25,14679.0,United Kingdom
581502,22596,CHRISTMAS STAR WISH LIST CHALKBOARD,24,2011-12-09 10:51:00,0.39,15910.0,United Kingdom
578519,22197,POPCORN HOLDER,6,2011-11-24 13:56:00,0.85,14591.0,United Kingdom
552229,22757,LARGE RED BABUSHKA NOTEBOOK ,1,2011-05-06 15:40:00,2.46,,United Kingdom
552724,22492,MINI PAINT SET VINTAGE ,36,2011-05-11 10:29:00,0.65,13418.0,United Kingdom
580529,84580,MOUSE TOY WITH PINK T-SHIRT,2,2011-12-04 15:35:00,3.75,14658.0,United Kingdom
536009,22628,PICNIC BOXES SET OF 3 RETROSPOT ,40,2010-11-29 15:07:00,4.25,12415.0,Australia
566179,23433,HANGING QUILTED PATCHWORK APPLES,36,2011-09-09 12:42:00,0.83,,Israel
527494,22776,SWEETHEART CAKESTAND 3 TIER,12,2010-10-18 12:04:00,8.5,14156.0,EIRE
578140,22556,PLASTERS IN TIN CIRCUS PARADE ,96,2011-11-23 10:58:00,1.45,14646.0,Netherlands
578698,23697,A PRETTY THANK YOU CARD,12,2011-11-25 10:20:00,0.42,12620.0,France
544040,22933,BAKING MOULD EASTER EGG MILK CHOC,2,2011-02-15 11:40:00,2.95,14701.0,United Kingdom
536592,21486,PINK HEART DOTS HOT WATER BOTTLE,7,2010-12-01 17:06:00,4.21,,United Kingdom
580108,21755,LOVE BUILDING BLOCK WORD,9,2011-12-01 15:42:00,6.25,14440.0,United Kingdom
522298,21211,SET OF 72 SKULL PAPER  DOILIES,12,2010-09-13 14:45:00,1.45,14913.0,United Kingdom
489810,22120,WELCOME  WOODEN BLOCK LETTERS,3,2009-12-02 12:47:00,9.95,18108.0,United Kingdom
580654,23210,WHITE ROCKING HORSE HAND PAINTED,2,2011-12-05 13:37:00,1.25,15854.0,United Kingdom
547672,22257,FELT FARM ANIMAL SHEEP,2,2011-03-24 13:54:00,1.25,17754.0,United Kingdom
563193,84580,MOUSE TOY WITH PINK T-SHIRT,1,2011-08-12 16:30:00,4.13,,United Kingdom
506700,84050,PINK HEART SHAPE EGG FRYING PAN,6,2010-05-02 13:46:00,1.65,13136.0,United Kingdom
499638,85031A,ROMANTIC IMAGES SCRAP BOOK SET,1,2010-03-01 13:45:00,3.36,,United Kingdom
526627,21535,RED RETROSPOT SMALL MILK JUG,12,2010-10-12 12:48:00,2.55,14240.0,United Kingdom
519392,84507C,BLUE CIRCLES DESIGN MONKEY DOLL,6,2010-08-16 14:49:00,2.55,16625.0,United Kingdom
519804,22100,SKULLS SQUARE TISSUE BOX,1,2010-08-20 12:31:00,1.25,16332.0,United Kingdom
494808,85049C,ROMANTIC PINKS RIBBONS ,2,2010-01-18 16:09:00,1.25,17231.0,United Kingdom
515916,20979,36 PENCILS TUBE RED SPOTTY,1,2010-07-15 13:32:00,1.25,15542.0,United Kingdom
560566,22636,CHILDS BREAKFAST SET CIRCUS PARADE,2,2011-07-19 13:45:00,8.5,12662.0,Germany
497873,22383,LUNCH BAG SUKI  DESIGN ,2,2010-02-12 17:03:00,4.21,,United Kingdom
566605,21877,HOME SWEET HOME MUG,1,2011-09-13 16:27:00,1.65,13263.0,United Kingdom
578068,22662,LUNCH BAG DOLLY GIRL DESIGN,2,2011-11-22 15:45:00,1.65,14505.0,United Kingdom
573406,23436,VINTAGE CHRISTMAS GIFT BAG LARGE ,12,2011-10-30 15:57:00,1.25,14112.0,United Kingdom
545232,22441,GROW YOUR OWN BASIL IN ENAMEL MUG,8,2011-03-01 10:19:00,2.1,15676.0,United Kingdom
580308,23518,EMBROIDERED RIBBON REEL RACHEL ,6,2011-12-02 14:30:00,2.89,14250.0,United Kingdom
513333,20973,12 PENCIL SMALL TUBE WOODLAND,1,2010-06-24 09:22:00,0.65,,United Kingdom
554958,22659,LUNCH BOX I LOVE LONDON,1,2011-05-27 15:17:00,2.46,,United Kingdom
572758,16237,SLEEPING CAT ERASERS,1,2011-10-25 18:39:00,0.42,,United Kingdom
581238,21430,SET/3 RED GINGHAM ROSE STORAGE BOX,4,2011-12-08 10:53:00,7.46,,United Kingdom
569672,21114,LAVENDER SCENTED FABRIC HEART,10,2011-10-05 13:58:00,1.25,17841.0,United Kingdom
542192,22858,EASTER TIN KEEPSAKE,6,2011-01-26 11:27:00,1.65,14049.0,United Kingdom
528613,22812,PACK 3 BOXES CHRISTMAS PANNETONE,1,2010-10-22 15:57:00,4.21,,United Kingdom
576222,22492,MINI PAINT SET VINTAGE ,36,2011-11-14 13:02:00,0.65,12490.0,France
501577,22380,TOY TIDY SPACEBOY  ,10,2010-03-18 10:20:00,2.1,,Bermuda
514985,21174,POTTERING IN THE SHED METAL SIGN,1,2010-07-07 13:55:00,1.95,15494.0,United Kingdom
551603,21929,JUMBO BAG PINK VINTAGE PAISLEY,10,2011-05-03 11:34:00,2.08,16745.0,United Kingdom
497027,48189,DOOR MAT FRIENDSHIP ,2,2010-02-05 13:17:00,6.75,13658.0,United Kingdom
560394,22371,AIRLINE BAG VINTAGE TOKYO 78,4,2011-07-18 13:35:00,4.25,14390.0,United Kingdom
558771,22096,PINK PAISLEY SQUARE TISSUE BOX ,4,2011-07-03 15:53:00,0.39,17105.0,United Kingdom
513574,21213,PACK OF 72 SKULL CAKE CASES,1,2010-06-25 15:13:00,1.28,,United Kingdom
518881,22380,TOY TIDY SPACEBOY  ,3,2010-08-12 13:14:00,2.1,13069.0,United Kingdom
496443,22411,JUMBO SHOPPER VINTAGE RED PAISLEY,10,2010-02-01 13:45:00,1.95,13156.0,United Kingdom
537138,84508C,BLUE CIRCLES DESIGN TEDDY,4,2010-12-05 12:44:00,2.55,17211.0,United Kingdom
519723,22031,BOTANICAL LAVENDER BIRTHDAY CARD,12,2010-08-19 17:04:00,0.42,13842.0,United Kingdom
564756,21907,I'M ON HOLIDAY METAL SIGN,2,2011-08-30 10:33:00,4.13,,United Kingdom
533136,22030,SWALLOWS GREETING CARD,36,2010-11-16 12:52:00,0.42,17203.0,United Kingdom
574532,23103,JINGLE BELL HEART DECORATION,24,2011-11-04 14:19:00,1.65,15676.0,United Kingdom
581098,22488,NATURAL SLATE RECTANGLE CHALKBOARD,12,2011-12-07 11:42:00,1.65,14911.0,EIRE
557495,21218,RED SPOTTY BISCUIT TIN,1,2011-06-20 15:19:00,8.29,,United Kingdom
545215,20713,JUMBO BAG OWLS,1,2011-02-28 16:47:00,4.13,,United Kingdom
534319,22855,FINE WICKER HEART ,4,2010-11-22 11:37:00,2.51,,United Kingdom
577078,82551,LAUNDRY 15C METAL SIGN,1,2011-11-17 15:17:00,2.46,,United Kingdom
506397,48187,DOOR MAT NEW ENGLAND,2,2010-04-29 13:29:00,7.49,14732.0,United Kingdom
540646,84519B,CARROT CHARLIE+LOLA COASTER SET,1,2011-01-10 14:32:00,3.36,,United Kingdom
537871,20975,12 PENCILS SMALL TUBE RED RETROSPOT,48,2010-12-08 17:20:00,0.65,12748.0,United Kingdom
560773,21716,BOYS VINTAGE TIN SEASIDE BUCKET,3,2011-07-20 16:17:00,2.46,,United Kingdom
576201,22358,KINGS CHOICE TEA CADDY ,1,2011-11-14 12:18:00,2.95,14606.0,United Kingdom
543660,21731,RED TOADSTOOL LED NIGHT LIGHT,4,2011-02-11 10:40:00,3.29,,United Kingdom
518775,21272,SALLE DE BAIN HOOK,1,2010-08-11 15:46:00,2.51,,United Kingdom
575766,21584,RETROSPOT SMALL TUBE MATCHES,4,2011-11-11 11:06:00,1.65,12856.0,United Kingdom
514198,15044D,RED PAPER PARASOL,1,2010-06-30 15:55:00,5.91,,United Kingdom
545188,22561,WOODEN SCHOOL COLOURING SET,3,2011-02-28 15:19:00,1.65,14056.0,United Kingdom
550826,21756,BATH BUILDING BLOCK WORD,3,2011-04-21 10:12:00,5.95,17158.0,United Kingdom
497166,85113,POLKA DOT PISTACHIO PAIL,1,2010-02-05 17:21:00,4.21,,United Kingdom
570598,23164,REGENCY CAKE SLICE,4,2011-10-11 11:55:00,4.95,14175.0,United Kingdom
511943,21466,RED FLOWER CROCHET FOOD COVER,1,2010-06-11 12:25:00,3.75,17902.0,United Kingdom
542278,84688,BEACH HUT DESIGN BLACKBOARD,6,2011-01-27 10:43:00,4.25,14911.0,EIRE
569826,22623,BOX OF VINTAGE JIGSAW BLOCKS ,3,2011-10-06 12:25:00,5.95,18161.0,United Kingdom
559163,21801,CHRISTMAS TREE DECORATION WITH BELL,3,2011-07-06 16:33:00,0.42,,United Kingdom
578078,22845,VINTAGE CREAM CAT FOOD CONTAINER,2,2011-11-22 16:24:00,6.35,12586.0,Italy
552663,22386,JUMBO BAG PINK POLKADOT,2,2011-05-10 15:04:00,4.13,,United Kingdom
562892,21974,SET OF 36 PAISLEY FLOWER DOILIES,12,2011-08-10 12:24:00,1.45,16292.0,United Kingdom
536890,17091J,VANILLA INCENSE IN TIN,72,2010-12-03 11:48:00,0.85,14156.0,EIRE
517337,82581,TOILET METAL SIGN,12,2010-07-28 13:38:00,0.55,16177.0,United Kingdom
550662,21166,COOK WITH WINE METAL SIGN ,12,2011-04-20 09:29:00,2.08,15078.0,United Kingdom
521483,48129,DOORMAT TOPIARY,10,2010-09-06 13:26:00,6.35,13093.0,United Kingdom
560918,23052,RECYCLED ACAPULCO MAT TURQUOISE,2,2011-07-21 18:27:00,8.25,14849.0,United Kingdom
534396,22757,LARGE RED BABUSHKA NOTEBOOK ,24,2010-11-22 13:15:00,1.25,15497.0,United Kingdom
560921,22489,PACK OF 12 TRADITIONAL CRAYONS,24,2011-07-21 19:17:00,0.42,16224.0,United Kingdom
580317,22156,HEART DECORATION WITH PEARLS ,12,2011-12-02 15:29:00,0.85,13458.0,United Kingdom
567211,22996,TRAVEL CARD WALLET VINTAGE TICKET,4,2011-09-19 11:02:00,0.42,14159.0,United Kingdom
495699,21210,SET OF 72 RETRO SPOT PAPER  DOILIES,48,2010-01-26 12:38:00,1.45,12709.0,Germany
C557515,21429,RED GINGHAM ROSE JEWELLERY BOX,-1,2011-06-20 17:05:00,1.95,17463.0,United Kingdom
552064,22360,GLASS JAR ENGLISH CONFECTIONERY,1,2011-05-06 11:05:00,2.95,15874.0,United Kingdom
574830,84997B,CHILDRENS CUTLERY RETROSPOT RED ,4,2011-11-07 11:21:00,4.15,16053.0,United Kingdom
510174,21902,"KEY FOB , FRONT  DOOR ",24,2010-05-27 14:51:00,0.65,13357.0,United Kingdom
547332,21613,,-47,2011-03-22 11:42:00,0.0,,United Kingdom
547788,23184,BULL DOG BOTTLE OPENER,1,2011-03-25 12:00:00,9.96,,United Kingdom
516157,85123A,WHITE HANGING HEART T-LIGHT HOLDER,3,2010-07-18 11:49:00,2.95,17261.0,United Kingdom
495957,21357,TOAST ITS - DINOSAUR,12,2010-01-28 09:27:00,1.25,17695.0,United Kingdom
560553,23077,DOUGHNUT LIP GLOSS ,20,2011-07-19 12:58:00,1.25,13991.0,United Kingdom
556728,21931,JUMBO STORAGE BAG SUKI,1,2011-06-14 11:36:00,2.08,15719.0,United Kingdom
556813,21155,RED RETROSPOT PEG BAG,1,2011-06-14 17:28:00,4.96,,United Kingdom
563184,22969,HOMEMADE JAM SCENTED CANDLES,12,2011-08-12 14:50:00,1.45,17516.0,United Kingdom
574104,23211,RED ROCKING HORSE HAND PAINTED,24,2011-11-03 10:45:00,1.25,12615.0,France
502763,21495,SKULLS WRAP,25,2010-03-26 13:57:00,0.42,17966.0,United Kingdom
562791,22154,ANGEL DECORATION 3 BUTTONS ,48,2011-08-09 14:18:00,0.42,17730.0,United Kingdom
553183,22519,CHILDS GARDEN BRUSH PINK,6,2011-05-15 12:31:00,2.1,16076.0,United Kingdom
559823,22621,TRADITIONAL KNITTING NANCY,12,2011-07-12 17:21:00,1.65,12919.0,United Kingdom
560090,85176,SEWING SUSAN 21 NEEDLE SET,2,2011-07-14 16:46:00,0.79,,United Kingdom
491041,21356,TOAST ITS - FAIRY FLOWER,2,2009-12-09 09:42:00,2.57,,United Kingdom
565788,22358,KINGS CHOICE TEA CADDY ,6,2011-09-07 08:18:00,2.95,13210.0,United Kingdom
574356,35970,ZINC FOLKART SLEIGH BELLS,2,2011-11-04 10:48:00,4.13,,United Kingdom
493074,20781,GOLD EAR MUFF HEADPHONES,1,2009-12-22 09:45:00,11.26,,United Kingdom
570690,22086,PAPER CHAIN KIT 50'S CHRISTMAS ,1,2011-10-11 16:37:00,5.79,,United Kingdom
527436,22766,PHOTO FRAME CORNICE,8,2010-10-18 08:11:00,2.95,15786.0,United Kingdom
513369,21977,PACK OF 60 PINK PAISLEY CAKE CASES,1,2010-06-24 11:35:00,1.28,,United Kingdom
536885,22834,HAND WARMER BABUSHKA DESIGN,12,2010-12-03 11:42:00,2.1,,EIRE
511452,21624,VINTAGE UNION JACK DOORSTOP,1,2010-06-08 12:44:00,11.87,,United Kingdom
518562,85123A,WHITE HANGING HEART T-LIGHT HOLDER,6,2010-08-10 10:29:00,2.95,13476.0,United Kingdom
514673,20828,GLITTER BUTTERFLY CLIPS,18,2010-07-05 13:26:00,2.55,17491.0,United Kingdom
574076,22573,STAR WOODEN CHRISTMAS DECORATION,6,2011-11-02 15:38:00,1.63,,United Kingdom
489597,21490,SET OF THREE 50'S GIFT WRAPS ,2,2009-12-01 14:28:00,4.3,,United Kingdom
554059,21559,STRAWBERRY LUNCH BOX WITH CUTLERY,6,2011-05-20 16:25:00,2.55,14388.0,United Kingdom
516127,22643,,-2560,2010-07-16 15:00:00,0.0,,United Kingdom
492303,21485,RED SPOT HEART HOT WATER BOTTLE,2,2009-12-16 11:57:00,11.26,,United Kingdom
578334,20981,12 PENCILS TALL TUBE WOODLAND,12,2011-11-24 08:53:00,0.85,15594.0,United Kingdom
533154,21535,RED RETROSPOT SMALL MILK JUG,6,2010-11-16 14:01:00,2.55,13458.0,United Kingdom
560901,22624,IVORY KITCHEN SCALES,2,2011-07-21 17:39:00,8.5,12476.0,Germany
564747,23089,GLASS BON BON JAR,6,2011-08-28 16:09:00,1.65,14869.0,United Kingdom
516112,22476,EMPIRE UNION JACK TV DINNER TRAY,3,2010-07-16 13:53:00,4.95,13958.0,United Kingdom
C516606,21539,RED RETROSPOT BUTTER DISH,-1,2010-07-21 14:30:00,4.95,14766.0,United Kingdom
570488,22734,SET OF 6 RIBBONS VINTAGE CHRISTMAS,3,2011-10-10 17:12:00,5.79,14096.0,United Kingdom
558119,72801c,4 ROSE PINK DINNER CANDLES,2,2011-06-27 09:12:00,2.46,,United Kingdom
494007,35001G,HAND OPEN SHAPE GOLD,1,2010-01-10 16:03:00,4.25,14606.0,United Kingdom
580513,22411,JUMBO SHOPPER VINTAGE RED PAISLEY,1,2011-12-04 13:59:00,2.08,14456.0,United Kingdom
566441,23425,STORAGE TIN HOME SWEET HOME,6,2011-09-12 15:23:00,2.49,17719.0,United Kingdom
559864,20724,RED RETROSPOT CHARLOTTE BAG,10,2011-07-13 10:38:00,0.85,14916.0,United Kingdom
552803,47567B,TEA TIME KITCHEN APRON,2,2011-05-11 12:32:00,5.95,14573.0,United Kingdom
515830,22553,PLASTERS IN TIN SKULLS,3,2010-07-15 11:10:00,1.65,15530.0,United Kingdom
566221,23204,CHARLOTTE BAG APPLES DESIGN,1,2011-09-09 16:13:00,1.63,,United Kingdom
537823,22758,LARGE PURPLE BABUSHKA NOTEBOOK  ,1,2010-12-08 14:25:00,2.51,,United Kingdom
547202,72800E,4 IVORY DINNER CANDLES SILVER FLOCK,1,2011-03-21 13:38:00,2.55,17841.0,United Kingdom
C492653,84608,ORNATE EDWARDIAN CANDLE HOLDER,-2,2009-12-17 17:47:00,7.95,13834.0,United Kingdom
553004,23232,WRAP VINTAGE PETALS  DESIGN,25,2011-05-12 16:11:00,0.42,17764.0,United Kingdom
515420,21790,VINTAGE SNAP CARDS,6,2010-07-12 13:15:00,0.85,17365.0,United Kingdom
504870,21524,DOOR MAT SPOTTY HOME SWEET HOME,2,2010-04-18 12:33:00,7.49,14532.0,United Kingdom
556108,84969,BOX OF 6 ASSORTED COLOUR TEASPOONS,2,2011-06-08 17:59:00,3.29,,United Kingdom
529818,22560,TRADITIONAL MODELLING CLAY,1,2010-10-31 11:22:00,1.25,14087.0,United Kingdom
570010,23418,LAVENDER TOILETTE BOTTLE,12,2011-10-07 09:42:00,2.08,15297.0,United Kingdom
567853,17003,BROCADE RING PURSE ,72,2011-09-22 13:31:00,0.39,15484.0,United Kingdom
572490,22728,ALARM CLOCK BAKELIKE PINK,1,2011-10-24 13:59:00,3.75,14467.0,United Kingdom
536401,20966,SANDWICH BATH SPONGE,3,2010-12-01 11:21:00,1.25,15862.0,United Kingdom
532139,84378,SET OF 3 HEART COOKIE CUTTERS,1,2010-11-11 11:18:00,2.51,,United Kingdom
502591,21461,BLUE EASTER EGG HUNT START POST,1,2010-03-25 12:54:00,1.95,17841.0,United Kingdom
525421,22624,IVORY KITCHEN SCALES,12,2010-10-05 12:52:00,7.65,16019.0,United Kingdom
572552,84976,RECTANGULAR SHAPED MIRROR,1,2011-10-24 17:07:00,3.29,14096.0,United Kingdom
575318,22910,PAPER CHAIN KIT VINTAGE CHRISTMAS,6,2011-11-09 13:17:00,2.95,14921.0,United Kingdom
C580971,22313,OFFICE MUG WARMER PINK,-250,2011-12-06 15:04:00,2.55,14298.0,United Kingdom
560225,23265,SET OF 3 WOODEN TREE DECORATIONS,1,2011-07-15 16:27:00,2.46,,United Kingdom
565594,84077,WORLD WAR 2 GLIDERS ASSTD DESIGNS,48,2011-09-05 14:11:00,0.29,13510.0,United Kingdom
550499,85099C,JUMBO  BAG BAROQUE BLACK WHITE,1,2011-04-18 15:16:00,4.13,,United Kingdom
538849,22203,MILK PAN RED RETROSPOT,2,2010-12-14 13:31:00,3.75,14415.0,United Kingdom
531903,22593,CHRISTMAS GINGHAM STAR,24,2010-11-10 12:03:00,0.85,13632.0,United Kingdom
507388,22138,BAKING SET 9 PIECE RETROSPOT ,3,2010-05-09 12:12:00,4.95,14474.0,United Kingdom
524558,22263,FELT EGG COSY LADYBIRD ,2,2010-09-29 14:36:00,1.66,,United Kingdom
499478,21899,"KEY FOB , GARAGE DESIGN",5,2010-02-28 12:50:00,0.65,15664.0,United Kingdom
C555529,22698,PINK REGENCY TEACUP AND SAUCER,-24,2011-06-05 11:45:00,2.95,16923.0,United Kingdom
525410,22629,SPACEBOY LUNCH BOX ,12,2010-10-05 12:37:00,1.95,16393.0,United Kingdom
566428,47503A,ASS FLORAL PRINT MULTI SCREWDRIVER,24,2011-09-12 14:24:00,0.42,15932.0,United Kingdom
574544,21787,RAIN PONCHO RETROSPOT,10,2011-11-04 14:49:00,0.85,17084.0,United Kingdom
561080,23342,MINT DINER WALL CLOCK,1,2011-07-24 16:13:00,8.5,,United Kingdom
567804,21428,SET3 BOOK BOX GREEN GINGHAM FLOWER ,1,2011-09-22 12:13:00,4.25,17920.0,United Kingdom
517865,21524,DOORMAT SPOTTY HOME SWEET HOME,2,2010-08-02 14:24:00,7.49,16655.0,United Kingdom
C501416,22311,OFFICE MUG WARMER BLACK+SILVER ,-2,2010-03-16 11:37:00,4.95,13979.0,United Kingdom
530288,22465,HANGING METAL STAR LANTERN,12,2010-11-02 12:16:00,1.65,14593.0,United Kingdom
494019,21080,SET/20 RED SPOTTY PAPER NAPKINS ,3,2010-01-11 09:38:00,1.7,,United Kingdom
C548469,22624,IVORY KITCHEN SCALES,-4,2011-03-31 12:32:00,7.65,14543.0,United Kingdom
505965,21181,PLEASE ONE PERSON METAL SIGN,1,2010-04-26 15:43:00,2.1,16242.0,United Kingdom
537387,71053,WHITE METAL LANTERN,4,2010-12-06 13:34:00,3.75,13468.0,United Kingdom
519560,20828,GLITTER BUTTERFLY CLIPS,5,2010-08-18 11:34:00,5.06,,United Kingdom
494814,21238,RED SPOTTY CUP,2,2010-01-19 09:05:00,1.66,,United Kingdom
515703,84279P,CHERRY BLOSSOM  DECORATIVE FLASK,1,2010-07-14 12:29:00,3.75,14656.0,United Kingdom
574722,22362,GLASS JAR PEACOCK BATH SALTS,2,2011-11-06 14:45:00,2.95,14502.0,United Kingdom
534319,22467,GUMBALL COAT RACK,8,2010-11-22 11:37:00,5.06,,United Kingdom
571824,22814,CARD PARTY GAMES ,12,2011-10-19 11:49:00,0.42,12472.0,Germany
564372,16048,TEATIME ROUND PENCIL SHARPENER ,24,2011-08-25 09:55:00,0.12,12714.0,France
510519,84839,SWEETHEART KEY CABINET,1,2010-06-01 13:49:00,12.72,,United Kingdom
554016,84945,MULTI COLOUR SILVER T-LIGHT HOLDER,6,2011-05-20 13:14:00,0.85,13243.0,United Kingdom
539588,82484,WOOD BLACK BOARD ANT WHITE FINISH,2,2010-12-20 13:11:00,6.45,14527.0,United Kingdom
568528,22960,JAM MAKING SET WITH JARS,6,2011-09-27 13:32:00,4.25,13979.0,United Kingdom
513383,20711,JUMBO BAG TOYS ,4,2010-06-24 11:39:00,4.21,,United Kingdom
505516,22115,METAL SIGN EMPIRE TEA,2,2010-04-22 15:31:00,2.95,15768.0,United Kingdom
541265,22268,EASTER DECORATION SITTING BUNNY,2,2011-01-16 16:23:00,0.85,17609.0,United Kingdom
558262,22697,GREEN REGENCY TEACUP AND SAUCER,24,2011-06-28 08:45:00,2.55,14646.0,Netherlands
572290,23554,LANDMARK FRAME OXFORD STREET,2,2011-10-23 12:46:00,12.5,14800.0,United Kingdom
537867,84029E,RED WOOLLY HOTTIE WHITE HEART.,4,2010-12-08 16:48:00,3.75,16717.0,United Kingdom
533737,22654,DELUXE SEWING KIT ,1,2010-11-18 13:55:00,11.87,,United Kingdom
553343,21714,CITRONELLA CANDLE GARDEN POT,12,2011-05-16 12:35:00,1.25,16642.0,United Kingdom
554096,22568,FELTCRAFT CUSHION OWL,4,2011-05-22 12:51:00,3.75,14921.0,United Kingdom
549568,22294,HEART FILIGREE DOVE  SMALL,24,2011-04-10 15:09:00,1.25,15665.0,United Kingdom
490116,22302,COFFEE MUG PEARS  DESIGN,12,2009-12-03 17:33:00,2.55,17679.0,United Kingdom
572272,22469,HEART OF WICKER SMALL,4,2011-10-21 16:18:00,1.65,13171.0,United Kingdom
501011,20750,RED/WHITE DOT MINI CASES,2,2010-03-11 15:36:00,7.95,15768.0,United Kingdom
562553,22961,JAM MAKING SET PRINTED,1,2011-08-05 16:34:00,3.29,,United Kingdom
504160,82581,TOILET METAL SIGN,1,2010-04-11 15:54:00,0.55,15555.0,United Kingdom
535645,17003,BROCADE RING PURSE ,72,2010-11-28 10:41:00,0.21,15860.0,United Kingdom
533360,84879,ASSORTED COLOUR BIRD ORNAMENT,8,2010-11-17 10:08:00,3.19,,United Kingdom
491935,85099C,JUMBO  BAG BAROQUE BLACK WHITE,4,2009-12-14 15:38:00,1.95,16125.0,United Kingdom
547042,82567,"AIRLINE LOUNGE,METAL SIGN",1,2011-03-20 11:00:00,1.63,,United Kingdom
578344,23077,DOUGHNUT LIP GLOSS ,1,2011-11-24 09:21:00,2.46,,United Kingdom
572193,23507,MINI PLAYING CARDS BUFFALO BILL ,500,2011-10-21 11:33:00,0.42,15061.0,United Kingdom
517133,21673,WHITE SPOT BLUE CERAMIC DRAWER KNOB,6,2010-07-27 10:26:00,1.25,15039.0,United Kingdom
576648,22616,PACK OF 12 LONDON TISSUES ,48,2011-11-16 10:32:00,0.39,14057.0,United Kingdom
573361,22383,LUNCH BAG SUKI DESIGN ,6,2011-10-30 12:53:00,1.65,14456.0,United Kingdom
503823,22082,RIBBON REEL STRIPES DESIGN ,1,2010-04-07 14:59:00,3.36,,United Kingdom
565877,22139,RETROSPOT TEA SET CERAMIC 11 PC ,24,2011-09-07 15:13:00,4.25,15189.0,United Kingdom
544914,21495,SKULLS AND CROSSBONES WRAP,25,2011-02-24 15:39:00,0.42,16722.0,United Kingdom
491738,16169C,WRAP BLUE REINDEER,25,2009-12-14 10:49:00,0.42,12472.0,Germany
511460,22242,"HOOK, 5 HANGER , MAGIC TOADSTOOL",96,2010-06-08 12:53:00,1.45,12647.0,Germany
567190,22865,HAND WARMER OWL DESIGN,12,2011-09-19 09:14:00,2.1,18226.0,United Kingdom
547489,21624,VINTAGE UNION JACK DOORSTOP,3,2011-03-23 11:44:00,5.95,17830.0,United Kingdom
533133,21028,NINJA RABBIT BLACK,1,2010-11-16 12:50:00,1.25,15850.0,United Kingdom
506566,84375,SET OF 20 KIDS COOKIE CUTTERS,2,2010-04-30 12:46:00,1.95,14648.0,United Kingdom
499798,22286,"DECORATION , WOBBLY RABBIT , METAL ",12,2010-03-02 15:37:00,1.65,16523.0,United Kingdom
494476,85199S,SMALL HANGING IVORY/RED WOOD BIRD,24,2010-01-14 15:24:00,0.42,15222.0,United Kingdom
539453,21984,PACK OF 12 PINK PAISLEY TISSUES ,3,2010-12-17 17:08:00,0.85,,United Kingdom
571476,85034A,3 GARDENIA MORRIS BOXED CANDLES,1,2011-10-17 14:51:00,1.25,13546.0,United Kingdom
491782,82483,WOOD 2 DRAWER CABINET WHITE FINISH,4,2009-12-14 12:48:00,5.95,15534.0,United Kingdom
537237,21945,STRAWBERRIES  DESIGN FLANNEL ,1,2010-12-06 09:58:00,1.66,,United Kingdom
541262,84760S,SMALL HANGING GLASS+ZINC LANTERN,2,2011-01-16 15:50:00,1.45,18069.0,United Kingdom
576859,22940,FELTCRAFT CHRISTMAS FAIRY,12,2011-11-16 15:56:00,4.25,18167.0,United Kingdom
549839,22296,HEART IVORY TRELLIS LARGE,12,2011-04-12 13:45:00,1.65,15212.0,United Kingdom
501182,20972,PINK CREAM FELT CRAFT TRINKET BOX ,12,2010-03-15 11:39:00,1.25,16186.0,United Kingdom
564563,22791,T-LIGHT GLASS FLUTED ANTIQUE,72,2011-08-26 10:32:00,1.06,13630.0,United Kingdom
503790,84978,HANGING HEART JAR T-LIGHT HOLDER,12,2010-04-07 12:45:00,1.25,13174.0,United Kingdom
524192,21242,RED SPOTTY PLATE ,1,2010-09-28 09:33:00,3.36,,United Kingdom
491155,21955,UNION JACK GUNS & ROSES  DOORMAT,1,2009-12-10 09:49:00,13.87,,United Kingdom
558769,21034,REX CASH+CARRY JUMBO SHOPPER,2,2011-07-03 14:58:00,0.95,17899.0,United Kingdom
539737,35961,FOLKART ZINC HEART CHRISTMAS DEC,1,2010-12-21 15:19:00,1.66,,United Kingdom
579458,23369,SET 36 COLOUR PENCILS LOVE LONDON,1,2011-11-29 14:38:00,1.25,16549.0,United Kingdom
576618,22152,PLACE SETTING WHITE STAR,1,2011-11-15 17:00:00,1.63,,United Kingdom
555549,85123A,WHITE HANGING HEART T-LIGHT HOLDER,8,2011-06-05 13:24:00,2.95,13637.0,United Kingdom
537433,22086,PAPER CHAIN KIT 50'S CHRISTMAS ,80,2010-12-06 16:36:00,2.55,12913.0,United Kingdom
560259,23203,JUMBO BAG DOILEY PATTERNS,10,2011-07-17 13:29:00,2.08,13654.0,United Kingdom
557149,22439,6 ROCKET BALLOONS ,3,2011-06-17 11:01:00,0.65,17961.0,United Kingdom
566233,22303,COFFEE MUG APPLES DESIGN,6,2011-09-11 11:04:00,2.55,12635.0,Germany
546305,84945,MULTI COLOUR SILVER T-LIGHT HOLDER,12,2011-03-10 16:16:00,0.85,14056.0,United Kingdom
554310,84832,ZINC WILLIE WINKIE  CANDLE STICK,1,2011-05-23 15:25:00,1.63,,United Kingdom
511432,21754,HOME BUILDING BLOCK WORD,6,2010-06-08 11:48:00,5.95,16713.0,United Kingdom
499883,22214,CANDLE PLATE LACE WHITE,6,2010-03-03 10:54:00,2.55,16947.0,United Kingdom
514518,22660,DOORMAT I LOVE LONDON,2,2010-07-05 09:01:00,6.35,17850.0,United Kingdom
535811,21816,CHRISTMAS TREE T-LIGHT HOLDER,2,2010-11-28 15:18:00,1.45,15532.0,United Kingdom
506070,22383,LUNCH BAG SUKI  DESIGN ,30,2010-04-27 11:54:00,1.65,17139.0,United Kingdom
579470,21390,FILIGRIS HEART WITH BUTTERFLY,4,2011-11-29 15:06:00,1.25,16549.0,United Kingdom
550204,22411,JUMBO SHOPPER VINTAGE RED PAISLEY,2,2011-04-15 10:37:00,4.13,,United Kingdom
568567,21126,SET OF 6 GIRLS CELEBRATION CANDLES,3,2011-09-27 18:41:00,1.25,,United Kingdom
569545,22547,MINI JIGSAW DINOSAUR ,1,2011-10-04 16:37:00,0.83,,United Kingdom
566292,21901,"KEY FOB , BACK DOOR ",24,2011-09-11 15:35:00,0.65,13381.0,United Kingdom
509668,21462,"NURSERY A,B,C PAINTED LETTERS",3,2010-05-25 12:03:00,6.75,14049.0,United Kingdom
548984,22555,PLASTERS IN TIN STRONGMAN,3,2011-04-05 12:37:00,1.65,14546.0,United Kingdom
563262,22675,FRENCH KITCHEN SIGN BLUE METAL,2,2011-08-15 12:44:00,1.25,15311.0,United Kingdom
537240,21328,BALLOONS  WRITING SET ,1,2010-12-06 10:08:00,3.36,,United Kingdom
574276,22560,TRADITIONAL MODELLING CLAY,232,2011-11-03 14:39:00,1.06,17857.0,United Kingdom
537376,22568,FELTCRAFT CUSHION OWL,24,2010-12-06 12:59:00,3.39,16722.0,United Kingdom
527964,21967,PACK OF 12 SKULL TISSUES,48,2010-10-20 09:45:00,0.29,14790.0,United Kingdom
512102,22360,GLASS JAR ENGLISH CONFECTIONERY,2,2010-06-13 13:46:00,2.95,14224.0,United Kingdom
533572,84596B,SMALL DOLLY MIX DESIGN ORANGE BOWL,8,2010-11-18 10:44:00,1.25,15810.0,United Kingdom
503940,21080,SET/20 RED SPOTTY PAPER NAPKINS ,1,2010-04-08 14:47:00,1.66,,United Kingdom
567628,22178,VICTORIAN GLASS HANGING T-LIGHT,24,2011-09-21 13:01:00,1.95,14060.0,United Kingdom
574726,35972,DAISY FOLKART HEART DECORATION,4,2011-11-06 14:56:00,1.25,14664.0,United Kingdom
551987,82581,TOILET METAL SIGN,3,2011-05-05 14:55:00,0.55,15005.0,United Kingdom
557112,22035,VINTAGE CARAVAN GREETING CARD ,1,2011-06-16 16:31:00,0.83,,United Kingdom
536796,22899,CHILDREN'S APRON DOLLY GIRL ,1,2010-12-02 15:46:00,2.1,15574.0,United Kingdom
559903,23298,SPOTTY BUNTING,6,2011-07-13 13:16:00,4.95,12935.0,United Kingdom
515350,85123A,WHITE HANGING HEART T-LIGHT HOLDER,32,2010-07-12 10:46:00,2.55,13895.0,United Kingdom
539044,77101A,UNION FLAG WINDSOCK,4,2010-12-15 15:47:00,1.25,15727.0,United Kingdom
505563,85047,WHITE BEADED GARLAND STRING 20LIGHT,6,2010-04-23 10:37:00,6.35,16168.0,United Kingdom
555245,22432,WATERING CAN PINK BUNNY,4,2011-06-01 14:12:00,1.95,14800.0,United Kingdom
C510224,21656,RIDGED GLASS POSY VASE ,-2,2010-05-28 08:44:00,1.45,17169.0,United Kingdom
494619,21210,SET OF 72 RETRO SPOT PAPER  DOILIES,12,2010-01-15 14:50:00,1.45,12631.0,Finland
571292,21934,SKULL SHOULDER BAG,4,2011-10-16 15:45:00,1.65,15311.0,United Kingdom
551775,22727,ALARM CLOCK BAKELIKE RED ,4,2011-05-04 11:21:00,3.75,12886.0,United Kingdom
490534,20669,RED HEART LUGGAGE TAG,1,2009-12-06 16:17:00,1.25,17530.0,United Kingdom
492175,84472,PINK AND LILAC QUILTED THROW ,1,2009-12-15 15:18:00,45.95,13756.0,United Kingdom
494647,22328,ROUND SNACK BOXES SET OF 4 FRUITS ,1,2010-01-17 12:25:00,2.95,17920.0,United Kingdom
506687,21172,PARTY METAL SIGN ,200,2010-05-02 11:51:00,1.25,12931.0,United Kingdom
521031,21314,SMALL GLASS HEART TRINKET POT,1,2010-09-01 17:17:00,4.21,,United Kingdom
544292,22720,SET OF 3 CAKE TINS PANTRY DESIGN ,2,2011-02-17 12:33:00,4.95,16745.0,United Kingdom
575117,22144,CHRISTMAS CRAFT LITTLE FRIENDS,1,2011-11-08 14:22:00,2.1,12748.0,United Kingdom
550500,23205,CHARLOTTE BAG VINTAGE ALPHABET ,4,2011-04-18 15:26:00,1.63,,United Kingdom
578852,46000M,POLYESTER FILLER PAD 45x45cm,3,2011-11-27 11:12:00,1.55,17841.0,United Kingdom
547841,23156,SET OF 5 MINI GROCERY MAGNETS,3,2011-03-27 11:02:00,2.08,16923.0,United Kingdom
539958,20675,BLUE POLKADOT BOWL,1,2010-12-23 13:26:00,2.51,,United Kingdom
492226,22293,"SPRING DEC , HANGING CHICK  GREEN",1,2009-12-15 18:33:00,3.04,,United Kingdom
537795,84947,ANTIQUE SILVER TEA GLASS ENGRAVED,12,2010-12-08 13:03:00,1.25,17213.0,United Kingdom
525973,22668,PINK BABY BUNTING,1,2010-10-08 10:22:00,5.91,,United Kingdom
578057,17003,BROCADE RING PURSE ,36,2011-11-22 15:05:00,0.39,12920.0,United Kingdom
536874,84987,SET OF 36 TEATIME PAPER DOILIES,1,2010-12-03 11:35:00,1.45,16891.0,United Kingdom
568050,22098,BOUDOIR SQUARE TISSUE BOX,3,2011-09-23 12:38:00,0.39,15901.0,United Kingdom
521484,20718,RED SPOTTY SHOPPER BAG,2,2010-09-06 13:26:00,1.25,17585.0,United Kingdom
550280,22151,PLACE SETTING WHITE HEART,27,2011-04-15 13:31:00,0.42,13048.0,United Kingdom
512534,22411,JUMBO SHOPPER VINTAGE RED PAISLEY,3,2010-06-16 12:08:00,1.95,16393.0,United Kingdom
567183,22961,JAM MAKING SET PRINTED,2,2011-09-18 15:33:00,1.45,14769.0,United Kingdom
559305,85017B,ENVELOPE 50 BLOSSOM IMAGES,6,2011-07-07 12:56:00,0.42,17892.0,United Kingdom
574532,21695,SMALL SILVER FLOWER CANDLE POT,6,2011-11-04 14:19:00,2.95,15676.0,United Kingdom
558102,20981,12 PENCILS TALL TUBE WOODLAND,2,2011-06-26 14:06:00,0.85,17372.0,United Kingdom
560010,22326,ROUND SNACK BOXES SET OF4 WOODLAND ,6,2011-07-14 12:48:00,2.95,13178.0,United Kingdom
529068,22356,CHARLOTTE BAG PINK POLKADOT,1,2010-10-26 12:14:00,1.66,,United Kingdom
543411,84380,SET OF 3 BUTTERFLY COOKIE CUTTERS,12,2011-02-08 11:31:00,1.25,12576.0,Poland
569223,22943,CHRISTMAS LIGHTS 10 VINTAGE BAUBLES,4,2011-10-02 13:49:00,4.95,16283.0,United Kingdom
564650,23289,DOLLY GIRL CHILDRENS BOWL,144,2011-08-26 14:17:00,1.05,14646.0,Netherlands
498260,84992,72 SWEETHEART FAIRY CAKE CASES,24,2010-02-17 14:47:00,0.55,13317.0,United Kingdom
518985,90180A,BLACK+WHITE NECKLACE W TASSEL,2,2010-08-12 17:02:00,9.95,17550.0,United Kingdom
577479,21259,VICTORIAN SEWING BOX SMALL ,2,2011-11-20 11:34:00,5.95,14911.0,EIRE
574588,23486,ANTIQUE HEART SHELF UNIT,2,2011-11-06 10:30:00,16.65,14936.0,Channel Islands
532587,20754,RETROSPOT RED WASHING UP GLOVES,1,2010-11-12 14:28:00,2.1,15024.0,United Kingdom
533072,21819,GLITTER CHRISTMAS STAR ,2,2010-11-15 17:43:00,0.85,13148.0,United Kingdom
575985,85199S,SMALL HANGING IVORY/RED WOOD BIRD,1,2011-11-13 14:09:00,0.42,17841.0,United Kingdom
544479,21485,RETROSPOT HEART HOT WATER BOTTLE,24,2011-02-21 10:28:00,4.25,14646.0,Netherlands
571705,21789,KIDS RAIN MAC PINK,24,2011-10-18 15:22:00,0.85,12360.0,Austria
502840,21203,BUTTERFLIES  HONEYCOMB GARLAND,2,2010-03-28 13:18:00,1.65,15068.0,United Kingdom
521558,22423,REGENCY CAKESTAND 3 TIER,5,2010-09-07 09:31:00,12.75,16314.0,United Kingdom
503703,21672,WHITE SPOT RED CERAMIC DRAWER KNOB,6,2010-04-06 13:42:00,1.25,17841.0,United Kingdom
543909,22720,SET OF 3 CAKE TINS PANTRY DESIGN ,2,2011-02-14 12:32:00,10.79,,United Kingdom
533027,22597,CHRISTMAS MUSICAL ZINC HEART ,28,2010-11-15 16:02:00,1.95,,United Kingdom
530061,22654,DELUXE SEWING KIT ,12,2010-11-01 11:36:00,5.95,13115.0,United Kingdom
559660,23310,BUBBLEGUM RING ASSORTED,108,2011-07-11 13:19:00,0.42,16701.0,United Kingdom
558751,23300,GARDENERS KNEELING PAD CUP OF TEA ,2,2011-07-03 11:26:00,1.65,16009.0,United Kingdom
545898,22224,WHITE LOVEBIRD LANTERN,3,2011-03-07 17:23:00,2.95,15869.0,United Kingdom
490741,21976,PACK OF 60 MUSHROOM CAKE CASES,1,2009-12-07 17:56:00,1.3,,United Kingdom
547401,22077,6 RIBBONS RUSTIC CHARM,5,2011-03-22 17:00:00,1.65,17576.0,United Kingdom
577358,23407,SET OF 2 TRAYS HOME SWEET HOME,1,2011-11-18 15:59:00,16.63,,United Kingdom
506962,21955,DOOR MAT UNION JACK GUNS AND ROSES,2,2010-05-05 12:26:00,7.49,14936.0,Channel Islands
533750,22587,FELTCRAFT HAIRBAND RED AND BLUE,3,2010-11-18 14:17:00,0.85,15571.0,United Kingdom
515958,21465,PINK FLOWER CROCHET FOOD COVER,1,2010-07-15 20:16:00,3.75,13230.0,United Kingdom
537608,21591,COSY HOUR CIGAR BOX MATCHES ,8,2010-12-07 13:20:00,1.25,15024.0,United Kingdom
540154,22280,POCKET BAG PINK PAISELY BROWN SPOT,8,2011-01-05 11:30:00,0.85,,United Kingdom
567667,DOT,DOTCOM POSTAGE,1,2011-09-21 15:24:00,213.79,,United Kingdom
516896,22198,LARGE POPCORN HOLDER ,2,2010-07-23 16:54:00,1.65,18132.0,United Kingdom
493982,21174,POTTERING IN THE SHED METAL SIGN,2,2010-01-10 12:13:00,1.95,18231.0,United Kingdom
536557,79066K,RETRO MOD TRAY,1,2010-12-01 14:41:00,0.85,17841.0,United Kingdom
541103,22700,BLACK AND WHITE DOG BOWL,6,2011-01-13 14:24:00,2.95,14215.0,United Kingdom
501080,21231,SWEETHEART CERAMIC TRINKET BOX,1,2010-03-12 11:19:00,2.51,,United Kingdom
510416,21470,FLOWER VINE RAFFIA FOOD COVER,5,2010-05-30 11:21:00,3.75,13113.0,United Kingdom
560360,22571,ROCKING HORSE RED CHRISTMAS ,48,2011-07-18 11:55:00,0.85,12744.0,Singapore
513650,20674,GREEN SPOTTY BOWL,8,2010-06-28 09:32:00,1.25,17091.0,United Kingdom
551963,23144,ZINC T-LIGHT HOLDER STARS SMALL,12,2011-05-05 12:52:00,0.83,13266.0,United Kingdom
575477,22178,VICTORIAN GLASS HANGING T-LIGHT,4,2011-11-09 16:14:00,2.46,,United Kingdom
575269,22998,TRAVEL CARD WALLET KEEP CALM,24,2011-11-09 12:08:00,0.42,17865.0,United Kingdom
567667,22791,T-LIGHT GLASS FLUTED ANTIQUE,38,2011-09-21 15:24:00,2.46,,United Kingdom
549298,22652,TRAVEL SEWING KIT,10,2011-04-08 08:20:00,1.65,13015.0,United Kingdom
576269,22421,LIPSTICK PEN FUSCHIA,12,2011-11-14 14:23:00,0.42,12762.0,Portugal
540098,22276,WASH BAG VINTAGE ROSE PAISLEY,1,2011-01-04 15:50:00,2.55,16241.0,United Kingdom
574096,51014C,"FEATHER PEN,COAL BLACK",24,2011-11-03 09:55:00,0.39,13599.0,United Kingdom
557644,71143,SILVER BOOK MARK WITH BEADS,2,2011-06-21 17:06:00,0.83,,United Kingdom
555000,22341,LOVE GARLAND PAINTED ZINC ,12,2011-05-31 08:03:00,1.65,18232.0,United Kingdom
574685,23305,SET 4 PICNIC CUTLERY BLUEBERRY,12,2011-11-06 12:59:00,1.95,17581.0,United Kingdom
544772,20712,JUMBO BAG WOODLAND ANIMALS,4,2011-02-23 11:12:00,4.13,,United Kingdom
533568,85014B,RED RETROSPOT UMBRELLA,3,2010-11-18 10:32:00,5.95,14032.0,United Kingdom
506576,84918,CREAM CUSHION COVER WITH FLOWERS,2,2010-04-30 13:41:00,5.91,,United Kingdom
515333,22390,PAPERWEIGHT CHILDHOOD MEMORIES,1,2010-07-11 14:07:00,2.55,14516.0,United Kingdom
535531,21819,GLITTER CHRISTMAS STAR ,4,2010-11-26 15:16:00,0.85,17841.0,United Kingdom
533597,21901,"KEY FOB , BACK DOOR ",6,2010-11-18 12:21:00,0.65,15353.0,United Kingdom
491888,35840,FLAT GLASS  BAUBLE WHITE FLOCK ,6,2009-12-14 15:16:00,0.85,15867.0,United Kingdom
574682,23500,KEY RING BASEBALL BOOT ASSORTED ,2,2011-11-06 12:44:00,1.25,14963.0,United Kingdom
572194,85035C,ROSE 3 WICK MORRIS BOX CANDLE,1,2011-10-21 11:43:00,1.25,17832.0,United Kingdom
551171,20803,SMALL PINK GLASS SUNDAE DISH,18,2011-04-26 16:45:00,0.39,13263.0,United Kingdom
564301,23236,STORAGE TIN VINTAGE DOILY ,6,2011-08-24 11:54:00,2.89,14299.0,United Kingdom
538312,20975,12 PENCILS SMALL TUBE RED RETROSPOT,3,2010-12-10 13:48:00,0.65,16727.0,United Kingdom
566060,21385,IVORY HANGING DECORATION  HEART,9,2011-09-08 15:27:00,0.85,,United Kingdom
573362,35970,ZINC FOLKART SLEIGH BELLS,12,2011-10-30 13:06:00,1.69,12597.0,Spain
574298,20978,36 PENCILS TUBE SKULLS,3,2011-11-03 15:56:00,2.46,,United Kingdom
497590,79323G,GOLD  CHERRY LIGHTS,1,2010-02-10 17:59:00,13.57,,United Kingdom
552267,82482,WOODEN PICTURE FRAME WHITE FINISH,1,2011-05-08 11:49:00,2.55,15038.0,United Kingdom
525088,85047,WHITE BEADED GARLAND STRING 20LIGHT,1,2010-10-03 16:04:00,6.35,17366.0,United Kingdom
566949,21211,SET OF 72 SKULL PAPER  DOILIES,1,2011-09-15 16:32:00,1.45,,United Kingdom
538653,22558,CLOTHES PEGS RETROSPOT PACK 24 ,24,2010-12-13 15:12:00,1.49,13089.0,United Kingdom
504918,21902,"KEY FOB , FRONT  DOOR ",1,2010-04-19 10:36:00,1.66,,United Kingdom
494918,37502,TEA TIME MUG IN GIFT BOX,1,2010-01-19 17:49:00,5.91,,United Kingdom
513775,21498,RED SPOTS  WRAP ,25,2010-06-28 13:58:00,0.34,17448.0,United Kingdom
540521,15056BL,EDWARDIAN PARASOL BLACK,3,2011-01-09 12:46:00,5.95,12651.0,France
574587,21930,JUMBO STORAGE BAG SKULLS,10,2011-11-06 10:29:00,2.08,14936.0,Channel Islands
571461,22564,ALPHABET STENCIL CRAFT,1,2011-10-17 14:12:00,1.25,16932.0,United Kingdom
520697,21156,RETROSPOT CHILDRENS APRON,2,2010-08-29 11:03:00,1.95,16923.0,United Kingdom
551996,21890,S/6 WOODEN SKITTLES IN COTTON BAG,6,2011-05-05 15:44:00,3.25,16628.0,United Kingdom
574545,85172,HYACINTH BULB T-LIGHT CANDLES,32,2011-11-04 14:54:00,0.42,17084.0,United Kingdom
571629,22111,SCOTTIE DOG HOT WATER BOTTLE,6,2011-10-18 11:18:00,4.95,13362.0,United Kingdom
571697,22410,MONEY BOX HOUSEKEEPING DESIGN,12,2011-10-18 14:49:00,1.25,12759.0,Netherlands
522968,84879,ASSORTED COLOUR BIRD ORNAMENT,8,2010-09-19 13:05:00,1.69,13137.0,United Kingdom
526217,22110,BIRD HOUSE HOT WATER BOTTLE,1,2010-10-10 14:30:00,2.55,14390.0,United Kingdom
504809,21199,PINK  HEART CONFETTI IN TUBE,1,2010-04-16 12:36:00,1.65,,United Kingdom
507178,21446,12 RED ROSE PEG PLACE SETTINGS,48,2010-05-06 15:17:00,1.25,14646.0,Netherlands
511038,21986,PACK OF 12 PINK SPOT TISSUES ,48,2010-06-06 11:11:00,0.29,14766.0,United Kingdom
534497,22112,CHOCOLATE HOT WATER BOTTLE,1,2010-11-23 11:00:00,4.95,17811.0,United Kingdom
527496,22376,AIRLINE BAG VINTAGE JET SET WHITE,4,2010-10-18 12:07:00,4.25,12699.0,Germany
C579891,23186,FRENCH STYLE STORAGE JAR CAFE ,-6,2011-12-01 08:18:00,0.29,13644.0,United Kingdom
513551,85123A,WHITE HANGING HEART T-LIGHT HOLDER,1,2010-06-25 12:42:00,2.95,17377.0,United Kingdom
561515,23005,TRAVEL CARD WALLET I LOVE LONDON,1,2011-07-27 15:16:00,0.83,,United Kingdom
498893,47599A,PINK PARTY BAGS,6,2010-02-23 13:22:00,2.1,14755.0,United Kingdom
545067,22078,RIBBON REEL LACE DESIGN ,2,2011-02-27 14:49:00,2.1,17894.0,United Kingdom
527145,22674,FRENCH TOILET SIGN BLUE METAL,24,2010-10-15 10:24:00,1.25,12409.0,Switzerland
498618,21931,JUMBO STORAGE BAG SUKI,10,2010-02-22 10:24:00,1.95,15382.0,United Kingdom
C505391,21626,VINTAGE UNION JACK PENNANT,-12,2010-04-22 09:33:00,1.95,14068.0,United Kingdom
518009,21232,STRAWBERRY CERAMIC TRINKET BOX,12,2010-08-04 09:58:00,1.25,13468.0,United Kingdom
544811,23233,WRAP POPPIES  DESIGN,25,2011-02-23 15:53:00,0.42,12471.0,Germany
504893,21169,YOU'RE CONFUSING ME METAL SIGN ,1,2010-04-18 14:06:00,1.69,15972.0,United Kingdom
511825,21080,SET/20 RED SPOTTY PAPER NAPKINS ,24,2010-06-10 16:35:00,0.85,12726.0,France
C543744,79323P,PINK CHERRY LIGHTS,-4,2011-02-11 13:43:00,6.75,13672.0,United Kingdom
559521,21156,RETROSPOT CHILDRENS APRON,6,2011-07-08 16:26:00,1.95,,Unspecified
528620,84029E,RED WOOLLY HOTTIE WHITE HEART.,1,2010-10-24 10:33:00,3.75,17243.0,United Kingdom
536597,72803A,ROSE SCENT CANDLE JEWELLED DRAWER,1,2010-12-01 17:35:00,4.25,18011.0,United Kingdom
575138,20936,FORKED CACTUS CANDLE,1,2011-11-08 15:24:00,5.79,,United Kingdom
542151,15060B,FAIRY CAKE DESIGN UMBRELLA,4,2011-01-26 10:30:00,3.75,13491.0,United Kingdom
538097,22439,6 ROCKET BALLOONS ,24,2010-12-09 14:56:00,0.65,15192.0,United Kingdom
569338,22683,FRENCH BLUE METAL DOOR SIGN 8,20,2011-10-03 14:18:00,1.25,16013.0,United Kingdom
532470,22625,RED KITCHEN SCALES,2,2010-11-12 11:41:00,8.5,12647.0,Germany
577358,21442,GREEN BIRDHOUSE DECORATION,1,2011-11-18 15:59:00,1.63,,United Kingdom
518789,22081,RIBBON REEL FLORA + FAUNA ,10,2010-08-12 09:17:00,1.65,15142.0,United Kingdom
554504,22845,VINTAGE CREAM CAT FOOD CONTAINER,2,2011-05-24 15:13:00,6.35,17719.0,United Kingdom
560930,21932,SCANDINAVIAN PAISLEY PICNIC BAG,10,2011-07-22 10:23:00,1.65,15829.0,United Kingdom
492303,22277,COSMETIC BAG VINTAGE ROSE PAISLEY,1,2009-12-16 11:57:00,4.3,,United Kingdom
537898,84992,72 SWEETHEART FAIRY CAKE CASES,1,2010-12-09 10:42:00,0.55,17377.0,United Kingdom
503673,21864,UNION JACK FLAG PASSPORT COVER ,12,2010-04-06 12:20:00,2.1,15771.0,United Kingdom
496512,35961,FOLKART ZINC HEART CHRISTMAS DEC,12,2010-02-02 11:40:00,0.85,16300.0,United Kingdom
491659,21559,STRAWBERRY LUNCHBOX WITH CUTLERY,6,2009-12-13 11:11:00,2.55,13317.0,United Kingdom
511124,20803,SMALL PINK GLASS SUNDAE DISH,1,2010-06-07 10:58:00,3.36,,United Kingdom
520877,84313C,ORANGE TV TRAY TABLE ,1,2010-08-31 15:28:00,4.25,17346.0,United Kingdom
539050,22079,RIBBON REEL HEARTS DESIGN ,1,2010-12-15 16:21:00,1.65,12577.0,France
551984,22682,FRENCH BLUE METAL DOOR SIGN 7,10,2011-05-05 14:37:00,1.25,15841.0,United Kingdom
535322,22594,CHRISTMAS GINGHAM TREE,2,2010-11-25 15:19:00,1.66,,United Kingdom
554265,23200,JUMBO BAG PEARS,1,2011-05-23 12:38:00,2.08,,United Kingdom
524008,84978,HANGING HEART JAR T-LIGHT HOLDER,12,2010-09-27 09:18:00,1.25,13267.0,United Kingdom
515759,21242,RED SPOTTY PLATE ,9,2010-07-14 13:37:00,3.36,,United Kingdom
573007,21915,RED  HARMONICA IN BOX ,12,2011-10-27 12:22:00,1.25,16009.0,United Kingdom
581467,23357,HOT WATER BOTTLE SEX BOMB,4,2011-12-08 19:24:00,1.65,13077.0,United Kingdom
556303,22595,GINGHAM HEART DECORATION,12,2011-06-10 10:26:00,0.85,17064.0,United Kingdom
515254,22173,METAL 4 HOOK HANGER FRENCH CHATEAU,1,2010-07-09 11:44:00,5.91,,United Kingdom
503507,82486,WOOD S/3 CABINET ANT WHITE FINISH,2,2010-04-01 12:33:00,7.95,16713.0,United Kingdom
537224,22766,PHOTO FRAME CORNICE,4,2010-12-05 16:24:00,2.95,13174.0,United Kingdom
537666,22573,STAR WOODEN CHRISTMAS DECORATION,4,2010-12-07 18:36:00,1.66,,United Kingdom
549633,22128,PARTY CONES CANDY ASSORTED,24,2011-04-11 11:45:00,1.25,15671.0,United Kingdom
C569663,21381,MINI WOODEN HAPPY BIRTHDAY GARLAND,-1,2011-10-05 13:29:00,1.69,17841.0,United Kingdom
545978,20717,STRAWBERRY SHOPPER BAG,2,2011-03-08 12:19:00,1.25,13975.0,United Kingdom
520359,22683,"FRENCH BLUE METAL DOOR SIGN, 8",10,2010-08-25 13:36:00,1.25,16103.0,United Kingdom
492818,20727,LUNCH BAG  BLACK SKULL.,20,2009-12-20 13:47:00,1.65,14790.0,United Kingdom
564735,85136C,RED SHARK HELICOPTER,1,2011-08-28 13:35:00,7.95,15856.0,United Kingdom
578844,47580,TEA TIME DES TEA COSY,1,2011-11-25 16:14:00,4.96,,United Kingdom
571701,22602,RETROSPOT WOODEN HEART DECORATION,24,2011-10-18 15:05:00,0.85,14639.0,United Kingdom
512423,20727,LUNCH BAG  BLACK SKULL.,1,2010-06-15 14:37:00,1.65,,United Kingdom
574481,22333,RETROSPOT PARTY BAG + STICKER SET,5,2011-11-04 12:45:00,1.65,18022.0,United Kingdom
577504,22804,PINK HANGING HEART T-LIGHT HOLDER,4,2011-11-20 12:36:00,2.95,14159.0,United Kingdom
508508,21731,RED TOADSTOOL LED NIGHT LIGHT,12,2010-05-17 09:03:00,1.65,14112.0,United Kingdom
517267,22423,REGENCY CAKESTAND 3 TIER,16,2010-07-28 09:21:00,10.95,13552.0,United Kingdom
538664,22086,PAPER CHAIN KIT 50'S CHRISTMAS ,40,2010-12-13 15:46:00,2.55,14733.0,United Kingdom
538177,35957,SMALLFOLKART BAUBLE CHRISTMAS DEC,4,2010-12-10 09:51:00,1.66,,United Kingdom
504766,21175,GIN + TONIC DIET METAL SIGN,12,2010-04-16 11:51:00,2.1,13013.0,United Kingdom
574555,22600,CHRISTMAS RETROSPOT STAR WOOD,5,2011-11-04 15:29:00,0.85,16426.0,United Kingdom
534389,16236,KITTY PENCIL ERASERS,1,2010-11-22 13:02:00,0.43,,United Kingdom
528139,22383,LUNCH BAG SUKI  DESIGN ,2,2010-10-20 15:25:00,1.65,16372.0,United Kingdom
559914,21929,JUMBO BAG PINK VINTAGE PAISLEY,3,2011-07-13 15:13:00,4.13,,United Kingdom
542231,21497,FANCY FONTS BIRTHDAY WRAP,25,2011-01-26 13:40:00,0.42,16714.0,United Kingdom
523718,22580,ADVENT CALENDAR GINGHAM SACK,6,2010-09-23 15:48:00,5.95,13985.0,United Kingdom
552702,22743,MAKE YOUR OWN FLOWERPOWER CARD KIT,2,2011-05-10 16:00:00,5.79,,United Kingdom
575713,23433,HANGING QUILTED PATCHWORK APPLES,12,2011-11-10 17:49:00,0.83,13817.0,Germany
577038,84991,60 TEATIME FAIRY CAKE CASES,6,2011-11-17 13:30:00,0.55,14796.0,United Kingdom
505514,22083,PAPER CHAIN KIT RETRO SPOT,6,2010-04-22 15:03:00,2.95,17729.0,United Kingdom
505862,79321,CHILLI LIGHTS,2,2010-04-26 13:23:00,10.17,,United Kingdom
541485,21328,BALLOONS  WRITING SET ,1,2011-01-18 13:05:00,1.65,18118.0,United Kingdom
522281,85067,CREAM SWEETHEART WALL CABINET,1,2010-09-13 12:56:00,18.95,16374.0,United Kingdom
534751,18098c,PORCELAIN BUTTERFLY OIL BURNER,3,2010-11-24 09:55:00,5.06,,United Kingdom
528951,21908,CHOCOLATE THIS WAY METAL SIGN,12,2010-10-25 16:43:00,2.4,17450.0,United Kingdom
528318,85030,FRENCH CHATEAU OVAL PLATTER,1,2010-10-21 12:38:00,7.95,16933.0,United Kingdom
501556,21123,SET/10 IVORY SPOTTY PARTY CANDLES,24,2010-03-17 16:14:00,1.25,12921.0,United Kingdom
542284,84077,WORLD WAR 2 GLIDERS ASSTD DESIGNS,48,2011-01-27 10:56:00,0.29,17311.0,United Kingdom
538079,22910,PAPER CHAIN KIT VINTAGE CHRISTMAS,12,2010-12-09 14:27:00,2.95,17671.0,United Kingdom
545897,22686,FRENCH BLUE METAL DOOR SIGN No,1,2011-03-07 17:22:00,2.46,,United Kingdom
536046,22381,TOY TIDY PINK POLKADOT,5,2010-11-30 08:58:00,2.1,13985.0,United Kingdom
581473,23344,JUMBO BAG 50'S CHRISTMAS ,2,2011-12-08 19:57:00,2.08,12748.0,United Kingdom
562593,22997,TRAVEL CARD WALLET UNION JACK,3,2011-08-07 15:43:00,0.42,16549.0,United Kingdom
528145,22910,PAPER CHAIN KIT VINTAGE CHRISTMAS,2,2010-10-20 15:56:00,2.95,,United Kingdom
574428,23075,PARLOUR CERAMIC WALL HOOK,2,2011-11-04 11:26:00,4.15,,United Kingdom
557761,22708,WRAP DOLLY GIRL,25,2011-06-22 13:59:00,0.42,14214.0,United Kingdom
540821,22961,JAM MAKING SET PRINTED,5,2011-01-11 13:16:00,3.36,,United Kingdom
571667,22080,RIBBON REEL POLKADOTS ,5,2011-10-18 13:04:00,1.65,14554.0,United Kingdom
526859,21154,RED RETROSPOT OVEN GLOVE ,10,2010-10-13 13:01:00,1.25,14021.0,United Kingdom
557643,21115,ROSE CARAVAN DOORSTOP,1,2011-06-21 16:36:00,14.13,,United Kingdom
515341,21931,JUMBO STORAGE BAG SUKI,100,2010-07-12 09:04:00,1.65,16182.0,United Kingdom
539451,20723,STRAWBERRY CHARLOTTE BAG,1,2010-12-17 16:59:00,1.66,,United Kingdom
548502,22624,IVORY KITCHEN SCALES,1,2011-03-31 14:17:00,16.63,,United Kingdom
577778,22616,PACK OF 12 LONDON TISSUES ,1,2011-11-21 16:10:00,0.39,16549.0,United Kingdom
C500831,22386,JUMBO BAG PINK WITH WHITE SPOTS,-1,2010-03-10 11:32:00,1.95,14680.0,United Kingdom
537666,21787,RAIN PONCHO RETROSPOT,5,2010-12-07 18:36:00,1.66,,United Kingdom
515995,82552,WASHROOM METAL SIGN,12,2010-07-16 08:31:00,1.25,14648.0,United Kingdom
540356,21930,JUMBO STORAGE BAG SKULLS,1,2011-01-06 15:12:00,4.21,,United Kingdom
554603,21888,BINGO SET,2,2011-05-25 11:14:00,3.75,14593.0,United Kingdom
540672,84991,60 TEATIME FAIRY CAKE CASES,24,2011-01-10 15:51:00,0.55,15281.0,United Kingdom
577178,21499,BLUE POLKADOT WRAP,25,2011-11-18 11:10:00,0.42,12618.0,Italy
498911,84569D,PACK 6 HEART/ICE-CREAM PATCHES,24,2010-02-23 15:27:00,1.25,16702.0,United Kingdom
542373,23230,WRAP ALPHABET DESIGN,25,2011-01-27 13:38:00,0.42,16767.0,United Kingdom
570837,21731,RED TOADSTOOL LED NIGHT LIGHT,12,2011-10-12 13:55:00,1.65,,United Kingdom
557938,20733,GOLD MINI TAPE MEASURE ,1,2011-06-23 15:35:00,0.83,,United Kingdom
536637,22768,FAMILY PHOTO FRAME CORNICE,2,2010-12-02 11:35:00,9.95,18041.0,United Kingdom
568662,20717,STRAWBERRY SHOPPER BAG,1,2011-09-28 12:36:00,1.25,16764.0,United Kingdom
575607,23307,SET OF 60 PANTRY DESIGN CAKE CASES ,1,2011-11-10 12:37:00,1.25,14096.0,United Kingdom
502598,21609,SET 12 LAVENDER  BOTANICAL T-LIGHTS,6,2010-03-25 13:15:00,2.95,14156.0,EIRE
498590,22189,CREAM HEART CARD HOLDER,2,2010-02-21 15:28:00,3.95,13044.0,United Kingdom
499248,20730,STRAWBERRY CANDY BAG,30,2010-02-25 14:18:00,1.06,14298.0,United Kingdom
580727,22653,BUTTON BOX ,1,2011-12-05 17:17:00,4.13,14096.0,United Kingdom
511233,21214,SET OF 72 IVORY PAPER DOILIES,24,2010-06-07 12:29:00,1.45,15640.0,United Kingdom
571667,23367,SET 12 COLOUR PENCILS SPACEBOY ,4,2011-10-18 13:04:00,0.65,14554.0,United Kingdom
553228,21231,SWEETHEART CERAMIC TRINKET BOX,12,2011-05-16 10:48:00,1.25,16496.0,United Kingdom
502104,22464,HANGING METAL HEART LANTERN,1,2010-03-23 09:57:00,1.65,15984.0,United Kingdom
512797,84970L,SINGLE HEART ZINC T-LIGHT HOLDER,12,2010-06-18 10:29:00,0.95,14895.0,United Kingdom
522068,85150,LADIES & GENTLEMEN METAL SIGN,3,2010-09-10 17:19:00,2.55,16549.0,United Kingdom
574734,85040A,S/4 PINK FLOWER CANDLES IN BOWL,3,2011-11-06 15:20:00,1.65,15025.0,United Kingdom
547547,35923,CANDY HEART HANGING DECORATION,1,2011-03-23 15:30:00,2.46,,United Kingdom
541843,35961,FOLKART ZINC HEART CHRISTMAS DEC,12,2011-01-23 12:08:00,0.85,13659.0,United Kingdom
C536822,21430,SET/3 RED GINGHAM ROSE STORAGE BOX,-1,2010-12-02 17:19:00,3.75,14625.0,United Kingdom
515682,47570B,TEA TIME TABLE CLOTH,1,2010-07-14 11:52:00,10.65,15527.0,United Kingdom
512071,20719,WOODLAND CHARLOTTE BAG,2,2010-06-13 11:36:00,0.85,13736.0,United Kingdom
500159,84458,S/3 RABBIT FLOWER/EGG/CARROT ROPE,2,2010-03-04 18:27:00,0.85,14159.0,United Kingdom
527505,21213,PACK OF 72 SKULL CAKE CASES,3,2010-10-18 12:25:00,0.55,17841.0,United Kingdom
514510,21474,SWEETHEART CREAM STEEL FOLDIN BENCH,2,2010-07-04 13:27:00,19.95,14647.0,United Kingdom
515121,22386,JUMBO BAG PINK WITH WHITE SPOTS,2,2010-07-08 13:49:00,1.95,15005.0,United Kingdom
570875,22161,HEART DECORATION RUSTIC HANGING ,24,2011-10-12 17:00:00,0.19,12667.0,Finland
580067,22561,WOODEN SCHOOL COLOURING SET,48,2011-12-01 13:40:00,1.65,16966.0,United Kingdom
568369,23439,HAND WARMER RED LOVE HEART,2,2011-09-26 16:15:00,2.1,16710.0,United Kingdom
490464,21592,RETRO SPOT  CIGAR BOX MATCHES ,4,2009-12-06 12:10:00,1.25,15571.0,United Kingdom
532088,21154,RED RETROSPOT OVEN GLOVE ,10,2010-11-10 15:34:00,1.25,12583.0,France
542794,20662,FIRST CLASS HOLIDAY PURSE ,1,2011-02-01 10:56:00,2.46,,United Kingdom
502841,22570,FELTCRAFT CUSHION RABBIT,1,2010-03-28 13:21:00,3.75,18283.0,United Kingdom
494779,21217,RED SPOTTY ROUND CAKE TINS,1,2010-01-18 12:55:00,9.95,18041.0,United Kingdom
574949,23475,WOODLAND SMALL PINK FELT HEART,12,2011-11-08 09:12:00,0.83,14360.0,United Kingdom
494511,22132,RED LOVE HEART SHAPE CUP,12,2010-01-15 09:04:00,0.85,12431.0,Belgium
535828,82578,KITCHEN METAL SIGN,12,2010-11-29 09:27:00,0.55,12996.0,United Kingdom
546394,22090,PAPER BUNTING RETROSPOT,6,2011-03-11 14:26:00,2.95,17164.0,United Kingdom
549906,22961,JAM MAKING SET PRINTED,1,2011-04-12 16:28:00,1.45,14998.0,United Kingdom
563195,79066K,RETRO MOD TRAY,1,2011-08-12 16:36:00,1.63,,United Kingdom
512289,22112,CHOCOLATE HOT WATER BOTTLE,1,2010-06-14 14:49:00,11.02,,United Kingdom
547171,21686,MEDINA STAMPED METAL STOOL,2,2011-03-21 12:13:00,39.95,17849.0,United Kingdom
576787,23581,JUMBO BAG PAISLEY PARK,10,2011-11-16 13:54:00,2.08,13815.0,Germany
517989,22567,20 DOLLY PEGS RETROSPOT,2,2010-08-03 15:29:00,2.51,,United Kingdom
581439,22807,SET OF 6 T-LIGHTS TOADSTOOLS,2,2011-12-08 16:30:00,5.79,,United Kingdom
521317,51020B,STRIPY DESIGN SHOWER CAP,2,2010-09-03 12:06:00,1.25,17854.0,United Kingdom
534187,90114,SUMMER DAISIES BAG CHARM,1,2010-11-21 14:10:00,2.55,16501.0,United Kingdom
490074,21412,VINTAGE GOLD TINSEL REEL,2,2009-12-03 14:39:00,4.3,,United Kingdom
554094,23075,PARLOUR CERAMIC WALL HOOK,2,2011-05-22 12:49:00,4.15,15716.0,United Kingdom
533000,22383,LUNCH BAG SUKI  DESIGN ,2,2010-11-15 14:49:00,1.65,16686.0,United Kingdom
566200,21213,PACK OF 72 SKULL CAKE CASES,1,2011-09-09 14:14:00,0.55,16910.0,United Kingdom
540516,22178,VICTORIAN GLASS HANGING T-LIGHT,6,2011-01-09 12:01:00,1.25,16326.0,United Kingdom
532905,22311,OFFICE MUG WARMER BLACK+SILVER ,1,2010-11-15 11:49:00,2.95,17811.0,United Kingdom
546634,22728,ALARM CLOCK BAKELIKE PINK,1,2011-03-15 12:10:00,3.75,14527.0,United Kingdom
551987,20724,RED RETROSPOT CHARLOTTE BAG,6,2011-05-05 14:55:00,0.85,15005.0,United Kingdom
525738,22077,6 RIBBONS RUSTIC CHARM,5,2010-10-06 17:21:00,1.65,16011.0,United Kingdom
519027,85099F,JUMBO BAG STRAWBERRY,2,2010-08-13 10:00:00,4.21,,United Kingdom
501157,20977,36 PENCILS TUBE WOODLAND,1,2010-03-14 16:18:00,1.25,16686.0,United Kingdom
523911,22560,TRADITIONAL MODELLING CLAY,3,2010-09-24 16:06:00,2.51,,United Kingdom
C497026,20798,CLEAR MILKSHAKE GLASS,-2,2010-02-05 13:17:00,1.65,15311.0,United Kingdom
579413,22574,HEART WOODEN CHRISTMAS DECORATION,6,2011-11-29 12:50:00,0.85,13668.0,United Kingdom
571047,23313,VINTAGE CHRISTMAS BUNTING,5,2011-10-13 13:42:00,4.95,16042.0,United Kingdom
518331,22161,HEART DECORATION RUSTIC HANGING ,96,2010-08-06 12:33:00,0.65,15980.0,United Kingdom
522142,21429,RED GINGHAM ROSE JEWELLERY BOX,1,2010-09-13 10:32:00,3.36,,United Kingdom
499980,21985,PACK OF 12 HEARTS DESIGN TISSUES ,2,2010-03-03 15:28:00,0.81,,United Kingdom
526758,22946,WOODEN ADVENT CALENDAR CREAM,1,2010-10-13 10:43:00,16.95,14534.0,United Kingdom
504587,37450,CERAMIC CAKE BOWL + HANGING CAKES,18,2010-04-15 10:12:00,2.55,14134.0,United Kingdom
C511813,79323S,SILVER CHERRY LIGHTS,-29,2010-06-10 15:51:00,6.75,17706.0,United Kingdom
503059,21258,VICTORIAN SEWING BOX LARGE,1,2010-03-29 16:14:00,12.75,13831.0,United Kingdom
557442,22712,CARD DOLLY GIRL ,24,2011-06-20 12:53:00,0.42,14808.0,United Kingdom
546875,22283,6 EGG HOUSE PAINTED WOOD,4,2011-03-17 16:38:00,7.95,12514.0,Italy
561601,22730,ALARM CLOCK BAKELIKE IVORY,4,2011-07-28 11:35:00,3.75,18151.0,United Kingdom
513646,22180,RETRO SPOT LAMP,1,2010-06-28 08:24:00,9.95,16746.0,United Kingdom
568991,22731,3D CHRISTMAS STAMPS STICKERS ,2,2011-09-29 16:44:00,1.25,18204.0,United Kingdom
579854,22111,SCOTTIE DOG HOT WATER BOTTLE,3,2011-11-30 16:26:00,4.95,14713.0,United Kingdom
546013,21080,SET/20 RED RETROSPOT PAPER NAPKINS ,1,2011-03-08 16:38:00,0.85,16495.0,United Kingdom
532993,84945,MULTI COLOUR SILVER T-LIGHT HOLDER,12,2010-11-15 14:26:00,0.85,14156.0,EIRE
529727,47580,TEA TIME DES TEA COSY,1,2010-10-29 14:12:00,5.06,,United Kingdom
537815,21156,RETROSPOT CHILDRENS APRON,8,2010-12-08 13:49:00,1.95,17676.0,United Kingdom
496514,47585A,PINK FAIRY CAKE CUSHION COVER,2,2010-02-02 11:57:00,3.75,17377.0,United Kingdom
547991,23076,ICE CREAM SUNDAE LIP GLOSS,24,2011-03-29 09:54:00,1.25,15589.0,United Kingdom
553141,22907,PACK OF 20 NAPKINS PANTRY DESIGN,1,2011-05-13 13:01:00,0.85,15907.0,United Kingdom
560566,23199,JUMBO BAG APPLES,10,2011-07-19 13:45:00,2.08,12662.0,Germany
497166,84313B,BLUE TV TRAY TABLE ,1,2010-02-05 17:21:00,16.98,,United Kingdom
501641,21032,SPACE CADET WHITE,10,2010-03-18 12:14:00,1.25,13057.0,United Kingdom
524207,84997A,GREEN 3 PIECE MINI DOTS CUTLERY SET,6,2010-09-28 10:35:00,3.75,12648.0,Germany
543978,22815,CARD PSYCHEDELIC APPLES,24,2011-02-14 15:37:00,0.42,12867.0,United Kingdom
501541,21108,FAIRY CAKE FLANNEL ASSORTED COLOUR,9,2010-03-17 14:23:00,2.55,13478.0,United Kingdom
561231,22355,CHARLOTTE BAG SUKI DESIGN,20,2011-07-26 10:20:00,0.85,15855.0,United Kingdom
543821,22928,YELLOW GIANT GARDEN THERMOMETER,2,2011-02-14 09:24:00,5.95,17667.0,United Kingdom
579187,23353,6 GIFT TAGS VINTAGE CHRISTMAS ,2,2011-11-28 15:31:00,1.63,,United Kingdom
508251,21719,LOVELY BONBON STICKER SHEET,24,2010-05-14 10:40:00,0.85,13157.0,United Kingdom
537773,22569,FELTCRAFT CUSHION BUTTERFLY,2,2010-12-08 12:36:00,3.75,16016.0,United Kingdom
551277,22156,HEART DECORATION WITH PEARLS ,3,2011-04-27 13:06:00,0.85,13637.0,United Kingdom
531672,21744,SNOWFLAKE PORTABLE TABLE LIGHT ,2,2010-11-09 11:41:00,2.95,14467.0,United Kingdom
579471,21109,LARGE CAKE TOWEL CHOCOLATE SPOTS,1,2011-11-29 15:08:00,13.29,,United Kingdom
515287,35962,12 ASS ZINC CHRISTMAS DECORATIONS,1,2010-07-09 14:58:00,4.21,,United Kingdom
523188,84536A,ENGLISH ROSE NOTEBOOK A7 SIZE,16,2010-09-20 16:48:00,0.42,15722.0,United Kingdom
572746,23198,PANTRY MAGNETIC  SHOPPING LIST,1,2011-10-25 16:30:00,1.45,13263.0,United Kingdom
566427,23196,VINTAGE LEAF MAGNETIC NOTEPAD,2,2011-09-12 14:24:00,1.45,17433.0,United Kingdom
569261,22586,FELTCRAFT HAIRBAND PINK AND BLUE,3,2011-10-03 11:34:00,0.85,17321.0,United Kingdom
497590,22249,DECORATION WHITE CHICK MAGIC GARDEN,2,2010-02-10 17:59:00,1.66,,United Kingdom
513779,21157,RED SPOTTY WASHBAG,6,2010-06-28 14:06:00,2.1,14282.0,United Kingdom
578928,23332,IVORY WICKER HEART LARGE,4,2011-11-27 12:29:00,1.65,15443.0,United Kingdom
562768,23201,JUMBO BAG ALPHABET,10,2011-08-09 10:49:00,2.08,14127.0,United Kingdom
577358,22483,RED GINGHAM TEDDY BEAR ,1,2011-11-18 15:59:00,5.79,,United Kingdom
542595,22667,RECIPE BOX RETROSPOT ,3,2011-01-30 10:19:00,2.95,14040.0,United Kingdom
539595,22469,HEART OF WICKER SMALL,1,2010-12-20 13:43:00,3.36,,United Kingdom
578147,23332,IVORY WICKER HEART LARGE,3,2011-11-23 11:09:00,1.65,12748.0,United Kingdom
552883,22423,REGENCY CAKESTAND 3 TIER,16,2011-05-12 10:13:00,10.95,14646.0,Netherlands
537434,21154,RED RETROSPOT OVEN GLOVE ,3,2010-12-06 16:57:00,2.51,,United Kingdom
516931,22384,LUNCH BAG PINK RETROSPOT,1,2010-07-25 12:53:00,1.65,15426.0,United Kingdom
576860,23002,TRAVEL CARD WALLET SKULLS,24,2011-11-16 15:58:00,0.42,17602.0,United Kingdom
538917,22624,IVORY KITCHEN SCALES,1,2010-12-15 10:57:00,8.5,17449.0,United Kingdom
526355,22296,HEART IVORY TRELLIS LARGE,24,2010-10-11 12:18:00,1.65,17419.0,United Kingdom
563808,23354,6 GIFT TAGS 50'S CHRISTMAS ,12,2011-08-19 11:46:00,0.83,12626.0,Germany
489597,21808,"CHRISTMAS GARLAND STARS,TREES",1,2009-12-01 14:28:00,7.78,,United Kingdom
536745,85177,BASKET OF FLOWERS SEWING KIT,12,2010-12-02 13:38:00,0.85,17235.0,United Kingdom
573195,22195,LARGE HEART MEASURING SPOONS,12,2011-10-28 11:40:00,1.65,12432.0,Norway
540539,22699,ROSES REGENCY TEACUP AND SAUCER ,6,2011-01-09 14:42:00,2.95,18260.0,United Kingdom
576840,22086,PAPER CHAIN KIT 50'S CHRISTMAS ,4,2011-11-16 15:23:00,5.79,,United Kingdom
520569,84946,ANTIQUE SILVER TEA GLASS ETCHED,6,2010-08-26 19:57:00,1.25,13884.0,United Kingdom
506262,22197,SMALL POPCORN HOLDER,12,2010-04-28 14:45:00,0.85,12839.0,United Kingdom
530818,22569,FELTCRAFT CUSHION BUTTERFLY,2,2010-11-04 13:14:00,3.75,13772.0,United Kingdom
515813,20725,LUNCH BAG RED SPOTTY,20,2010-07-15 08:54:00,1.65,13715.0,United Kingdom
563195,23291,DOLLY GIRL CHILDRENS CUP,2,2011-08-12 16:36:00,2.46,,United Kingdom
526460,21216,"SET 3 RED SPOT TIN TEA,COFFEE,SUGAR",4,2010-10-11 16:00:00,4.95,17692.0,United Kingdom
543095,21318,GLASS CHALICE BLUE SMALL ,12,2011-02-03 11:30:00,1.65,16814.0,United Kingdom
504140,84949,SILVER HANGING T-LIGHT HOLDER,6,2010-04-11 12:45:00,1.65,16814.0,United Kingdom
525299,85062,PEARL CRYSTAL PUMPKIN T-LIGHT HLDR,24,2010-10-05 09:38:00,1.65,18188.0,United Kingdom
552702,22561,WOODEN SCHOOL COLOURING SET,1,2011-05-10 16:00:00,3.29,,United Kingdom
545216,84947,ANTIQUE SILVER TEA GLASS ENGRAVED,1,2011-02-28 16:50:00,2.46,,United Kingdom
537399,21328,BALLOONS  WRITING SET ,2,2010-12-06 14:31:00,1.65,13030.0,United Kingdom
C546128,22726,ALARM CLOCK BAKELIKE GREEN,-1,2011-03-09 15:05:00,3.75,15622.0,United Kingdom
523362,82494L,WOODEN FRAME ANTIQUE WHITE ,12,2010-09-21 18:03:00,2.55,17850.0,United Kingdom
491675,21484,CHICK GREY HOT WATER BOTTLE,1,2009-12-13 12:04:00,3.45,16710.0,United Kingdom
565611,22910,PAPER CHAIN KIT VINTAGE CHRISTMAS,12,2011-09-05 14:57:00,2.95,14849.0,United Kingdom
515771,47367B,PAIR PADDED HANGERS PINK CHECK,2,2010-07-14 14:42:00,3.75,13610.0,United Kingdom
568058,23201,JUMBO BAG ALPHABET,10,2011-09-23 12:58:00,2.08,18188.0,United Kingdom
499234,72760B,VINTAGE CREAM 3 BASKET CAKE STAND,2,2010-02-25 12:37:00,9.95,13771.0,United Kingdom
560035,84795B,SUNSET CHECK HAMMOCK,12,2011-07-14 13:41:00,7.95,17706.0,United Kingdom
526236,22579,WOODEN TREE CHRISTMAS SCANDINAVIAN,2,2010-10-10 16:08:00,0.85,14723.0,United Kingdom
533302,22142,CHRISTMAS CRAFT WHITE FAIRY ,12,2010-11-16 16:50:00,1.45,14913.0,United Kingdom
510064,47593B,SCOTTIES DESIGN BABY BIB,1,2010-05-27 10:56:00,0.85,,United Kingdom
545053,22272,FELTCRAFT DOLL MARIA,1,2011-02-27 12:41:00,2.95,17516.0,United Kingdom
571328,10125,MINI FUNKY DESIGN TAPES,20,2011-10-17 11:27:00,0.85,12473.0,Germany
516902,21246,RED SPOTTY BIG BOWL,6,2010-07-25 10:14:00,4.95,15521.0,United Kingdom
540646,85170B,SET/6 BLACK BIRD T-LIGHT CANDLES,2,2011-01-10 14:32:00,2.51,,United Kingdom
537794,22983,CARD BILLBOARD FONT,12,2010-12-08 13:01:00,0.42,16713.0,United Kingdom
576665,84032B,CHARLIE + LOLA RED HOT WATER BOTTLE,3,2011-11-16 11:46:00,2.95,17841.0,United Kingdom
532549,22896,PEG BAG APPLES DESIGN,1,2010-11-12 12:17:00,2.55,14527.0,United Kingdom
540546,22313,OFFICE MUG WARMER PINK,6,2011-01-09 15:56:00,2.95,12766.0,Portugal
554808,22386,JUMBO BAG PINK POLKADOT,2,2011-05-26 13:01:00,2.08,17059.0,United Kingdom
522053,22411,JUMBO SHOPPER VINTAGE RED PAISLEY,10,2010-09-10 14:53:00,1.95,13999.0,United Kingdom
560035,21174,POTTERING IN THE SHED METAL SIGN,12,2011-07-14 13:41:00,2.08,17706.0,United Kingdom
C577360,21137,BLACK RECORD COVER FRAME,-4,2011-11-18 16:12:00,3.75,13012.0,United Kingdom
568044,22594,CHRISTMAS GINGHAM TREE,12,2011-09-23 12:10:00,0.85,15763.0,United Kingdom
545062,21873,IF YOU CAN'T STAND THE HEAT MUG,1,2011-02-27 14:07:00,1.25,12748.0,United Kingdom
554694,22699,ROSES REGENCY TEACUP AND SAUCER ,5,2011-05-25 17:06:00,5.79,,United Kingdom
507116,84569D,PACK 6 HEART/ICE-CREAM PATCHES,2,2010-05-06 11:30:00,2.51,,United Kingdom
537238,22352,LUNCH BOX WITH CUTLERY RETROSPOT ,5,2010-12-06 10:03:00,2.55,16161.0,United Kingdom
558105,21975,PACK OF 60 DINOSAUR CAKE CASES,2,2011-06-26 14:54:00,0.55,15644.0,United Kingdom
557861,21114,LAVENDER SCENTED FABRIC HEART,10,2011-06-23 12:13:00,1.25,13437.0,United Kingdom
559299,84596F,SMALL MARSHMALLOWS PINK BOWL,16,2011-07-07 12:39:00,0.42,16929.0,United Kingdom
490141,90042B,FRESHWATER PEARL BRACELET PINK,4,2009-12-04 08:24:00,2.55,15755.0,United Kingdom
580527,22228,BUNNY WOODEN PAINTED WITH BIRD ,2,2011-12-04 15:19:00,0.39,13736.0,United Kingdom
561094,22422,TOOTHPASTE TUBE PEN,12,2011-07-25 10:04:00,0.65,12474.0,Germany
531382,22756,LARGE YELLOW BABUSHKA NOTEBOOK ,1,2010-11-07 16:29:00,1.25,16549.0,United Kingdom
C544414,22960,JAM MAKING SET WITH JARS,-2,2011-02-18 14:54:00,3.75,13408.0,United Kingdom
506223,20967,GREY FLORAL FELTCRAFT SHOULDER BAG,1,2010-04-28 11:54:00,3.75,16461.0,United Kingdom
526759,84978,HANGING HEART JAR T-LIGHT HOLDER,12,2010-10-13 10:46:00,1.25,18075.0,United Kingdom
C521481,85028S,FRENCH CHATEAU SMALL FRUITBOWL,-36,2010-09-06 13:15:00,1.25,12779.0,Poland
533740,22273,FELTCRAFT DOLL MOLLY,1,2010-11-18 14:07:00,5.91,,United Kingdom
577303,84997A,CHILDRENS CUTLERY POLKADOT GREEN ,3,2011-11-18 13:02:00,4.15,14390.0,United Kingdom
528126,20728,LUNCH BAG CARS BLUE,1,2010-10-20 14:42:00,1.65,16797.0,United Kingdom
552520,21791,VINTAGE HEADS AND TAILS CARD GAME ,3,2011-05-09 16:34:00,2.46,,United Kingdom
518206,22423,REGENCY CAKESTAND 3 TIER,16,2010-08-05 11:55:00,10.95,13802.0,United Kingdom
571103,82494L,WOODEN FRAME ANTIQUE WHITE ,6,2011-10-13 15:50:00,2.95,18160.0,United Kingdom
524299,22578,WOODEN STAR CHRISTMAS SCANDINAVIAN,12,2010-09-28 13:13:00,0.85,14911.0,EIRE
493685,21984,PACK OF 12 PINK PAISLEY TISSUES ,96,2010-01-05 12:43:00,0.29,14969.0,United Kingdom
493139,84050,PINK HEART SHAPE EGG FRYING PAN,72,2009-12-22 11:32:00,1.25,15311.0,United Kingdom
509743,84520B,PACK 20 ENGLISH ROSE PAPER NAPKINS,5,2010-05-25 13:21:00,0.85,17841.0,United Kingdom
535749,22374,AIRLINE BAG VINTAGE JET SET RED,1,2010-11-28 13:21:00,4.25,17358.0,United Kingdom
581439,22978,PANTRY ROLLING PIN,4,2011-12-08 16:30:00,7.46,,United Kingdom
578067,22966,GINGERBREAD MAN COOKIE CUTTER,3,2011-11-22 15:43:00,2.46,,United Kingdom
529139,21106,CREAM SLICE FLANNEL CHOCOLATE SPOT ,6,2010-10-26 15:09:00,2.95,16757.0,United Kingdom
505741,22521,CHILDS GARDEN TROWEL PINK,2,2010-04-25 15:56:00,0.85,16984.0,United Kingdom
514324,84970S,HANGING HEART ZINC T-LIGHT HOLDER,12,2010-07-01 14:13:00,0.85,16011.0,United Kingdom
559816,20838,FRENCH LATTICE CUSHION COVER ,2,2011-07-12 16:11:00,3.29,,United Kingdom
548520,22066,LOVE HEART TRINKET POT,48,2011-03-31 16:40:00,0.39,13126.0,United Kingdom
502624,84743C,ORANGE FELT VASE + FLOWERS,1,2010-03-25 15:17:00,1.25,16794.0,United Kingdom
526392,85042,ANTIQUE LILY FAIRY LIGHTS,8,2010-10-11 13:19:00,4.95,17675.0,United Kingdom
580612,22083,PAPER CHAIN KIT RETROSPOT,3,2011-12-05 11:58:00,6.63,,United Kingdom
552967,21982,PACK OF 12 SUKI TISSUES ,12,2011-05-12 13:12:00,0.29,16006.0,United Kingdom
577472,21714,CITRONELLA CANDLE GARDEN POT,12,2011-11-20 11:28:00,1.25,14503.0,United Kingdom
546753,22076,6 RIBBONS EMPIRE  ,3,2011-03-16 13:00:00,1.65,16383.0,United Kingdom
551440,21929,JUMBO BAG PINK VINTAGE PAISLEY,1,2011-04-28 15:29:00,2.08,15311.0,United Kingdom
571305,22664,TOY TIDY DOLLY GIRL DESIGN,1,2011-10-17 09:55:00,4.13,,United Kingdom
531843,84908A,PINK 5 PATCH FLOWER CUSHION COVER ,1,2010-11-10 09:34:00,5.91,,United Kingdom
503449,85014A,BLACK/BLUE DOTS RUFFLED UMBRELLA,1,2010-04-01 11:22:00,5.95,14796.0,United Kingdom
518200,85099F,JUMBO BAG STRAWBERRY,10,2010-08-05 11:24:00,1.95,17581.0,United Kingdom
539039,20725,LUNCH BAG RED RETROSPOT,10,2010-12-15 15:00:00,1.65,13124.0,United Kingdom
528711,22837,HOT WATER BOTTLE BABUSHKA ,4,2010-10-24 13:10:00,4.65,16373.0,United Kingdom
505185,85123A,WHITE HANGING HEART T-LIGHT HOLDER,2,2010-04-20 14:33:00,2.95,14648.0,United Kingdom
559163,22819,"BIRTHDAY CARD, RETRO SPOT",1,2011-07-06 16:33:00,0.42,,United Kingdom
550638,21481,FAWN BLUE HOT WATER BOTTLE,1,2011-04-19 15:44:00,5.79,,United Kingdom
531567,82484,WOOD BLACK BOARD ANT WHITE FINISH,3,2010-11-09 10:31:00,6.45,14867.0,United Kingdom
547647,21977,PACK OF 60 PINK PAISLEY CAKE CASES,24,2011-03-24 11:43:00,0.55,15144.0,United Kingdom
524337,85169D,PINK LOVE BIRD CANDLE,2,2010-09-28 15:46:00,1.25,14410.0,United Kingdom
506715,20914,SET/5 RED SPOTTY LID GLASS BOWLS,3,2010-05-02 15:48:00,2.95,13113.0,United Kingdom
494589,21934,SKULL SHOULDER BAG,10,2010-01-15 11:56:00,1.45,17850.0,United Kingdom
569700,23514,EMBROIDERED RIBBON REEL SALLY ,1,2011-10-05 15:56:00,4.13,,United Kingdom
498899,85165,CANDY PINK FRENCH BOUDOIR CLOCK,1,2010-02-23 13:55:00,9.95,13772.0,United Kingdom
523993,22694,WICKER STAR ,2,2010-09-26 14:43:00,2.1,16161.0,United Kingdom
496473,22128,PARTY CONES CANDY ASSORTED,12,2010-02-01 15:38:00,1.25,17350.0,United Kingdom
496373,21439,BASKET OF TOADSTOOLS,12,2010-02-01 11:30:00,1.25,12711.0,Germany
506876,15056N,EDWARDIAN PARASOL NATURAL,3,2010-05-04 16:34:00,5.95,16526.0,United Kingdom
538397,22243,5 HOOK HANGER RED MAGIC TOADSTOOL,48,2010-12-12 11:44:00,1.65,12753.0,Japan
547399,20676,RED RETROSPOT BOWL,5,2011-03-22 16:55:00,2.46,,United Kingdom
557938,82580,BATHROOM METAL SIGN,1,2011-06-23 15:35:00,1.25,,United Kingdom
572662,21889,WOODEN BOX OF DOMINOES,2,2011-10-25 12:54:00,1.25,15443.0,United Kingdom
515571,22536,MAGIC DRAWING SLATE PURDEY,3,2010-07-13 12:38:00,0.42,17854.0,United Kingdom
560776,23006,TRAVEL CARD WALLET FLOWER MEADOW,24,2011-07-21 08:44:00,0.42,13995.0,United Kingdom
573585,22807,SET OF 6 T-LIGHTS TOADSTOOLS,1,2011-10-31 14:41:00,5.79,,United Kingdom
566258,35471D,SET OF 3 BIRD LIGHT PINK FEATHER ,10,2011-09-11 12:45:00,0.39,13124.0,United Kingdom
492358,21042,RED SPOTTY APRON ,12,2009-12-16 13:22:00,5.95,16779.0,United Kingdom
C559136,22139,RETROSPOT TEA SET CERAMIC 11 PC ,-1,2011-07-06 13:21:00,4.25,17511.0,United Kingdom
571717,23369,SET 36 COLOUR PENCILS LOVE LONDON,2,2011-10-18 17:10:00,1.25,14381.0,United Kingdom
561661,23108,SET OF 10 LED DOLLY LIGHTS,1,2011-07-28 16:21:00,6.25,12743.0,Unspecified
542622,22079,RIBBON REEL HEARTS DESIGN ,1,2011-01-31 09:09:00,3.29,,United Kingdom
573581,21469,POLKA DOT RAFFIA FOOD COVER,6,2011-10-31 14:22:00,3.75,14911.0,EIRE
578036,22988,SOLDIERS EGG CUP ,6,2011-11-22 14:04:00,1.25,16474.0,United Kingdom
533278,16008,SMALL FOLDING SCISSOR(POINTED EDGE),24,2010-11-16 15:24:00,0.25,13439.0,United Kingdom
547906,21165,BEWARE OF THE CAT METAL SIGN ,1,2011-03-28 12:13:00,1.69,14410.0,United Kingdom
537334,22745,POPPY'S PLAYHOUSE BEDROOM ,2,2010-12-06 12:06:00,2.1,16719.0,United Kingdom
576217,22551,PLASTERS IN TIN SPACEBOY,1,2011-11-14 12:56:00,1.65,17081.0,United Kingdom
499772,21507,"ELEPHANT, BIRTHDAY CARD, ",12,2010-03-02 13:36:00,0.42,16960.0,United Kingdom
525879,21791,VINTAGE HEADS AND TAILS CARD GAME ,12,2010-10-07 14:24:00,1.25,15228.0,United Kingdom
501010,20681,PINK SPOTTY CHILDS UMBRELLA,2,2010-03-11 15:33:00,3.25,13715.0,United Kingdom
504852,48195,DOOR MAT GREEN PAISLEY ,1,2010-04-18 10:37:00,7.49,17243.0,United Kingdom
553577,22584,PACK OF 6 PANNETONE GIFT BOXES,12,2011-05-18 10:34:00,2.55,12437.0,France
577743,23188,VINTAGE  2 METRE FOLDING RULER,4,2011-11-21 13:44:00,1.65,17006.0,United Kingdom
552319,20724,RED RETROSPOT CHARLOTTE BAG,10,2011-05-09 08:23:00,0.85,13003.0,United Kingdom
554151,21246,RED RETROSPOT BIG BOWL,1,2011-05-23 11:07:00,4.95,14049.0,United Kingdom
515313,22078,RIBBON REEL LACE DESIGN ,1,2010-07-11 10:28:00,2.1,15164.0,United Kingdom
572294,22567,20 DOLLY PEGS RETROSPOT,1,2011-10-23 13:10:00,1.45,13471.0,United Kingdom
537237,22788,BROCANTE COAT RACK,1,2010-12-06 09:58:00,20.38,,United Kingdom
491730,21480,PINK STRIPE HOT WATER BOTTLE,6,2009-12-14 09:56:00,2.95,13872.0,United Kingdom
519343,85184D,S/4 BLUE ROUND DECOUPAGE BOXES,6,2010-08-16 12:12:00,2.95,12687.0,Sweden
569528,22743,MAKE YOUR OWN FLOWERPOWER CARD KIT,2,2011-10-04 14:53:00,2.95,16242.0,United Kingdom
523655,21755,LOVE BUILDING BLOCK WORD,6,2010-09-23 13:26:00,5.95,17504.0,United Kingdom
497918,20899,VINTAGE NOTEBOOK RED ROSE,1,2010-02-14 15:22:00,2.95,17841.0,United Kingdom
521650,21790,VINTAGE SNAP CARDS,36,2010-09-07 13:36:00,0.85,14060.0,United Kingdom
523588,22938,CUPCAKE LACE PAPER SET 6,12,2010-09-23 09:11:00,1.95,14837.0,United Kingdom
578858,21889,WOODEN BOX OF DOMINOES,6,2011-11-27 11:22:00,1.25,18145.0,United Kingdom
520359,22456,NATURAL SLATE CHALKBOARD LARGE ,18,2010-08-25 13:36:00,4.25,16103.0,United Kingdom
557782,22697,GREEN REGENCY TEACUP AND SAUCER,6,2011-06-22 15:41:00,2.95,14640.0,United Kingdom
505236,22523,CHILDS GARDEN FORK PINK,12,2010-04-21 10:58:00,0.85,12391.0,Cyprus
503871,84691,PACK 20 DOLLY PEGS,1,2010-04-08 11:36:00,1.66,,United Kingdom
504498,22303,COFFEE MUG APPLES DESIGN,36,2010-04-14 11:16:00,2.1,17511.0,United Kingdom
513953,21955,DOOR MAT UNION JACK GUNS AND ROSES,2,2010-06-29 14:14:00,7.49,14426.0,United Kingdom
540383,47590B,PINK HAPPY BIRTHDAY BUNTING,50,2011-01-06 17:47:00,4.65,16422.0,United Kingdom
502765,85150,LADIES & GENTLEMEN METAL SIGN,1,2010-03-26 14:01:00,2.55,17371.0,United Kingdom
536749,84029E,RED WOOLLY HOTTIE WHITE HEART.,1,2010-12-02 13:49:00,3.75,17976.0,United Kingdom
538313,22586,FELTCRAFT HAIRBAND PINK AND BLUE,1,2010-12-10 13:50:00,0.85,15514.0,United Kingdom
509871,84849B,FAIRY SOAP SOAP HOLDER,12,2010-05-26 11:03:00,1.69,14025.0,United Kingdom
571745,23101,SILVER STARS TABLE DECORATION,24,2011-10-19 10:48:00,0.83,14911.0,EIRE
546922,21169,YOU'RE CONFUSING ME METAL SIGN ,12,2011-03-18 09:59:00,1.69,14110.0,United Kingdom
568791,23503,PLAYING CARDS KEEP CALM & CARRY ON,12,2011-09-29 09:51:00,1.25,16650.0,United Kingdom
564552,21930,JUMBO STORAGE BAG SKULLS,10,2011-08-25 17:22:00,2.08,16670.0,United Kingdom
518148,79190D,RETRO PLASTIC DAISY TRAY,4,2010-08-04 16:38:00,0.42,16334.0,United Kingdom
557221,22851,SET 20 NAPKINS FAIRY CAKES DESIGN ,1,2011-06-17 13:01:00,0.85,16869.0,United Kingdom
543651,22559,SEASIDE FLYING DISC,12,2011-02-11 10:06:00,1.25,16306.0,United Kingdom
556812,23181,BULL DOG BOTTLE TOP WALL CLOCK,2,2011-06-14 17:25:00,16.63,,United Kingdom
550819,21531,RED RETROSPOT SUGAR JAM BOWL,4,2011-04-20 17:37:00,2.55,17530.0,United Kingdom
514316,21539,RED RETROSPOT BUTTER DISH,3,2010-07-01 13:37:00,4.95,16654.0,United Kingdom
517973,21714,CITRONELLA CANDLE GARDEN POT,12,2010-08-03 13:54:00,1.25,16880.0,United Kingdom
531006,22398,MAGNETS PACK OF 4 SWALLOWS,12,2010-11-05 11:37:00,1.25,16048.0,United Kingdom
533466,85099B,JUMBO BAG RED RETROSPOT,20,2010-11-17 12:20:00,1.95,18223.0,United Kingdom
560356,23092,LARGE ANTIQUE WHITE PHOTO FRAME,4,2011-07-18 11:41:00,7.9,16875.0,United Kingdom
509456,22528,GARDENERS KNEELING PAD,12,2010-05-24 10:30:00,1.25,13047.0,United Kingdom
565617,22993,SET OF 4 PANTRY JELLY MOULDS,5,2011-09-05 15:30:00,1.25,,United Kingdom
524765,22196,SMALL HEART MEASURING SPOONS,1,2010-09-30 15:47:00,1.66,,United Kingdom
529318,21584,RETROSPOT SMALL TUBE MATCHES,20,2010-10-27 13:47:00,1.65,14639.0,United Kingdom
566571,22568,FELTCRAFT CUSHION OWL,4,2011-09-13 12:49:00,3.75,17037.0,United Kingdom
537374,22548,HEADS AND TAILS SPORTING FUN,1,2010-12-06 12:55:00,1.25,17259.0,United Kingdom
502422,21908,CHOCOLATE THIS WAY METAL SIGN,12,2010-03-24 12:20:00,2.1,14911.0,EIRE
534859,84050,PINK HEART SHAPE EGG FRYING PAN,2,2010-11-24 13:56:00,4.21,,United Kingdom
564756,23351,ROLL WRAP 50'S CHRISTMAS,1,2011-08-30 10:33:00,2.46,,United Kingdom
524087,22169,FAMILY ALBUM WHITE PICTURE FRAME,2,2010-09-27 11:41:00,16.98,,United Kingdom
552304,22151,PLACE SETTING WHITE HEART,12,2011-05-08 15:15:00,0.42,12748.0,United Kingdom
541406,84380,SET OF 3 BUTTERFLY COOKIE CUTTERS,3,2011-01-17 15:19:00,1.25,14657.0,United Kingdom
558774,23140,TRIPLE WIRE HOOK IVORY HEART,1,2011-07-04 10:17:00,4.13,,United Kingdom
499064,22131,FOOD CONTAINER SET 3 LOVE HEART ,1,2010-02-24 14:18:00,1.95,13110.0,United Kingdom
518418,22466,FAIRY TALE COTTAGE NIGHTLIGHT,12,2010-08-09 08:26:00,1.95,12567.0,France
498019,22499,WOODEN UNION JACK BUNTING,3,2010-02-15 16:57:00,5.95,13089.0,United Kingdom
500461,46776F,WOVEN ROSE GARDEN CUSHION COVER ,2,2010-03-08 12:35:00,4.21,,United Kingdom
493079,22162,HEART GARLAND RUSTIC PADDED,2,2009-12-22 09:52:00,6.04,,United Kingdom
490305,84029G,KNITTED UNION FLAG HOT WATER BOTTLE,7,2009-12-04 14:37:00,3.75,17243.0,United Kingdom
535387,22917,HERB MARKER ROSEMARY,12,2010-11-26 09:09:00,0.65,15210.0,United Kingdom
519242,21680,WOODLAND  STICKERS,288,2010-08-15 14:12:00,0.72,16553.0,United Kingdom
569651,21587,COSY HOUR GIANT TUBE MATCHES,3,2011-10-05 12:49:00,2.55,14534.0,United Kingdom
509535,82600,NO SINGING METAL SIGN,12,2010-05-24 12:07:00,2.1,13615.0,United Kingdom
502326,22046,TEA PARTY  WRAPPING PAPER ,25,2010-03-24 10:28:00,0.42,12758.0,Portugal
569912,23514,EMBROIDERED RIBBON REEL SALLY ,6,2011-10-06 16:50:00,2.08,17139.0,United Kingdom
575942,23475,WOODLAND SMALL PINK FELT HEART,12,2011-11-13 11:44:00,0.83,15599.0,United Kingdom
563193,23161,REGENCY CAKE FORK,2,2011-08-12 16:30:00,2.46,,United Kingdom
567181,82581,TOILET METAL SIGN,25,2011-09-18 15:15:00,0.55,17750.0,United Kingdom
541695,20735,BLACK MINI TAPE MEASURE ,1,2011-01-20 18:01:00,0.83,,United Kingdom
544323,20726,LUNCH BAG WOODLAND,1,2011-02-17 15:51:00,4.13,,United Kingdom
515353,84839,SWEETHEART KEY CABINET,1,2010-07-12 10:54:00,12.72,,United Kingdom
568060,21448,12 DAISY PEGS IN WOOD BOX,2,2011-09-23 13:11:00,1.65,14546.0,United Kingdom
527291,15056bl,EDWARDIAN PARASOL BLACK,1,2010-10-15 14:08:00,12.72,,United Kingdom
545027,21243,PINK  POLKADOT PLATE ,3,2011-02-25 14:59:00,3.29,,United Kingdom
504473,22521,CHILDS GARDEN TROWEL PINK,12,2010-04-14 08:53:00,0.85,17594.0,United Kingdom
550499,84568,GIRLS ALPHABET IRON ON PATCHES ,13,2011-04-18 15:16:00,0.42,,United Kingdom
571269,23300,GARDENERS KNEELING PAD CUP OF TEA ,4,2011-10-16 12:09:00,1.65,16243.0,United Kingdom
562933,47566,PARTY BUNTING,9,2011-08-10 16:51:00,10.79,,United Kingdom
538626,84991,60 TEATIME FAIRY CAKE CASES,6,2010-12-13 12:57:00,0.55,17338.0,United Kingdom
538634,22792,FLUTED ANTIQUE CANDLE HOLDER,12,2010-12-13 13:28:00,0.85,14085.0,United Kingdom
522789,22354,RETROSPOT PADDED SEAT CUSHION,5,2010-09-16 14:41:00,3.75,14221.0,United Kingdom
502853,22319,HAIRCLIPS FORTIES FABRIC ASSORTED,12,2010-03-28 14:47:00,0.65,17589.0,United Kingdom
575340,21137,BLACK RECORD COVER FRAME,12,2011-11-09 14:31:00,3.75,15485.0,United Kingdom
579175,22916,HERB MARKER THYME,4,2011-11-28 14:39:00,0.65,14562.0,United Kingdom
497363,21218,RED SPOTTY BISCUIT TIN,6,2010-02-09 09:41:00,3.75,12370.0,Austria
C565428,79190B,RETRO PLASTIC POLKA TRAY,-1,2011-09-04 12:53:00,0.42,12867.0,United Kingdom
491151,21232,STRAWBERRY CERAMIC TRINKET BOX,72,2009-12-10 09:25:00,1.06,14134.0,United Kingdom
490709,21327,SKULLS WRITING SET ,1,2009-12-07 15:15:00,1.65,17884.0,United Kingdom
C516149,21169,YOU'RE CONFUSING ME METAL SIGN ,-1,2010-07-18 10:52:00,1.69,13798.0,United Kingdom
493954,82494L,WOODEN FRAME ANTIQUE WHITE ,6,2010-01-08 14:10:00,2.95,18170.0,United Kingdom
557634,84988,SET OF 72 PINK HEART PAPER DOILIES,1,2011-06-21 15:24:00,1.45,15412.0,United Kingdom
558703,22028,PENNY FARTHING BIRTHDAY CARD,12,2011-07-01 12:47:00,0.42,13730.0,United Kingdom
489791,20714,POSY SHOPPER BAG,1,2009-12-02 12:06:00,1.25,15542.0,United Kingdom
571670,22197,POPCORN HOLDER,12,2011-10-18 13:12:00,0.85,12611.0,Italy
557935,82494L,WOODEN FRAME ANTIQUE WHITE ,24,2011-06-23 15:26:00,2.55,13929.0,United Kingdom
516963,22087,PAPER BUNTING WHITE LACE,40,2010-07-26 09:07:00,2.55,13001.0,United Kingdom
570183,22759,SET OF 3 NOTEBOOKS IN PARCEL,12,2011-10-07 14:43:00,1.65,15208.0,United Kingdom
580729,22631,CIRCUS PARADE LUNCH BOX ,1,2011-12-05 17:24:00,4.13,,United Kingdom
514532,21929,JUMBO BAG PINK VINTAGE PAISLEY,1,2010-07-05 10:07:00,4.21,,United Kingdom
534633,20681,PINK POLKADOT CHILDRENS UMBRELLA,1,2010-11-23 13:01:00,3.25,12573.0,France
520357,84580,MOUSE TOY WITH PINK T-SHIRT,4,2010-08-25 13:34:00,3.75,16654.0,United Kingdom
574573,22966,GINGERBREAD MAN COOKIE CUTTER,2,2011-11-04 16:35:00,1.25,14592.0,United Kingdom
540995,22730,ALARM CLOCK BAKELIKE IVORY,1,2011-01-13 09:30:00,7.46,,United Kingdom
495200,48129,DOOR MAT TOPIARY,1,2010-01-21 16:29:00,6.75,17320.0,United Kingdom
522592,20723,STRAWBERRY CHARLOTTE BAG,10,2010-09-15 13:16:00,0.85,12408.0,Belgium
562593,21755,LOVE BUILDING BLOCK WORD,3,2011-08-07 15:43:00,5.95,16549.0,United Kingdom
505843,79030G,"TUMBLER, NEW ENGLAND",1,2010-04-26 11:57:00,12.72,,United Kingdom
548521,20754,RETROSPOT RED WASHING UP GLOVES,6,2011-03-31 16:41:00,2.1,17735.0,United Kingdom
505510,47568,ENGLISH ROSE DESIGN PEG BAG,3,2010-04-22 14:33:00,4.21,,United Kingdom
502465,21790,VINTAGE SNAP CARDS,24,2010-03-24 15:08:00,0.85,17402.0,United Kingdom
522604,21232,STRAWBERRY CERAMIC TRINKET BOX,12,2010-09-15 13:44:00,1.25,15629.0,United Kingdom
494381,21991,BOHEMIAN COLLAGE STATIONERY SET,1,2010-01-13 17:44:00,2.51,,United Kingdom
539421,22920,HERB MARKER BASIL,12,2010-12-17 14:21:00,0.65,14016.0,EIRE
551014,23137,ZINC WIRE SWEETHEART LETTER TRAY,4,2011-04-26 11:04:00,3.75,13209.0,United Kingdom
522332,22595,CHRISTMAS GINGHAM HEART,12,2010-09-14 09:36:00,0.85,15600.0,United Kingdom
545687,21454,PAINTED PINK RABBIT ,8,2011-03-06 12:20:00,0.85,17769.0,United Kingdom
531343,22158,3 HEARTS HANGING DECORATION RUSTIC,16,2010-11-07 13:08:00,2.95,15044.0,United Kingdom
528613,20902,VINTAGE KEEPSAKE BOX PARIS DAYS,1,2010-10-22 15:57:00,12.72,,United Kingdom
500151,84520B,PACK 20 ENGLISH ROSE PAPER NAPKINS,1,2010-03-04 17:45:00,0.85,17931.0,United Kingdom
547790,85049G,CHOCOLATE BOX RIBBONS ,12,2011-03-25 12:04:00,1.25,12545.0,Spain
531818,84692,BOX OF 24 COCKTAIL PARASOLS,10,2010-11-09 17:05:00,0.42,13069.0,United Kingdom
547862,72741,GRAND CHOCOLATECANDLE,9,2011-03-27 12:54:00,1.45,12841.0,United Kingdom
553739,23298,SPOTTY BUNTING,6,2011-05-19 09:23:00,4.95,14895.0,United Kingdom
576082,85099B,JUMBO BAG RED RETROSPOT,10,2011-11-14 08:22:00,2.08,12428.0,Finland
560934,20727,LUNCH BAG  BLACK SKULL.,10,2011-07-22 10:48:00,1.65,16722.0,United Kingdom
551006,22668,PINK BABY BUNTING,1,2011-04-26 09:48:00,5.79,,United Kingdom
580513,23582,VINTAGE DOILY JUMBO BAG RED ,2,2011-12-04 13:59:00,2.08,14456.0,United Kingdom
535490,84832,ZINC WILLIE WINKIE  CANDLE STICK,12,2010-11-26 14:53:00,0.85,15301.0,United Kingdom
536223,21843,RED RETROSPOT CAKE STAND,2,2010-11-30 13:55:00,10.95,13650.0,United Kingdom
500094,84997B,RED 3 PIECE MINI DOTS CUTLERY SET,1,2010-03-04 12:24:00,3.75,15005.0,United Kingdom
502613,85093,CANDY SPOT EGG WARMER HARE,1,2010-03-25 14:22:00,1.25,14535.0,United Kingdom
522761,22435,SET OF 9 HEART SHAPED BALLOONS,12,2010-09-16 13:50:00,1.25,13587.0,United Kingdom
536988,85049C,ROMANTIC PINKS RIBBONS ,2,2010-12-03 15:05:00,1.25,17238.0,United Kingdom
501614,84908A,PINK 5 PATCH FLOWER CUSHION COVER ,120,2010-03-18 10:58:00,1.95,13694.0,United Kingdom
553671,22907,PACK OF 20 NAPKINS PANTRY DESIGN,6,2011-05-18 12:37:00,0.85,13659.0,United Kingdom
521150,22168,ORGANISER WOOD ANTIQUE WHITE ,2,2010-09-02 13:33:00,8.5,13564.0,United Kingdom
580115,21873,IF YOU CAN'T STAND THE HEAT MUG,1,2011-12-01 16:22:00,3.29,,United Kingdom
542627,21232,STRAWBERRY CERAMIC TRINKET BOX,12,2011-01-31 09:51:00,1.25,14426.0,United Kingdom
498696,21498,RED SPOTS  WRAP ,25,2010-02-22 12:05:00,0.42,16619.0,United Kingdom
494016,84356,POMPOM CURTAIN,1,2010-01-11 09:35:00,20.83,,United Kingdom
559142,22424,ENAMEL BREAD BIN CREAM,1,2011-07-06 14:01:00,12.75,17719.0,United Kingdom
580735,23344,JUMBO BAG 50'S CHRISTMAS ,10,2011-12-06 08:52:00,2.08,17728.0,United Kingdom
498114,21179,NO JUNK MAIL METAL SIGN,2,2010-02-16 14:32:00,1.25,15311.0,United Kingdom
535066,85178,VICTORIAN SEWING KIT,1,2010-11-24 17:11:00,1.25,12933.0,United Kingdom
515598,22090,PAPER BUNTING RETRO SPOTS,12,2010-07-13 14:07:00,2.95,14895.0,United Kingdom
526375,22810,SET OF 6 T-LIGHTS SNOWMEN,6,2010-10-11 12:26:00,2.95,18245.0,United Kingdom
491406,21791,VINTAGE HEADS AND TAILS CARD GAME ,3,2009-12-10 18:27:00,1.25,14081.0,United Kingdom
532817,21108,FAIRY CAKE FLANNEL ASSORTED COLOUR,2,2010-11-14 16:16:00,2.55,14493.0,United Kingdom
573665,22667,RECIPE BOX RETROSPOT ,3,2011-10-31 16:24:00,2.95,13982.0,United Kingdom
529503,22080,RIBBON REEL POLKADOTS ,5,2010-10-28 14:15:00,1.65,16343.0,United Kingdom
537235,21791,VINTAGE HEADS AND TAILS CARD GAME ,288,2010-12-06 09:45:00,1.06,17381.0,United Kingdom
561471,84077,WORLD WAR 2 GLIDERS ASSTD DESIGNS,48,2011-07-27 13:14:00,0.29,14911.0,EIRE
491043,16238,PARTY TIME PENCIL ERASERS,3,2009-12-09 09:51:00,0.43,,United Kingdom
567183,21135,VICTORIAN  METAL POSTCARD SPRING,16,2011-09-18 15:32:00,1.69,14769.0,United Kingdom
569575,22076,6 RIBBONS EMPIRE  ,12,2011-10-05 10:37:00,1.65,16106.0,United Kingdom
519612,90040B,MURANO STYLE GLASS BRACELET BLACK,3,2010-08-18 17:41:00,3.5,15154.0,United Kingdom
C537860,21624,VINTAGE UNION JACK DOORSTOP,-3,2010-12-08 16:15:00,5.95,16252.0,United Kingdom
515771,22086,PAPER CHAIN KIT 50'S CHRISTMAS ,1,2010-07-14 14:42:00,2.95,13610.0,United Kingdom
548894,37446,MINI CAKE STAND WITH HANGING CAKES,1,2011-04-04 16:01:00,3.29,,United Kingdom
525882,22899,CHILDREN'S APRON DOLLY GIRL ,1,2010-10-07 14:28:00,4.21,,United Kingdom
495393,22148,EASTER CRAFT 4 CHICKS ,1,2010-01-24 15:42:00,1.95,15483.0,United Kingdom
543530,22361,GLASS JAR DAISY FRESH COTTON WOOL,1,2011-02-09 12:46:00,5.79,,United Kingdom
544159,22487,WHITE WOOD GARDEN PLANT LADDER,1,2011-02-16 12:48:00,9.95,14944.0,United Kingdom
525431,85123A,WHITE HANGING HEART T-LIGHT HOLDER,12,2010-10-05 13:14:00,2.95,16300.0,United Kingdom
507624,22109,FULL ENGLISH BREAKFAST PLATE,12,2010-05-10 14:34:00,3.75,16873.0,United Kingdom
490682,21481,FAWN BLUE HOT WATER BOTTLE,36,2009-12-07 13:37:00,2.55,12600.0,Germany
564342,22142,CHRISTMAS CRAFT WHITE FAIRY ,2,2011-08-24 14:53:00,1.45,16340.0,United Kingdom
498622,21662,VINTAGE GLASS COFFEE CADDY,3,2010-02-22 10:38:00,5.95,16985.0,United Kingdom
502840,21124,SET/10 BLUE SPOTTY PARTY CANDLES,2,2010-03-28 13:18:00,1.25,15068.0,United Kingdom
553386,22993,SET OF 4 PANTRY JELLY MOULDS,12,2011-05-16 16:22:00,1.25,13381.0,United Kingdom
559346,22391,PAPERWEIGHT HOME SWEET HOME,6,2011-07-07 17:19:00,2.55,13486.0,United Kingdom
495962,84455,SET OF 3 RABBIT CARROTS EASTER,12,2010-01-28 10:08:00,0.85,14465.0,United Kingdom
519577,22089,PAPER BUNTING VINTAGE PAISLEY,1,2010-08-18 12:52:00,2.95,14037.0,United Kingdom
576364,21892,TRADITIONAL WOODEN CATCH CUP GAME ,4,2011-11-14 17:40:00,1.25,15009.0,United Kingdom
547960,22273,FELTCRAFT DOLL MOLLY,1,2011-03-28 15:27:00,2.95,15644.0,United Kingdom
552198,22813,PACK 3 BOXES BIRD PANNETONE ,1,2011-05-06 14:47:00,1.95,15552.0,United Kingdom
530846,21823,PAINTED METAL HEART WITH HOLLY BELL,6,2010-11-04 14:26:00,1.45,17977.0,United Kingdom
568553,22978,PANTRY ROLLING PIN,12,2011-09-27 15:17:00,3.75,15674.0,United Kingdom
531256,47599A,PINK PARTY BAGS,6,2010-11-07 11:20:00,2.1,18245.0,United Kingdom
550446,82482,WOODEN PICTURE FRAME WHITE FINISH,6,2011-04-18 12:36:00,2.55,13871.0,United Kingdom
503721,22178,VICTORIAN GLASS HANGING T-LIGHT,1,2010-04-06 15:37:00,2.51,,United Kingdom
512527,22459,CAST IRON HOOK GARDEN TROWEL,8,2010-06-16 11:53:00,2.55,17448.0,United Kingdom
555556,47566,PARTY BUNTING,8,2011-06-05 14:04:00,4.95,15704.0,United Kingdom
528383,84347,ROTATING SILVER ANGELS T-LIGHT HLDR,3,2010-10-21 18:21:00,2.55,14686.0,United Kingdom
541215,85099B,JUMBO BAG RED RETROSPOT,10,2011-01-14 13:42:00,1.95,14329.0,United Kingdom
509207,21094,SET/6 RED SPOTTY PAPER PLATES,2,2010-05-21 09:40:00,1.66,,United Kingdom
566757,21991,BOHEMIAN COLLAGE STATIONERY SET,1,2011-09-14 15:54:00,2.46,,United Kingdom
496502,20679,EDWARDIAN PARASOL RED,3,2010-02-02 09:39:00,5.95,17146.0,United Kingdom
524094,22294,HEART FILIGREE DOVE  SMALL,24,2010-09-27 12:06:00,1.25,17677.0,United Kingdom
558385,82494L,WOODEN FRAME ANTIQUE WHITE ,24,2011-06-29 09:13:00,2.55,16525.0,United Kingdom
509937,21731,RED TOADSTOOL LED NIGHT LIGHT,12,2010-05-26 12:39:00,1.65,14186.0,United Kingdom
513960,22634,CHILDS BREAKFAST SET SPACEBOY ,8,2010-06-29 15:04:00,8.5,15430.0,United Kingdom
542608,21677,HEARTS  STICKERS,6,2011-01-30 13:51:00,0.85,16770.0,United Kingdom
531350,22493,PAINT YOUR OWN CANVAS SET,12,2010-11-07 13:31:00,1.65,12748.0,United Kingdom
494386,72800F,4 IVORY DINNER CANDLES GOLD FLOCK,1,2010-01-14 09:41:00,5.06,,United Kingdom
540154,47594B,SCOTTIES DESIGN WASHBAG,3,2011-01-05 11:30:00,1.66,,United Kingdom
539633,85152,HAND OVER THE CHOCOLATE   SIGN ,12,2010-12-20 15:09:00,2.1,17230.0,United Kingdom
500012,22221,CAKE STAND LOVEBIRD 2 TIER PINK,2,2010-03-04 10:23:00,9.95,17049.0,United Kingdom
519196,20724,RED SPOTTY CHARLOTTE BAG,59,2010-08-13 18:25:00,2.51,,United Kingdom
559458,21473,SWEETHEART CREAM STEEL TABLE RECT,1,2011-07-08 12:50:00,19.95,14104.0,United Kingdom
513620,22118,JOY WOODEN BLOCK LETTERS,1,2010-06-27 12:51:00,4.95,14532.0,United Kingdom
536592,22065,CHRISTMAS PUDDING TRINKET POT ,1,2010-12-01 17:06:00,3.36,,United Kingdom
579508,22755,SMALL PURPLE BABUSHKA NOTEBOOK ,1,2011-11-29 16:33:00,1.63,,United Kingdom
566115,POST,POSTAGE,1,2011-09-09 10:51:00,18.0,12674.0,France
543171,22166,WALL MIRROR RECTANGLE DIAMANTE PINK,1,2011-02-04 09:11:00,15.79,,United Kingdom
529899,84030E,ENGLISH ROSE HOT WATER BOTTLE,3,2010-10-31 14:09:00,4.25,15535.0,United Kingdom
570521,21055,TOOL BOX SOFT TOY ,4,2011-10-11 10:43:00,8.95,12371.0,Switzerland
518981,21080,SET/20 RED SPOTTY PAPER NAPKINS ,2,2010-08-12 16:41:00,1.66,,United Kingdom
556672,23104,IVORY CAFE HANGING LAMP ,1,2011-06-13 17:08:00,12.5,13742.0,United Kingdom
531516,21914,BLUE HARMONICA IN BOX ,286,2010-11-08 16:45:00,2.95,,United Kingdom
525747,22680,"FRENCH BLUE METAL DOOR SIGN, 5",10,2010-10-07 09:28:00,1.25,13382.0,United Kingdom
578472,22852,DOG BOWL VINTAGE CREAM,4,2011-11-24 12:40:00,4.25,12476.0,Germany
489597,20780,BLACK EAR MUFF HEADPHONES,1,2009-12-01 14:28:00,11.26,,United Kingdom
500170,22090,PAPER BUNTING RETRO SPOTS,6,2010-03-05 10:05:00,2.95,18226.0,United Kingdom
565863,22269,EGG CUP NATURAL CHICKEN,32,2011-09-07 15:00:00,0.39,17422.0,United Kingdom
533025,22196,SMALL HEART MEASURING SPOONS,24,2010-11-15 15:55:00,0.85,15596.0,United Kingdom
559817,20768,GREEN FERN JOURNAL ,1,2011-07-12 16:20:00,2.46,,United Kingdom
550006,23199,JUMBO BAG APPLES,2,2011-04-14 10:10:00,2.08,17841.0,United Kingdom
496288,20941,FROG CANDLE,12,2010-01-29 17:25:00,1.25,17603.0,United Kingdom
495235,M,Manual,1,2010-01-22 09:40:00,1193.89,14156.0,EIRE
580508,23319,BOX OF 6 MINI 50'S CRACKERS,2,2011-12-04 13:45:00,2.49,,United Kingdom
495921,22378,WALL TIDY RETROSPOT ,1,2010-01-27 14:03:00,2.1,15311.0,United Kingdom
562129,21175,GIN + TONIC DIET METAL SIGN,12,2011-08-03 09:09:00,2.55,13186.0,United Kingdom
558475,22344,PARTY PIZZA DISH PINK POLKADOT,1,2011-06-29 15:58:00,1.63,,United Kingdom
500257,22286,"DECORATION , WOBBLY RABBIT , METAL ",2,2010-03-05 13:33:00,1.65,17006.0,United Kingdom
500728,22250,DECORATION  BUTTERFLY  MAGIC GARDEN,16,2010-03-09 15:56:00,0.85,16756.0,United Kingdom
537140,21790,VINTAGE SNAP CARDS,1,2010-12-05 12:53:00,0.85,12748.0,United Kingdom
551471,84970S,HANGING HEART ZINC T-LIGHT HOLDER,2,2011-04-28 16:40:00,0.85,16370.0,United Kingdom
546116,84755,COLOUR GLASS T-LIGHT HOLDER HANGING,32,2011-03-09 13:53:00,0.65,15367.0,United Kingdom
550914,22699,ROSES REGENCY TEACUP AND SAUCER ,24,2011-04-21 13:29:00,2.55,17061.0,United Kingdom
507416,85123A,WHITE HANGING HEART T-LIGHT HOLDER,6,2010-05-09 14:32:00,2.95,14678.0,United Kingdom
574310,21892,TRADITIONAL WOODEN CATCH CUP GAME ,1,2011-11-03 16:56:00,1.25,13467.0,United Kingdom
518230,21907,I'M ON HOLIDAY METAL SIGN,6,2010-08-05 15:14:00,2.1,14395.0,United Kingdom
554371,21129,SILVER FISHING GNOME ,2,2011-05-24 10:42:00,6.95,17659.0,United Kingdom
538839,22606,WOODEN SKITTLES GARDEN SET,1,2010-12-14 13:10:00,15.95,14606.0,United Kingdom
533516,22423,REGENCY CAKESTAND 3 TIER,16,2010-11-17 14:53:00,10.95,16684.0,United Kingdom
548162,22356,CHARLOTTE BAG PINK POLKADOT,45,2011-03-29 13:42:00,2.46,,United Kingdom
502880,21121,SET/10 RED SPOTTY PARTY CANDLES,2,2010-03-29 10:37:00,1.25,17994.0,United Kingdom
524724,22553,PLASTERS IN TIN SKULLS,12,2010-09-30 14:07:00,1.65,14742.0,United Kingdom
491971,37444B,BLUE BREAKFAST CUP AND SAUCER ,1,2009-12-14 18:37:00,6.04,,United Kingdom
530332,22603,CHRISTMAS RETROSPOT TREE WOOD,5,2010-11-02 13:57:00,1.66,,United Kingdom
518371,22217,T-LIGHT HOLDER HANGING LACE,4,2010-08-08 10:31:00,1.25,13782.0,United Kingdom
502490,21845,DAIRY MAID STRIPE MUG,6,2010-03-25 10:04:00,2.95,14640.0,United Kingdom
508074,22374,AIRLINE BAG VINTAGE JET SET RED,1,2010-05-12 16:03:00,6.35,17897.0,United Kingdom
494012,35001W,HAND OPEN SHAPE DECO.WHITE,1,2010-01-11 09:31:00,4.3,,United Kingdom
571465,85099B,JUMBO BAG RED RETROSPOT,11,2011-10-17 14:29:00,2.08,14830.0,United Kingdom
546563,22748,POPPY'S PLAYHOUSE KITCHEN,6,2011-03-15 10:49:00,2.1,15047.0,United Kingdom
569406,22139,RETROSPOT TEA SET CERAMIC 11 PC ,9,2011-10-04 09:09:00,4.95,16253.0,United Kingdom
529718,22744,MAKE YOUR OWN MONSOON CARD KIT,1,2010-10-29 13:44:00,2.95,,United Kingdom
575733,84380,SET OF 3 BUTTERFLY COOKIE CUTTERS,12,2011-11-11 08:33:00,1.45,13810.0,Germany
538015,85230G,ORANGE VOTIVE CANDLE,24,2010-12-09 12:49:00,0.29,13240.0,United Kingdom
515179,20750,RED/WHITE DOT MINI CASES,1,2010-07-08 18:33:00,7.95,16032.0,United Kingdom
543369,22794,SWEETHEART WIRE MAGAZINE RACK,2,2011-02-07 14:49:00,7.95,16255.0,United Kingdom
532391,20712,JUMBO BAG WOODLAND ANIMALS,2,2010-11-11 19:14:00,1.95,16797.0,United Kingdom
505859,22355,"CHARLOTTE BAG , SUKI DESIGN",1,2010-04-26 13:17:00,1.66,,United Kingdom
564050,22749,FELTCRAFT PRINCESS CHARLOTTE DOLL,4,2011-08-22 13:32:00,3.75,17160.0,United Kingdom
535096,21486,PINK HEART DOTS HOT WATER BOTTLE,8,2010-11-25 10:39:00,3.75,15728.0,United Kingdom
573599,22726,ALARM CLOCK BAKELIKE GREEN,6,2011-10-31 15:20:00,3.75,17924.0,United Kingdom
509444,21703,BAG 125g SWIRLY MARBLES,12,2010-05-24 08:34:00,0.42,18060.0,United Kingdom
536874,85099B,JUMBO BAG RED RETROSPOT,3,2010-12-03 11:35:00,1.95,16891.0,United Kingdom
C562117,20712,JUMBO BAG WOODLAND ANIMALS,-2,2011-08-02 16:20:00,2.08,16628.0,United Kingdom
577318,21479,WHITE SKULL HOT WATER BOTTLE ,12,2011-11-18 13:42:00,4.25,17675.0,United Kingdom
567656,21329,DINOSAURS  WRITING SET ,2,2011-09-21 14:40:00,3.29,14096.0,United Kingdom
580396,22155,STAR DECORATION RUSTIC,2,2011-12-04 11:00:00,0.42,13838.0,United Kingdom
575705,22191,IVORY DINER WALL CLOCK,4,2011-11-10 17:06:00,8.5,15159.0,United Kingdom
527356,22731,3D CHRISTMAS STAMPS STICKERS ,2,2010-10-17 10:34:00,1.25,16104.0,United Kingdom
522309,21241,GREEN SPOTTY CUP,8,2010-09-13 15:12:00,0.85,15521.0,United Kingdom
531371,22758,LARGE PURPLE BABUSHKA NOTEBOOK  ,12,2010-11-07 15:31:00,1.25,12867.0,United Kingdom
573145,22632,HAND WARMER RED RETROSPOT,12,2011-10-27 18:02:00,2.1,18219.0,United Kingdom
553149,23171,REGENCY TEA PLATE GREEN ,48,2011-05-13 14:16:00,1.45,14226.0,United Kingdom
501832,20675,BLUE SPOTTY BOWL,1,2010-03-19 16:43:00,2.51,,United Kingdom
533004,22553,PLASTERS IN TIN SKULLS,2,2010-11-15 15:03:00,1.65,17231.0,United Kingdom
530811,22672,FRENCH BATHROOM SIGN BLUE METAL,1,2010-11-04 13:04:00,1.65,13137.0,United Kingdom
565421,84992,72 SWEETHEART FAIRY CAKE CASES,2,2011-09-04 12:10:00,0.55,16744.0,United Kingdom
512925,21159,MOODY BOY  DOOR HANGER ,3,2010-06-20 10:47:00,1.45,15716.0,United Kingdom
527124,84997C,BLUE 3 PIECE POLKADOT CUTLERY SET,33,2010-10-14 19:46:00,3.39,14088.0,United Kingdom
550542,22670,FRENCH WC SIGN BLUE METAL,1,2011-04-19 11:37:00,2.46,,United Kingdom
545717,21181,PLEASE ONE PERSON METAL SIGN,1,2011-03-07 10:15:00,4.13,,United Kingdom
565434,23208,LUNCH BAG VINTAGE LEAF DESIGN,5,2011-09-04 13:35:00,1.65,12867.0,United Kingdom
496381,20990,SPRING FLOWER CHOPSTICKS SET/5,10,2010-02-01 11:44:00,1.95,12647.0,Germany
504717,22082,RIBBON REEL STRIPES DESIGN ,4,2010-04-16 10:49:00,1.65,16098.0,United Kingdom
542862,22497,SET OF 2 TINS VINTAGE BATHROOM ,1,2011-02-01 11:51:00,4.25,14606.0,United Kingdom
498903,22386,JUMBO BAG PINK WITH WHITE SPOTS,10,2010-02-23 14:16:00,1.95,14112.0,United Kingdom
507821,84050,PINK HEART SHAPE EGG FRYING PAN,10,2010-05-11 13:08:00,1.65,14530.0,United Kingdom
507417,84997C,BLUE 3 PIECE MINI DOTS CUTLERY SET,6,2010-05-09 14:35:00,3.75,13425.0,United Kingdom
548894,22190,LOCAL CAFE MUG,1,2011-04-04 16:01:00,2.46,,United Kingdom
C495737,ADJUST,Adjustment by john on 26/01/2010 16,-1,2010-01-26 16:23:00,10.5,16154.0,United Kingdom
573373,84375,SET OF 20 KIDS COOKIE CUTTERS,2,2011-10-30 13:37:00,2.1,14684.0,United Kingdom
580278,21166,COOK WITH WINE METAL SIGN ,3,2011-12-02 13:11:00,2.08,13560.0,United Kingdom
537781,20963,APPLE BATH SPONGE,3,2010-12-08 12:46:00,1.25,17341.0,United Kingdom
543973,22789,T-LIGHT HOLDER SWEETHEART HANGING,8,2011-02-14 15:15:00,1.95,17571.0,United Kingdom
507710,21544,SKULLS  WATER TRANSFER TATTOOS ,10,2010-05-11 11:29:00,0.85,13206.0,United Kingdom
581425,90214N,"LETTER ""N"" BLING KEY RING",1,2011-12-08 15:31:00,0.29,14796.0,United Kingdom
558116,22430,ENAMEL WATERING CAN CREAM,1,2011-06-27 09:11:00,9.96,,United Kingdom
566962,23202,JUMBO BAG VINTAGE LEAF,1,2011-09-15 17:07:00,2.08,16764.0,United Kingdom
541827,21122,SET/10 PINK POLKADOT PARTY CANDLES,1,2011-01-21 17:05:00,2.46,,United Kingdom
562551,85049G,CHOCOLATE BOX RIBBONS ,1,2011-08-05 16:19:00,1.25,17231.0,United Kingdom
577595,21813,GARLAND WITH STARS AND BELLS,1,2011-11-20 16:12:00,4.95,16399.0,United Kingdom
494666,22349,"DOG BOWL , CHASING BALL DESIGN",2,2010-01-17 14:53:00,3.75,13869.0,United Kingdom
530060,85131B,BEADED CRYSTAL HEART GREEN ON STICK,2,2010-11-01 11:35:00,0.85,,United Kingdom
577768,23493,VINTAGE DOILY TRAVEL SEWING KIT,2,2011-11-21 15:18:00,3.29,,United Kingdom
576062,85048,15CM CHRISTMAS GLASS BALL 20 LIGHTS,5,2011-11-13 15:30:00,7.95,12867.0,United Kingdom
524094,22567,20 DOLLY PEGS RETROSPOT,48,2010-09-27 12:06:00,1.06,17677.0,United Kingdom
562717,37448,CERAMIC CAKE DESIGN SPOTTED MUG,1,2011-08-08 15:42:00,3.29,,United Kingdom
536401,84991,60 TEATIME FAIRY CAKE CASES,3,2010-12-01 11:21:00,0.55,15862.0,United Kingdom
523328,47567B,TEA TIME KITCHEN APRON,1,2010-09-21 14:26:00,5.95,17865.0,United Kingdom
526428,21498,RED RETROSPOT WRAP ,25,2010-10-11 15:09:00,0.42,,United Kingdom
516932,21811,CHRISTMAS HANGING HEART WITH BELL,24,2010-07-25 13:02:00,1.25,18064.0,United Kingdom
511025,84279P,CHERRY BLOSSOM  DECORATIVE FLASK,1,2010-06-06 09:49:00,3.75,17377.0,United Kingdom
519249,21471,STRAWBERRY RAFFIA FOOD COVER,6,2010-08-15 15:01:00,3.75,,EIRE
506428,21164,HOME SWEET HOME METAL SIGN ,6,2010-04-29 15:27:00,2.95,15180.0,United Kingdom
494786,20774,GREEN FERN NOTEBOOK,1,2010-01-18 13:24:00,1.66,,United Kingdom
520046,22188,BLACK HEART CARD HOLDER,2,2010-08-23 14:38:00,3.95,15005.0,United Kingdom
505463,82482,WOODEN PICTURE FRAME WHITE FINISH,6,2010-04-22 11:52:00,2.55,15622.0,United Kingdom
560296,22502,PICNIC BASKET WICKER SMALL,1,2011-07-18 10:21:00,10.79,,United Kingdom
514015,22224,WHITE LOVEBIRD LANTERN,6,2010-06-30 10:23:00,2.95,13752.0,United Kingdom
527732,21733,RED HANGING HEART T-LIGHT HOLDER,32,2010-10-18 15:45:00,2.55,15777.0,United Kingdom
566053,22661,CHARLOTTE BAG DOLLY GIRL DESIGN,2,2011-09-08 14:57:00,0.85,14410.0,United Kingdom
557267,85049A,TRADITIONAL CHRISTMAS RIBBONS,1,2011-06-19 11:23:00,1.25,16805.0,United Kingdom
492635,79072,TEATIME CAKE TIN WITH HANDLE,6,2009-12-17 16:18:00,9.95,17526.0,United Kingdom
559464,79163,BLACK CHAMPAGNE GLASS,48,2011-07-08 13:26:00,0.39,15157.0,United Kingdom
500385,85150,LADIES & GENTLEMEN METAL SIGN,6,2010-03-08 10:49:00,2.55,14290.0,United Kingdom
499073,85116,BLACK CANDELABRA T-LIGHT HOLDER,3,2010-02-24 15:23:00,1.66,,United Kingdom
543812,22914,BLUE COAT RACK PARIS FASHION,1,2011-02-13 14:40:00,4.95,17472.0,United Kingdom
569469,22666,RECIPE BOX PANTRY YELLOW DESIGN,2,2011-10-04 12:22:00,2.95,16360.0,United Kingdom
567092,22749,FELTCRAFT PRINCESS CHARLOTTE DOLL,4,2011-09-16 12:48:00,3.75,13196.0,United Kingdom
515338,20676,RED SPOTTY BOWL,8,2010-07-11 15:53:00,1.25,15544.0,United Kingdom
533474,21975,PACK OF 60 DINOSAUR CAKE CASES,2,2010-11-17 12:49:00,0.55,12838.0,United Kingdom
510195,84536B,FAIRY CAKES NOTEBOOK A7 SIZE,2,2010-05-27 19:53:00,0.42,13230.0,United Kingdom
563076,22951,60 CAKE CASES DOLLY GIRL DESIGN,240,2011-08-11 16:12:00,0.42,14646.0,Netherlands
546891,22755,SMALL PURPLE BABUSHKA NOTEBOOK ,2,2011-03-17 18:18:00,1.63,,United Kingdom
499641,21624,VINTAGE UNION JACK DOORSTOP,1,2010-03-01 14:01:00,5.95,17841.0,United Kingdom
559055,84748,FOLK FELT HANGING MULTICOL GARLAND,2,2011-07-05 17:09:00,2.46,,United Kingdom
540154,22378,WALL TIDY RETROSPOT ,5,2011-01-05 11:30:00,1.66,,United Kingdom
546008,85053,FRENCH ENAMEL CANDLEHOLDER,1,2011-03-08 15:43:00,4.13,,United Kingdom
535961,22411,JUMBO SHOPPER VINTAGE RED PAISLEY,1,2010-11-29 12:36:00,1.95,18034.0,United Kingdom
521441,21985,PACK OF 12 HEARTS DESIGN TISSUES ,12,2010-09-06 11:28:00,0.29,15543.0,United Kingdom
547909,85186C,BUNNY EGG GARLAND,16,2011-03-28 12:22:00,0.42,15033.0,United Kingdom
567665,23205,CHARLOTTE BAG VINTAGE ALPHABET ,1,2011-09-21 15:22:00,1.63,,United Kingdom
555492,21790,VINTAGE SNAP CARDS,12,2011-06-03 14:24:00,0.85,16967.0,United Kingdom
525484,84406B,CREAM CUPID HEARTS COAT HANGER,8,2010-10-05 15:52:00,3.25,14350.0,United Kingdom
502828,84792,ENCHANTED BIRD COATHANGER 5 HOOK,1,2010-03-28 12:18:00,4.65,16727.0,United Kingdom
C509015,21937,STRAWBERRY   PICNIC BAG,-3,2010-05-19 13:36:00,2.95,14598.0,United Kingdom
516168,72349B,SET/6 PURPLE BUTTERFLY T-LIGHTS,1,2010-07-18 13:22:00,2.1,15547.0,United Kingdom
525837,22747,POPPY'S PLAYHOUSE BATHROOM,1,2010-10-07 12:23:00,2.1,17841.0,United Kingdom
568154,21012,ANTIQUE ALL GLASS CANDLESTICK,6,2011-09-25 12:06:00,2.1,13787.0,United Kingdom
527520,79071B,ENGLISH ROSE METAL WASTE BIN,1,2010-10-18 13:18:00,5.91,,United Kingdom
519180,22697,GREEN REGENCY TEACUP AND SAUCER,2,2010-08-13 14:46:00,5.91,,United Kingdom
543997,21080,SET/20 RED RETROSPOT PAPER NAPKINS ,2,2011-02-15 10:49:00,0.85,17348.0,United Kingdom
514926,21714,CITRONELLA CANDLE GARDEN POT,3,2010-07-07 11:20:00,2.51,,United Kingdom
568394,21340,CLASSIC METAL BIRDCAGE PLANT HOLDER,1,2011-09-27 10:20:00,12.75,13314.0,United Kingdom
525941,84832,ZINC WILLIE WINKIE  CANDLE STICK,12,2010-10-07 17:26:00,0.85,14358.0,United Kingdom
496201,90120B,BLUE MURANO TWIST BRACELET,1,2010-01-29 12:35:00,2.5,15898.0,United Kingdom
512437,35809A,ENAMEL PINK TEA CONTAINER,1,2010-06-15 16:17:00,4.21,,United Kingdom
579297,22131,FOOD CONTAINER SET 3 LOVE HEART ,2,2011-11-29 11:23:00,4.13,,United Kingdom
501297,21425,SKULLS STORAGE BOX LARGE,1,2010-03-15 16:05:00,2.95,14606.0,United Kingdom
536876,85017B,ENVELOPE 50 BLOSSOM IMAGES,6,2010-12-03 11:36:00,0.85,,United Kingdom
579167,23426,METAL SIGN DROP YOUR PANTS,2,2011-11-28 14:06:00,2.89,16800.0,United Kingdom
489522,21829,DINOSAUR KEYRINGS ASSORTED,36,2009-12-01 11:45:00,0.21,15998.0,United Kingdom
529597,22895,SET OF 2 TEA TOWELS APPLE AND PEARS,12,2010-10-29 08:48:00,2.95,17675.0,United Kingdom
493993,85123A,WHITE HANGING HEART T-LIGHT HOLDER,32,2010-01-10 12:47:00,2.55,13089.0,United Kingdom
566616,21992,VINTAGE PAISLEY STATIONERY SET,12,2011-09-14 08:35:00,1.25,12895.0,United Kingdom
562955,22692,DOORMAT WELCOME TO OUR HOME,2,2011-08-11 10:14:00,16.63,,United Kingdom
570695,23274,STAR T-LIGHT HOLDER WILLIE WINKIE,12,2011-10-12 08:56:00,1.65,17489.0,United Kingdom
564197,85066,CREAM SWEETHEART MINI CHEST,2,2011-08-23 17:13:00,12.75,13425.0,United Kingdom
506123,22417,PACK OF 60 SPACEBOY CAKE CASES,24,2010-04-27 14:12:00,0.55,16197.0,United Kingdom
518751,21790,VINTAGE SNAP CARDS,12,2010-08-11 12:28:00,0.85,18145.0,United Kingdom
525042,22639,SET OF 4 NAPKIN CHARMS HEARTS,6,2010-10-03 13:09:00,2.55,14008.0,United Kingdom
517558,22694,WICKER STAR ,6,2010-07-29 19:56:00,2.1,17921.0,United Kingdom
505056,22296,HEART IVORY TRELLIS LARGE,24,2010-04-19 14:59:00,1.65,14667.0,United Kingdom
494495,22367,CHILDS APRON SPACEBOY DESIGN,1,2010-01-14 17:43:00,4.21,,United Kingdom
514221,21240,BLUE  SPOTTY CUP,24,2010-07-01 09:56:00,0.85,12653.0,Israel
567475,22082,RIBBON REEL STRIPES DESIGN ,1,2011-09-20 13:11:00,1.65,16360.0,United Kingdom
509974,22384,LUNCH BAG PINK RETROSPOT,10,2010-05-26 13:38:00,1.65,14938.0,Channel Islands
552353,21498,RED RETROSPOT WRAP ,25,2011-05-09 12:14:00,0.42,17612.0,United Kingdom
561025,20914,SET/5 RED RETROSPOT LID GLASS BOWLS,1,2011-07-24 10:37:00,2.95,16241.0,United Kingdom
504694,21826,EIGHT PIECE DINOSAUR SET,24,2010-04-15 17:00:00,1.25,13414.0,United Kingdom
503987,84991,60 TEATIME FAIRY CAKE CASES,24,2010-04-09 10:17:00,0.55,14961.0,United Kingdom
531842,21929,JUMBO BAG PINK VINTAGE PAISLEY,20,2010-11-10 09:19:00,1.95,17082.0,United Kingdom
553014,22994,TRAVEL CARD WALLET RETROSPOT,5,2011-05-12 18:49:00,0.42,13451.0,United Kingdom
509739,22560,TRADITIONAL MODELLING CLAY,24,2010-05-25 12:46:00,1.25,13266.0,United Kingdom
513559,22273,FELTCRAFT DOLL MOLLY,1,2010-06-25 13:35:00,2.95,17804.0,United Kingdom
568883,23425,STORAGE TIN HOME SWEET HOME,12,2011-09-29 12:43:00,2.49,18198.0,United Kingdom
517636,22073,RED RETROSPOT STORAGE JAR,2,2010-07-30 12:47:00,7.62,,United Kingdom
510145,21733,RED HANGING HEART T-LIGHT HOLDER,6,2010-05-27 12:36:00,2.95,15218.0,United Kingdom
568065,22466,FAIRY TALE COTTAGE NIGHT LIGHT,12,2011-09-23 13:44:00,1.95,16240.0,United Kingdom
C509449,22607,WOODEN ROUNDERS GARDEN SET ,-1,2010-05-24 09:19:00,8.5,,United Kingdom
562592,23545,WRAP RED DOILEY,25,2011-08-07 15:43:00,0.42,13418.0,United Kingdom
571911,23201,JUMBO BAG ALPHABET,10,2011-10-19 15:15:00,2.08,17562.0,United Kingdom
511269,90199D,5 STRAND GLASS NECKLACE AMBER,1,2010-06-07 13:02:00,6.35,16984.0,United Kingdom
491653,85049A,TRADITIONAL CHRISTMAS RIBBONS,6,2009-12-13 10:50:00,1.25,18077.0,United Kingdom
576339,22077,6 RIBBONS RUSTIC CHARM,7,2011-11-14 15:27:00,3.29,14096.0,United Kingdom
537692,22900, SET 2 TEA TOWELS I LOVE LONDON ,4,2010-12-08 10:40:00,2.95,14796.0,United Kingdom
495343,21947,SET OF 6 HEART CHOPSTICKS,1,2010-01-22 18:05:00,2.51,,United Kingdom
491155,84535A,ENGLISH ROSE NOTEBOOK A6 SIZE,1,2009-12-10 09:49:00,1.52,,United Kingdom
555851,47559B,TEA TIME OVEN GLOVE,4,2011-06-07 13:37:00,1.25,13050.0,United Kingdom
534800,22865,HAND WARMER OWL DESIGN,1,2010-11-24 12:04:00,2.1,17019.0,United Kingdom
567462,22383,LUNCH BAG SUKI DESIGN ,1,2011-09-20 12:35:00,1.65,14446.0,United Kingdom
497378,21557,SET OF 6 FUNKY BEAKERS,24,2010-02-09 11:39:00,2.95,13089.0,United Kingdom
498163,22379,RECYCLING BAG RETROSPOT ,50,2010-02-17 12:12:00,1.85,17511.0,United Kingdom
501926,21872,GLAMOROUS  MUG,12,2010-03-22 10:43:00,1.25,14175.0,United Kingdom
532964,21622,VINTAGE UNION JACK CUSHION COVER,3,2010-11-15 12:43:00,4.95,15493.0,United Kingdom
535662,22141,CHRISTMAS CRAFT TREE TOP ANGEL,1,2010-11-28 11:37:00,2.1,16782.0,United Kingdom
576667,23212,HEART WREATH DECORATION WITH BELL,12,2011-11-16 11:48:00,1.25,12963.0,United Kingdom
536544,22114,HOT WATER BOTTLE TEA AND SYMPATHY,3,2010-12-01 14:32:00,8.47,,United Kingdom
498569,22080,RIBBON REEL SPOTS DESIGN ,10,2010-02-21 12:50:00,1.65,14911.0,EIRE
577502,21791,VINTAGE HEADS AND TAILS CARD GAME ,12,2011-11-20 12:34:00,1.25,12598.0,France
499497,15056BL,EDWARDIAN PARASOL BLACK,1,2010-02-28 14:24:00,5.95,14396.0,United Kingdom
511097,21361,LOVE LARGE WOOD LETTERS ,1,2010-06-06 15:53:00,12.75,16255.0,United Kingdom
580399,84030E,ENGLISH ROSE HOT WATER BOTTLE,1,2011-12-04 11:45:00,4.25,13471.0,United Kingdom
573116,22792,FLUTED ANTIQUE CANDLE HOLDER,8,2011-10-27 15:49:00,0.85,14525.0,United Kingdom
552539,21175,GIN + TONIC DIET METAL SIGN,12,2011-05-10 10:17:00,2.55,,EIRE
540551,84913B,MINT GREEN ROSE TOWEL,3,2011-01-10 09:43:00,3.36,,United Kingdom
494017,22212,FOUR HOOK  WHITE LOVEBIRDS,2,2010-01-11 09:37:00,4.3,,United Kingdom
529589,21412,VINTAGE GOLD TINSEL REEL,6,2010-10-28 19:59:00,0.42,17323.0,United Kingdom
534686,22570,FELTCRAFT CUSHION RABBIT,4,2010-11-23 15:05:00,3.75,13181.0,United Kingdom
490609,21479,WHITE SKULL HOT WATER BOTTLE ,3,2009-12-07 11:39:00,3.75,14037.0,United Kingdom
C511965,15036,ASSORTED COLOURS SILK FAN,-12,2010-06-11 13:34:00,0.75,14727.0,United Kingdom
568393,22082,RIBBON REEL STRIPES DESIGN ,10,2011-09-27 10:12:00,1.65,15754.0,United Kingdom
564837,22579,WOODEN TREE CHRISTMAS SCANDINAVIAN,2,2011-08-30 12:40:00,1.63,,United Kingdom
522723,21866,UNION JACK FLAG LUGGAGE TAG,1,2010-09-16 12:27:00,1.25,14701.0,United Kingdom
500860,22147,FELTCRAFT BUTTERFLY HEARTS,12,2010-03-10 12:39:00,1.45,17880.0,United Kingdom
571713,22870,NUMBER TILE COTTAGE GARDEN 2,1,2011-10-18 16:58:00,4.13,,United Kingdom
529133,21673,WHITE SPOT BLUE CERAMIC DRAWER KNOB,1,2010-10-26 14:47:00,2.51,,United Kingdom
531036,90094,NECKLACE+BRACELET SET FRUIT SALAD ,2,2010-11-05 11:58:00,2.51,,United Kingdom
503062,22286,"DECORATION , WOBBLY RABBIT , METAL ",3,2010-03-29 16:48:00,1.65,14606.0,United Kingdom
533740,47593B,SCOTTIE DOGS BABY BIB,3,2010-11-18 14:07:00,0.85,,United Kingdom
516105,21704,BAG 250g SWIRLY MARBLES,12,2010-07-16 12:30:00,0.85,16170.0,United Kingdom
519249,22568,FELTCRAFT CUSHION OWL,12,2010-08-15 15:01:00,3.75,,EIRE
496487,22353,LUNCHBOX WITH CUTLERY FAIRY CAKES ,1,2010-02-01 17:13:00,5.06,,United Kingdom
534319,90201C,RED ENAMEL FLOWER RING,1,2010-11-22 11:37:00,2.96,,United Kingdom
514064,84247G,"DECOUPAGE,GREETING CARD,",24,2010-06-30 11:57:00,0.42,14398.0,United Kingdom
548459,22595,GINGHAM HEART DECORATION,12,2011-03-31 11:57:00,0.85,14890.0,United Kingdom
516192,22384,LUNCH BAG PINK RETROSPOT,10,2010-07-19 09:46:00,1.65,15078.0,United Kingdom
558896,20726,LUNCH BAG WOODLAND,1,2011-07-04 15:55:00,1.65,,United Kingdom
538128,21357,,46,2010-12-09 15:54:00,0.0,,United Kingdom
498434,84879,ASSORTED COLOUR BIRD ORNAMENT,24,2010-02-18 18:20:00,1.69,13952.0,United Kingdom
546017,22819,"BIRTHDAY CARD, RETRO SPOT",12,2011-03-08 17:23:00,0.42,14507.0,United Kingdom
492016,22086,PAPER CHAIN KIT 50'S CHRISTMAS ,4,2009-12-15 12:03:00,2.95,17233.0,United Kingdom
495343,22196,SMALL HEART MEASURING SPOONS,2,2010-01-22 18:05:00,1.66,,United Kingdom
578519,21930,JUMBO STORAGE BAG SKULLS,2,2011-11-24 13:56:00,2.08,14591.0,United Kingdom
531489,21314,SMALL GLASS HEART TRINKET POT,4,2010-11-08 15:02:00,4.21,,United Kingdom
496292,21471,STRAWBERRY RAFFIA FOOD COVER,1,2010-01-31 10:08:00,3.75,13259.0,United Kingdom
511762,22382,LUNCH BAG SPACEBOY DESIGN ,10,2010-06-10 11:37:00,1.65,17204.0,United Kingdom
555835,82482,WOODEN PICTURE FRAME WHITE FINISH,2,2011-06-07 12:34:00,2.55,14525.0,United Kingdom
565128,22668,PINK BABY BUNTING,50,2011-09-01 12:34:00,2.55,15189.0,United Kingdom
491659,22353,LUNCHBOX WITH CUTLERY FAIRY CAKES ,6,2009-12-13 11:11:00,2.55,13317.0,United Kingdom
568721,21071,VINTAGE BILLBOARD DRINK ME MUG,1,2011-09-28 16:24:00,2.46,,United Kingdom
500658,21121,SET/10 RED SPOTTY PARTY CANDLES,1,2010-03-09 11:22:00,1.25,12748.0,United Kingdom
565541,21967,PACK OF 12 SKULL TISSUES,12,2011-09-05 12:00:00,0.39,14159.0,United Kingdom
C504322,22172,METAL SHELF WITH RAIL ,-1,2010-04-12 14:56:00,8.5,13564.0,United Kingdom
549387,22382,LUNCH BAG SPACEBOY DESIGN ,10,2011-04-08 11:33:00,1.65,13178.0,United Kingdom
496018,21429,RED GINGHAM ROSE JEWELLERY BOX,4,2010-01-28 13:27:00,1.65,,United Kingdom
541810,21832,CHOCOLATE CALCULATOR,2,2011-01-21 15:00:00,3.29,,United Kingdom
553141,22178,VICTORIAN GLASS HANGING T-LIGHT,4,2011-05-13 13:01:00,1.25,15907.0,United Kingdom
547398,85099C,JUMBO  BAG BAROQUE BLACK WHITE,8,2011-03-22 16:55:00,4.13,,United Kingdom
493264,84755,COLOUR GLASS T-LIGHT HOLDER HANGING,1,2009-12-22 15:04:00,5.17,,United Kingdom
493872,22294,HEART FILIGREE DOVE  SMALL,24,2010-01-07 18:33:00,1.25,16296.0,United Kingdom
541266,21754,HOME BUILDING BLOCK WORD,1,2011-01-16 16:25:00,5.95,15673.0,United Kingdom
539728,21781,MA CAMPAGNE CUTLERY BOX,8,2010-12-21 14:26:00,12.75,16270.0,United Kingdom
563572,22564,ALPHABET STENCIL CRAFT,3,2011-08-17 15:00:00,1.25,16734.0,United Kingdom
549989,22842,BISCUIT TIN VINTAGE RED,2,2011-04-13 16:58:00,6.75,13221.0,United Kingdom
C579739,22567,20 DOLLY PEGS RETROSPOT,-1,2011-11-30 14:28:00,1.45,16956.0,United Kingdom
557212,22988,SOLDIERS EGG CUP ,576,2011-06-17 12:06:00,1.06,12901.0,United Kingdom
557745,21558,SKULL LUNCH BOX WITH CUTLERY ,3,2011-06-22 12:16:00,2.55,15750.0,United Kingdom
527789,22086,PAPER CHAIN KIT 50'S CHRISTMAS ,5,2010-10-19 11:10:00,5.91,,United Kingdom
530818,22384,LUNCH BAG PINK POLKADOT,3,2010-11-04 13:14:00,1.65,13772.0,United Kingdom
551997,22274,FELTCRAFT DOLL EMILY,1,2011-05-05 15:47:00,5.79,,United Kingdom
515506,22385,JUMBO BAG SPACEBOY DESIGN,10,2010-07-13 11:26:00,1.95,15039.0,United Kingdom
559036,23206,LUNCH BAG APPLE DESIGN,10,2011-07-05 15:14:00,1.65,12637.0,France
540995,21043,APRON MODERN VINTAGE COTTON,1,2011-01-13 09:30:00,4.13,,United Kingdom
522047,21166,COOK WITH WINE METAL SIGN ,12,2010-09-10 14:04:00,1.95,14431.0,United Kingdom
C524178,M,Manual,-1,2010-09-27 16:37:00,159.54,,United Kingdom
553134,23158,SET OF 5 LUCKY CAT MAGNETS ,12,2011-05-13 12:50:00,2.08,15382.0,United Kingdom
504323,21529,RED RETROSPOT TOASTRACK,1,2010-04-12 15:01:00,3.45,15917.0,United Kingdom
505024,82582,AREA PATROLLED METAL SIGN,1,2010-04-19 14:21:00,2.1,15005.0,United Kingdom
526042,21982,PACK OF 12 SUKI TISSUES ,24,2010-10-08 11:49:00,0.29,17864.0,United Kingdom
541695,90115,SUMMER BUTTERFLIES BAG CHARM,1,2011-01-20 18:01:00,2.46,,United Kingdom
512764,22427,ENAMEL FLOWER JUG CREAM,3,2010-06-17 16:16:00,5.95,15484.0,United Kingdom
561542,22150,3 STRIPEY MICE FELTCRAFT,6,2011-07-28 10:09:00,1.95,15105.0,United Kingdom
559549,21465,PINK FLOWER CROCHET FOOD COVER,1,2011-07-10 15:25:00,3.75,13230.0,United Kingdom
494440,22189,CREAM HEART CARD HOLDER,8,2010-01-14 12:46:00,3.39,17850.0,United Kingdom
495393,21875,KINGS CHOICE MUG,6,2010-01-24 15:42:00,1.25,15483.0,United Kingdom
530653,72349b,SET/6 PURPLE BUTTERFLY T-LIGHTS,1,2010-11-04 09:40:00,4.21,,United Kingdom
490024,20961,STRAWBERRY BATH SPONGE ,1,2009-12-03 12:40:00,1.25,14606.0,United Kingdom
559698,84828,JUNGLE POPSICLES ICE LOLLY MOULDS,3,2011-07-11 17:07:00,1.25,17589.0,United Kingdom
556487,21714,CITRONELLA CANDLE GARDEN POT,2,2011-06-12 13:51:00,1.25,17289.0,United Kingdom
562453,22915,ASSORTED BOTTLE TOP  MAGNETS ,12,2011-08-05 10:31:00,0.42,18097.0,United Kingdom
497258,72802C,VANILLA SCENT CANDLE JEWELLED BOX,6,2010-02-08 12:52:00,4.25,13834.0,United Kingdom
525913,22271,FELTCRAFT DOLL ROSIE,12,2010-10-07 16:14:00,2.95,16455.0,United Kingdom
573122,23322,LARGE WHITE HEART OF WICKER,2,2011-10-27 16:23:00,2.95,14357.0,United Kingdom
548353,22679,FRENCH BLUE METAL DOOR SIGN 4,15,2011-03-30 15:05:00,1.25,15980.0,United Kingdom
530422,84031A,CHARLIE+LOLA RED HOT WATER BOTTLE ,1,2010-11-03 09:36:00,4.21,,United Kingdom
544323,17096,ASSORTED LAQUERED INCENSE HOLDERS,1,2011-02-17 15:51:00,0.42,,United Kingdom
538157,22766,PHOTO FRAME CORNICE,4,2010-12-09 16:57:00,2.95,17576.0,United Kingdom
568411,21876,POTTERING MUG,1,2011-09-27 10:52:00,3.29,,United Kingdom
512765,21754,HOME BUILDING BLOCK WORD,3,2010-06-17 16:20:00,5.95,15718.0,United Kingdom
500336,22258,FELT FARM ANIMAL RABBIT,2,2010-03-07 13:48:00,1.25,17589.0,United Kingdom
526870,22645,CERAMIC HEART FAIRY CAKE MONEY BANK,4,2010-10-13 13:41:00,1.45,14498.0,United Kingdom
539089,22319,HAIRCLIPS FORTIES FABRIC ASSORTED,12,2010-12-16 09:46:00,0.65,15246.0,United Kingdom
493074,21165,BEWARE OF THE CAT METAL SIGN ,1,2009-12-22 09:45:00,4.3,,United Kingdom
576224,22065,CHRISTMAS PUDDING TRINKET POT ,48,2011-11-14 13:08:00,0.39,15458.0,United Kingdom
560434,84375,SET OF 20 KIDS COOKIE CUTTERS,1,2011-07-18 15:56:00,4.13,,United Kingdom
554158,37327,ASSTD MULTICOLOUR CIRCLES MUG,18,2011-05-23 11:44:00,0.39,15563.0,United Kingdom
503956,21914,BLUE HARMONICA IN BOX ,2,2010-04-08 16:45:00,1.25,13443.0,United Kingdom
576089,21888,BINGO SET,4,2011-11-14 08:56:00,3.75,17663.0,United Kingdom
544597,22059,CERAMIC STRAWBERRY DESIGN MUG,2,2011-02-21 17:42:00,1.49,16014.0,United Kingdom
558564,21749,LARGE RED RETROSPOT WINDMILL,10,2011-06-30 13:45:00,2.1,14057.0,United Kingdom
510637,84836,ZINC METAL HEART DECORATION,1,2010-06-02 11:54:00,2.51,,United Kingdom
500381,22236,CAKE STAND 3 TIER MAGIC GARDEN,1,2010-03-08 10:19:00,12.75,13148.0,United Kingdom
494480,84832,ZINC WILLIE WINKIE  CANDLE STICK,2,2010-01-14 16:16:00,0.85,15768.0,United Kingdom
521984,21137,BLACK RECORD COVER FRAME,12,2010-09-10 10:26:00,3.75,14708.0,United Kingdom
565751,23241,TREASURE TIN GYMKHANA DESIGN,6,2011-09-06 12:56:00,2.08,16393.0,United Kingdom
540468,47594B,SCOTTIES DESIGN WASHBAG,2,2011-01-07 13:55:00,1.66,,United Kingdom
555653,82582,AREA PATROLLED METAL SIGN,5,2011-06-06 14:12:00,2.1,17673.0,United Kingdom
518512,22156,HEART DECORATION WITH PEARLS ,5,2010-08-09 15:03:00,0.85,17790.0,United Kingdom
496173,21169,YOU'RE CONFUSING ME METAL SIGN ,6,2010-01-29 11:59:00,1.69,14796.0,United Kingdom
554151,22819,"BIRTHDAY CARD, RETRO SPOT",12,2011-05-23 11:07:00,0.42,14049.0,United Kingdom
547327,POST,POSTAGE,3,2011-03-22 11:28:00,18.0,12681.0,France
547033,22851,SET 20 NAPKINS FAIRY CAKES DESIGN ,5,2011-03-20 10:28:00,0.85,15898.0,United Kingdom
501767,90148,LONG SILVER NECKLACE PASTEL FLOWER,2,2010-03-19 11:39:00,12.75,16335.0,United Kingdom
537041,35241,ENAMEL BLUE RIM BISCUIT BIN,1,2010-12-05 10:36:00,4.95,16033.0,United Kingdom
495406,21975,PACK OF 60 DINOSAUR CAKE CASES,2,2010-01-25 09:54:00,1.28,,United Kingdom
537638,22645,CERAMIC HEART FAIRY CAKE MONEY BANK,1,2010-12-07 15:28:00,3.36,,United Kingdom
572675,21944,KITTENS DESIGN FLANNEL,3,2011-10-25 13:20:00,0.85,17917.0,United Kingdom
552820,22711,WRAP CIRCUS PARADE,25,2011-05-11 12:53:00,0.42,16644.0,United Kingdom
538662,84625A,PINK NEW BAROQUECANDLESTICK CANDLE,24,2010-12-13 15:44:00,0.85,15159.0,United Kingdom
558066,21688,SILVER PLATE CANDLE BOWL SMALL,1,2011-06-24 15:45:00,5.79,,United Kingdom
531358,21833,CAMOUFLAGE LED TORCH,48,2010-11-07 14:12:00,1.69,14911.0,EIRE
572442,22750,FELTCRAFT PRINCESS LOLA DOLL,4,2011-10-24 12:09:00,3.75,12546.0,Spain
563937,20977,36 PENCILS TUBE WOODLAND,16,2011-08-22 09:10:00,1.25,18204.0,United Kingdom
509567,72351B,SET/6 PINK  BUTTERFLY T-LIGHTS,12,2010-05-24 13:07:00,1.69,17448.0,United Kingdom
557397,22979,PANTRY WASHING UP BRUSH,1,2011-06-20 11:23:00,1.45,17897.0,United Kingdom
553013,22678,FRENCH BLUE METAL DOOR SIGN 3,1,2011-05-12 18:19:00,2.46,,United Kingdom
573343,23200,JUMBO BAG PEARS,2,2011-10-30 11:59:00,2.08,13566.0,United Kingdom
555691,21078,SET/20 STRAWBERRY PAPER NAPKINS ,12,2011-06-06 14:31:00,0.85,12843.0,United Kingdom
529727,22349,DOG BOWL CHASING BALL DESIGN,1,2010-10-29 14:12:00,7.62,,United Kingdom
578954,23320,GIANT 50'S CHRISTMAS CRACKER,2,2011-11-27 15:02:00,2.89,15054.0,United Kingdom
504536,85054,FRENCH ENAMEL POT W LID,1,2010-04-14 11:59:00,2.95,13097.0,United Kingdom
549575,22494,EMERGENCY FIRST AID TIN ,1,2011-04-10 16:04:00,1.25,13956.0,United Kingdom
510064,84638,SMALL KITCHEN FLOWER POTS PLAQUE,1,2010-05-27 10:56:00,14.43,,United Kingdom
514523,15056P,EDWARDIAN PARASOL PINK,4,2010-07-05 09:38:00,4.95,17850.0,United Kingdom
581439,22694,WICKER STAR ,1,2011-12-08 16:30:00,4.13,,United Kingdom
559536,35471D,SET OF 3 BIRD LIGHT PINK FEATHER ,6,2011-07-10 12:17:00,0.39,16283.0,United Kingdom
539867,22782,SET 3 WICKER STORAGE BASKETS ,4,2010-12-23 10:38:00,9.95,13922.0,United Kingdom
521116,21212,PACK OF 72 RETRO SPOT CAKE CASES,120,2010-09-02 11:34:00,0.42,17695.0,United Kingdom
535803,22785,SQUARECUSHION COVER PINK UNION FLAG,2,2010-11-28 14:57:00,6.75,14410.0,United Kingdom
493971,22203,MILK PAN RED RETROSPOT,1,2010-01-10 10:26:00,3.75,13259.0,United Kingdom
580115,84031A,CHARLIE+LOLA RED HOT WATER BOTTLE ,1,2011-12-01 16:22:00,4.13,,United Kingdom
489679,22322,BIRD DECORATION GREEN  SPOT,12,2009-12-02 10:00:00,0.85,16163.0,United Kingdom
581219,82567,"AIRLINE LOUNGE,METAL SIGN",6,2011-12-08 09:28:00,1.63,,United Kingdom
576652,22139,RETROSPOT TEA SET CERAMIC 11 PC ,1,2011-11-16 10:39:00,4.95,17198.0,United Kingdom
560534,84077,WORLD WAR 2 GLIDERS ASSTD DESIGNS,48,2011-07-19 12:10:00,0.29,14911.0,EIRE
536945,84247N,PACK/12 BLUE FOLKART CARDS,1,2010-12-03 12:24:00,2.95,14083.0,United Kingdom
545314,22180,RETROSPOT LAMP,4,2011-03-01 14:11:00,9.95,12866.0,Belgium
565293,23177,TREASURE ISLAND BOOK BOX,144,2011-09-02 11:59:00,1.95,17857.0,United Kingdom
506741,22355,"CHARLOTTE BAG , SUKI DESIGN",100,2010-05-04 10:43:00,0.72,15311.0,United Kingdom
523769,22581,WOOD STOCKING CHRISTMAS SCANDISPOT,12,2010-09-24 10:48:00,0.85,17567.0,United Kingdom
512237,22606,WOODEN SKITTLES GARDEN SET,2,2010-06-14 12:36:00,15.95,16607.0,United Kingdom
C567348,23410,CURIO CABINET LINEN AND LACE ,-1,2011-09-19 15:57:00,8.15,15755.0,United Kingdom
521935,22139,RETRO SPOT TEA SET CERAMIC 11 PC ,6,2010-09-09 15:57:00,4.95,15755.0,United Kingdom
509980,22613,PACK OF 20 SPACEBOY NAPKINS,12,2010-05-26 14:07:00,0.85,12378.0,Switzerland
570241,90079,VINTAGE ENAMEL & CRYSTAL NECKLACE,1,2011-10-09 15:24:00,4.95,14801.0,United Kingdom
490472,21584,RETRO SPOT SMALL TUBE MATCHES,3,2009-12-06 12:28:00,1.65,16485.0,United Kingdom
526746,22664,TOY TIDY DOLLY GIRL DESIGN,10,2010-10-13 09:20:00,2.1,13985.0,United Kingdom
519011,22303,COFFEE MUG APPLES DESIGN,6,2010-08-13 08:53:00,2.55,16592.0,United Kingdom
497873,22245,"HOOK, 1 HANGER ,MAGIC GARDEN",1,2010-02-12 17:03:00,1.66,,United Kingdom
546243,21257,VICTORIAN SEWING BOX MEDIUM,2,2011-03-10 13:08:00,7.95,15308.0,United Kingdom
566049,23307,SET OF 60 PANTRY DESIGN CAKE CASES ,24,2011-09-08 14:28:00,0.55,15730.0,United Kingdom
531672,22586,FELTCRAFT HAIRBAND PINK AND BLUE,6,2010-11-09 11:41:00,0.85,14467.0,United Kingdom
536759,21844,RED RETROSPOT MUG,6,2010-12-02 14:26:00,2.95,16781.0,United Kingdom
506992,22470,HEART OF WICKER LARGE,4,2010-05-05 13:50:00,2.95,15023.0,United Kingdom
543468,21621,VINTAGE UNION JACK BUNTING,3,2011-02-08 14:45:00,8.5,14562.0,United Kingdom
494836,22150, 3 STRIPEY MICE FELTCRAFT,6,2010-01-19 10:45:00,1.95,13462.0,United Kingdom
579187,23104,IVORY CAFE HANGING LAMP ,1,2011-11-28 15:31:00,24.96,,United Kingdom
570864,21931,JUMBO STORAGE BAG SUKI,10,2011-10-12 15:41:00,2.08,16945.0,United Kingdom
533136,21479,WHITE SKULL HOT WATER BOTTLE ,2,2010-11-16 12:52:00,3.75,17203.0,United Kingdom
490300,21723,ALPHABET HEARTS STICKER SHEET,2,2009-12-04 14:19:00,0.85,12970.0,United Kingdom
522963,21671,RED SPOT CERAMIC DRAWER KNOB,12,2010-09-19 12:40:00,1.25,16053.0,United Kingdom
525837,21801,CHRISTMAS TREE DECORATION WITH BELL,3,2010-10-07 12:23:00,0.42,17841.0,United Kingdom
519180,21936,RED RETROSPOT PICNIC BAG,2,2010-08-13 14:46:00,5.91,,United Kingdom
549572,22685,FRENCH BLUE METAL DOOR SIGN 0,1,2011-04-10 15:32:00,1.25,17757.0,United Kingdom
568659,23013,GLASS APOTHECARY BOTTLE TONIC,4,2011-09-28 12:28:00,3.95,13516.0,United Kingdom
509942,21544,SKULLS  WATER TRANSFER TATTOOS ,24,2010-05-26 12:41:00,0.85,16153.0,United Kingdom
559806,21055,TOOL BOX SOFT TOY ,1,2011-07-12 14:26:00,8.95,13311.0,United Kingdom
580983,23170,REGENCY TEA PLATE ROSES ,1,2011-12-06 16:26:00,3.29,,United Kingdom
494004,21673,WHITE SPOT BLUE CERAMIC DRAWER KNOB,12,2010-01-10 15:25:00,1.25,15601.0,United Kingdom
543820,22514,CHILDS GARDEN SPADE BLUE,1,2011-02-13 16:05:00,2.1,16084.0,United Kingdom
521150,85099B,JUMBO BAG RED RETROSPOT,10,2010-09-02 13:33:00,1.95,13564.0,United Kingdom
572856,85099C,JUMBO  BAG BAROQUE BLACK WHITE,3,2011-10-26 12:28:00,2.08,18118.0,United Kingdom
500237,22038,BOTANICAL LAVENDER GIFT WRAP ,25,2010-03-05 11:56:00,0.42,12417.0,Belgium
528883,21181,PLEASE ONE PERSON METAL SIGN,3,2010-10-25 12:20:00,2.1,14690.0,United Kingdom
537666,10002,INFLATABLE POLITICAL GLOBE ,2,2010-12-07 18:36:00,1.66,,United Kingdom
C569990,23243,SET OF TEA COFFEE SUGAR TINS PANTRY,-24,2011-10-06 20:11:00,4.15,15505.0,United Kingdom
574342,22505,MEMO BOARD COTTAGE DESIGN,4,2011-11-04 10:10:00,4.95,13447.0,United Kingdom
498934,22078,RIBBON REEL LACE DESIGN ,4,2010-02-24 10:42:00,3.96,,United Kingdom
520701,22077,6 RIBBONS RUSTIC CHARM,4,2010-08-29 11:38:00,1.65,15058.0,United Kingdom
547250,22352,LUNCH BOX WITH CUTLERY RETROSPOT ,1,2011-03-22 09:30:00,4.96,,United Kingdom
559506,22670,FRENCH WC SIGN BLUE METAL,1,2011-07-08 15:17:00,2.46,,United Kingdom
508477,85008,SET OF 3 CONEY ISLAND OVAL BOXES,2,2010-05-16 12:15:00,4.95,15774.0,United Kingdom
538104,22750,FELTCRAFT PRINCESS LOLA DOLL,1,2010-12-09 15:16:00,3.75,17950.0,United Kingdom
536592,84915,HAND TOWEL PINK FLOWER AND DAISY,2,2010-12-01 17:06:00,4.21,,United Kingdom
498029,48138,DOOR MAT UNION FLAG,2,2010-02-16 09:38:00,7.49,17662.0,United Kingdom
527053,22865,HAND WARMER OWL DESIGN,2,2010-10-14 13:05:00,2.1,14343.0,United Kingdom
514973,20718,RED SPOTTY SHOPPER BAG,10,2010-07-07 12:43:00,1.25,17213.0,United Kingdom
515880,22274,FELTCRAFT DOLL EMILY,6,2010-07-15 11:47:00,2.95,14107.0,United Kingdom
542664,22568,FELTCRAFT CUSHION OWL,1,2011-01-31 12:14:00,7.46,,United Kingdom
569843,22099,CARAVAN SQUARE TISSUE BOX,1,2011-10-06 13:29:00,0.39,14449.0,United Kingdom
528609,22549,PICTURE DOMINOES,12,2010-10-22 15:42:00,1.45,16491.0,United Kingdom
571035,22915,ASSORTED BOTTLE TOP  MAGNETS ,12,2011-10-13 12:50:00,0.42,12446.0,RSA
546679,21207,SKULL AND CROSSBONES  GARLAND ,6,2011-03-15 16:47:00,1.65,13121.0,United Kingdom
529315,22847,BREAD BIN DINER STYLE IVORY,4,2010-10-27 13:29:00,14.95,14911.0,EIRE
578266,21983,PACK OF 12 BLUE PAISLEY TISSUES ,1,2011-11-23 13:34:00,0.39,12748.0,United Kingdom
566726,35954,SMALL FOLKART STAR CHRISTMAS DEC,2,2011-09-14 13:12:00,0.42,15021.0,United Kingdom
567182,22865,HAND WARMER OWL DESIGN,24,2011-09-18 15:21:00,2.1,13334.0,United Kingdom
510358,21506,"FANCY FONT BIRTHDAY CARD, ",12,2010-05-28 15:31:00,0.42,18044.0,United Kingdom
534497,21901,"KEY FOB , BACK DOOR ",4,2010-11-23 11:00:00,0.65,17811.0,United Kingdom
535654,85036C,ROSE 1 WICK MORRIS BOXED CANDLE,2,2010-11-28 11:08:00,4.25,17580.0,United Kingdom
578025,21499,BLUE POLKADOT WRAP,25,2011-11-22 13:28:00,0.42,16722.0,United Kingdom
551014,22729,ALARM CLOCK BAKELIKE ORANGE,4,2011-04-26 11:04:00,3.75,13209.0,United Kingdom
517989,22353,LUNCH BOX WITH CUTLERY FAIRY CAKES ,1,2010-08-03 15:29:00,5.06,,United Kingdom
573897,22466,FAIRY TALE COTTAGE NIGHT LIGHT,2,2011-11-01 14:29:00,1.95,16729.0,United Kingdom
553003,22918,HERB MARKER PARSLEY,2,2011-05-12 15:32:00,0.65,13263.0,United Kingdom
578846,21914,BLUE HARMONICA IN BOX ,12,2011-11-25 17:27:00,1.25,17757.0,United Kingdom
553706,23171,REGENCY TEA PLATE GREEN ,48,2011-05-18 15:23:00,1.45,13854.0,United Kingdom
C495186,37449,CERAMIC CAKE STAND + HANGING CAKES,-1,2010-01-21 14:30:00,8.5,15311.0,United Kingdom
541859,22423,REGENCY CAKESTAND 3 TIER,1,2011-01-23 15:34:00,12.75,14606.0,United Kingdom
520566,22077,6 RIBBONS RUSTIC CHARM,12,2010-08-26 17:53:00,1.65,16094.0,United Kingdom
564199,23240,SET OF 4 KNICK KNACK TINS DOILY ,2,2011-08-23 17:31:00,4.15,13263.0,United Kingdom
505332,22077,6 RIBBONS RUSTIC CHARM,1,2010-04-21 12:43:00,1.65,15719.0,United Kingdom
546013,20983,12 PENCILS TALL TUBE RED RETROSPOT,24,2011-03-08 16:38:00,0.85,16495.0,United Kingdom
577228,23512,EMBROIDERED RIBBON REEL ROSIE,1,2011-11-18 12:07:00,2.08,12391.0,Cyprus
503720,84761,IVORY HANGING BIRD PLANTER ,2,2010-04-06 15:33:00,2.55,15311.0,United Kingdom
517542,72802C,VANILLA SCENT CANDLE JEWELLED BOX,1,2010-07-29 16:35:00,4.25,15021.0,United Kingdom
492425,21578,WOODLAND DESIGN  COTTON TOTE BAG,1,2009-12-16 17:58:00,5.17,,United Kingdom
537051,22725,ALARM CLOCK BAKELIKE CHOCOLATE,1,2010-12-05 11:12:00,3.75,15708.0,United Kingdom
562127,22461,SAVOY ART DECO CLOCK,6,2011-08-03 08:21:00,3.95,13717.0,United Kingdom
574074,22844,VINTAGE CREAM DOG FOOD CONTAINER,1,2011-11-02 15:33:00,16.63,,United Kingdom
493865,22300,COFFEE MUG DOG + BALL DESIGN,6,2010-01-07 16:57:00,2.55,15808.0,United Kingdom
571506,23355,HOT WATER BOTTLE KEEP CALM,1,2011-10-17 15:22:00,4.95,15355.0,United Kingdom
555638,22470,HEART OF WICKER LARGE,6,2011-06-06 12:51:00,2.95,15150.0,United Kingdom
529874,22810,SET OF 6 T-LIGHTS SNOWMEN,1,2010-10-31 14:00:00,2.95,16928.0,United Kingdom
508864,85035B,CHOCOLATE 3 WICK MORRIS BOX CANDLE,2,2010-05-18 16:09:00,4.25,17589.0,United Kingdom
544100,22189,CREAM HEART CARD HOLDER,6,2011-02-16 10:25:00,3.95,15002.0,United Kingdom
566605,23388,WOODLAND MINI BACKPACK,1,2011-09-13 16:27:00,4.15,13263.0,United Kingdom
558263,23017,APOTHECARY MEASURING JAR,12,2011-06-28 08:50:00,11.15,14646.0,Netherlands
532755,22659,LUNCH BOX I LOVE LONDON,1,2010-11-14 13:38:00,1.95,17288.0,United Kingdom
544565,22271,FELTCRAFT DOLL ROSIE,6,2011-02-21 12:53:00,2.95,18055.0,United Kingdom
563093,47590B,PINK HAPPY BIRTHDAY BUNTING,1,2011-08-11 17:28:00,10.79,,United Kingdom
509155,22354,RETROSPOT PADDED SEAT CUSHION,6,2010-05-20 13:18:00,3.75,17758.0,United Kingdom
533904,20677,PINK POLKADOT BOWL,3,2010-11-19 11:54:00,1.25,16936.0,United Kingdom
565420,21584,RETROSPOT SMALL TUBE MATCHES,3,2011-09-04 12:09:00,1.65,16326.0,United Kingdom
580305,22988,SOLDIERS EGG CUP ,1,2011-12-02 14:26:00,1.25,12970.0,United Kingdom
559055,84569D,PACK 6 HEART/ICE-CREAM PATCHES,3,2011-07-05 17:09:00,0.83,,United Kingdom
524113,21587,COSY HOUR GIANT TUBE MATCHES,12,2010-09-27 13:36:00,2.55,13897.0,United Kingdom
571046,84559A,3D SHEET OF DOG STICKERS,3,2011-10-13 13:35:00,0.85,18096.0,United Kingdom
491155,20711,JUMBO BAG TOYS ,1,2009-12-10 09:49:00,4.3,,United Kingdom
509759,48194,DOOR MAT HEARTS,2,2010-05-25 15:21:00,7.49,14930.0,Channel Islands
504340,21916,SET 12 RETRO WHITE CHALK STICKS,6,2010-04-12 16:50:00,0.42,13564.0,United Kingdom
552000,84926F,PSYCHEDELIC TILE COASTER,1,2011-05-05 15:56:00,2.46,,United Kingdom
545591,20713,JUMBO BAG OWLS,10,2011-03-04 10:28:00,1.95,17581.0,United Kingdom
529504,22371,AIRLINE BAG VINTAGE TOKYO 78,1,2010-10-28 14:19:00,8.47,,United Kingdom
533041,22296,HEART IVORY TRELLIS LARGE,3,2010-11-15 16:15:00,1.65,12748.0,United Kingdom
500503,84520B,PACK 20 ENGLISH ROSE PAPER NAPKINS,1,2010-03-08 13:38:00,0.85,15916.0,United Kingdom
556056,23148,MINIATURE ANTIQUE ROSE HOOK IVORY,1,2011-06-08 13:35:00,0.83,17841.0,United Kingdom
507063,22304,COFFEE MUG BLUE PAISLEY DESIGN,6,2010-05-06 10:28:00,2.55,17469.0,United Kingdom
577319,23201,JUMBO BAG ALPHABET,1,2011-11-18 13:43:00,2.08,17301.0,United Kingdom
532566,22197,SMALL POPCORN HOLDER,24,2010-11-12 13:18:00,0.85,14911.0,EIRE
528952,22727,ALARM CLOCK BAKELIKE RED ,2,2010-10-25 16:57:00,7.62,,United Kingdom
551858,22720,SET OF 3 CAKE TINS PANTRY DESIGN ,1,2011-05-04 15:33:00,4.95,18041.0,United Kingdom
508469,21755,LOVE BUILDING BLOCK WORD,1,2010-05-16 10:59:00,5.95,17377.0,United Kingdom
533996,21922,UNION STRIPE WITH FRINGE  HAMMOCK,2,2010-11-19 14:14:00,7.95,17865.0,United Kingdom
571190,23203,JUMBO BAG VINTAGE DOILY ,1,2011-10-14 11:43:00,2.08,17771.0,United Kingdom
548191,37448,CERAMIC CAKE DESIGN SPOTTED MUG,2,2011-03-29 15:20:00,3.29,,United Kingdom
543660,22273,FELTCRAFT DOLL MOLLY,1,2011-02-11 10:40:00,5.79,,United Kingdom
560368,22766,PHOTO FRAME CORNICE,6,2011-07-18 12:25:00,2.95,17841.0,United Kingdom
550471,22241,GARLAND WOODEN HAPPY EASTER,2,2011-04-18 13:52:00,2.46,,United Kingdom
578302,21873,IF YOU CAN'T STAND THE HEAT MUG,12,2011-11-23 15:23:00,1.25,16057.0,United Kingdom
513907,84270,ASSTD DESIGN BUBBLE GUM RING,6,2010-06-29 12:08:00,0.43,,United Kingdom
572380,22579,WOODEN TREE CHRISTMAS SCANDINAVIAN,12,2011-10-24 11:51:00,0.85,16019.0,United Kingdom
540316,84375,SET OF 20 KIDS COOKIE CUTTERS,12,2011-01-06 13:00:00,2.1,16676.0,United Kingdom
562156,21158,MOODY GIRL DOOR HANGER ,24,2011-08-03 11:35:00,0.39,14401.0,United Kingdom
517649,22029,SPACEBOY BIRTHDAY CARD,12,2010-07-30 14:00:00,0.42,16156.0,United Kingdom
544278,22535,MAGIC DRAWING SLATE BUNNIES ,24,2011-02-17 12:01:00,0.42,15382.0,United Kingdom
509569,21911,GARDEN METAL SIGN ,4,2010-05-24 13:26:00,1.65,15518.0,United Kingdom
526638,22190,LOCAL CAFE MUG,1,2010-10-12 13:19:00,2.51,,United Kingdom
511058,21755,LOVE BUILDING BLOCK WORD,1,2010-06-06 12:26:00,5.95,18149.0,United Kingdom
564974,21519,GIN & TONIC DIET GREETING CARD ,1,2011-08-31 15:32:00,0.83,,United Kingdom
490403,22263,FELT EGG COSY LADYBIRD ,1,2009-12-06 11:13:00,0.85,17920.0,United Kingdom
508612,20771,CHRYSANTHEMUM  JOURNAL,1,2010-05-17 12:57:00,2.55,12920.0,United Kingdom
494001,22090,PAPER BUNTING RETRO SPOTS,6,2010-01-10 14:21:00,2.95,13319.0,United Kingdom
566219,22986,WRAP GINGHAM ROSE ,25,2011-09-09 15:51:00,0.42,17426.0,United Kingdom
568346,22356,CHARLOTTE BAG PINK POLKADOT,5,2011-09-26 15:28:00,1.63,14096.0,United Kingdom
561214,22804,CANDLEHOLDER PINK HANGING HEART,2,2011-07-25 17:00:00,5.79,,United Kingdom
565847,21558,SKULL LUNCH BOX WITH CUTLERY ,3,2011-09-07 12:44:00,4.96,,United Kingdom
537042,15056BL,EDWARDIAN PARASOL BLACK,1,2010-12-05 10:45:00,5.95,13838.0,United Kingdom
557305,22561,WOODEN SCHOOL COLOURING SET,1,2011-06-19 14:42:00,1.65,13568.0,United Kingdom
538826,21355,TOAST ITS - I LOVE YOU ,1,2010-12-14 12:58:00,1.25,12370.0,Cyprus
521554,22561,WOODEN SCHOOL COLOURING SET,12,2010-09-06 16:16:00,1.65,15489.0,United Kingdom
494659,82486,WOOD S/3 CABINET ANT WHITE FINISH,4,2010-01-17 13:41:00,6.95,17850.0,United Kingdom
562960,22492,MINI PAINT SET VINTAGE ,36,2011-08-11 10:22:00,0.65,14911.0,EIRE
518230,20854,BLUE PATCH PURSE PINK HEART,5,2010-08-05 15:14:00,1.65,14395.0,United Kingdom
558627,23020,GLASS  SONGBIRD STORAGE JAR,1,2011-06-30 17:40:00,12.5,14711.0,United Kingdom
560926,21577,SAVE THE PLANET COTTON TOTE BAG,1,2011-07-22 09:20:00,1.63,,United Kingdom
533338,21385,IVORY HANGING DECORATION  HEART,1,2010-11-16 18:18:00,1.66,,United Kingdom
559804,22819,"BIRTHDAY CARD, RETRO SPOT",12,2011-07-12 14:17:00,0.42,17405.0,United Kingdom
575628,21288,STRIPEY CHOCOLATE NESTING BOXES,1,2011-11-10 13:31:00,2.95,12844.0,United Kingdom
571257,22944,CHRISTMAS METAL POSTCARD WITH BELLS,6,2011-10-14 17:17:00,0.97,,United Kingdom
492783,85031C,CURIOUS IMAGES SCRAP BOOK SET,1,2009-12-18 17:15:00,3.43,,United Kingdom
580677,84989A,75 GREEN FAIRY CAKE CASES,1,2011-12-05 14:40:00,0.55,16200.0,United Kingdom
579404,22150,3 STRIPEY MICE FELTCRAFT,6,2011-11-29 12:21:00,1.95,14126.0,United Kingdom
562427,21922,UNION STRIPE WITH FRINGE  HAMMOCK,1,2011-08-04 17:19:00,7.95,17267.0,United Kingdom
549525,22288,HANGING METAL RABBIT DECORATION,1,2011-04-08 15:44:00,2.46,,United Kingdom
536387,22780,LIGHT GARLAND BUTTERFILES PINK,192,2010-12-01 09:58:00,3.37,16029.0,United Kingdom
565384,23355,HOT WATER BOTTLE KEEP CALM,4,2011-09-02 15:45:00,4.95,13507.0,United Kingdom
567975,22751,FELTCRAFT PRINCESS OLIVIA DOLL,4,2011-09-23 10:25:00,3.75,17416.0,United Kingdom
581057,23139,SINGLE WIRE HOOK PINK HEART,24,2011-12-07 11:03:00,0.39,16817.0,United Kingdom
526887,84029E,RED WOOLLY HOTTIE WHITE HEART.,1,2010-10-13 14:25:00,3.75,16725.0,United Kingdom
558467,22996,TRAVEL CARD WALLET VINTAGE TICKET,1,2011-06-29 15:22:00,0.42,17757.0,United Kingdom
502094,22618,COOKING SET RETROSPOT,3,2010-03-22 17:34:00,9.95,12748.0,United Kingdom
492080,21165,BEWARE OF THE CAT METAL SIGN ,12,2009-12-15 13:50:00,1.69,18260.0,United Kingdom
495928,85059,FRENCH ENAMEL WATER BASIN,24,2010-01-27 14:51:00,2.95,14258.0,United Kingdom
516936,84050,PINK HEART SHAPE EGG FRYING PAN,6,2010-07-25 13:34:00,1.65,13239.0,United Kingdom
491971,22355,"CHARLOTTE BAG , SUKI DESIGN",8,2009-12-14 18:37:00,1.7,,United Kingdom
492092,72008,FROSTED BOX 9 WHITE T-LIGHT CANDLES,12,2009-12-15 14:03:00,0.42,14156.0,EIRE
532548,85226A,WHITE/BLUE PULL BACK RACING CAR,11,2010-11-12 12:15:00,0.55,17210.0,United Kingdom
C566958,23188,VINTAGE  2 METER FOLDING RULER,-1,2011-09-15 16:57:00,1.65,14420.0,United Kingdom
575705,23342,MINT DINER WALL CLOCK,4,2011-11-10 17:06:00,8.5,15159.0,United Kingdom
512250,22178,VICTORIAN GLASS HANGING T-LIGHT,6,2010-06-14 12:46:00,1.25,16814.0,United Kingdom
494166,21647,ASSORTED TUTTI FRUTTI LARGE PURSE,1,2010-01-12 09:47:00,4.21,,United Kingdom
526870,21889,WOODEN BOX OF DOMINOES,6,2010-10-13 13:41:00,1.25,14498.0,United Kingdom
561641,84970S,HANGING HEART ZINC T-LIGHT HOLDER,50,2011-07-28 15:03:00,0.85,15939.0,United Kingdom
506116,84937,KASHMIR FOLKART TUMBLERS,36,2010-04-27 14:07:00,2.1,13026.0,United Kingdom
538104,22027,TEA PARTY BIRTHDAY CARD,12,2010-12-09 15:16:00,0.42,17950.0,United Kingdom
567656,22652,TRAVEL SEWING KIT,2,2011-09-21 14:40:00,3.29,14096.0,United Kingdom
496979,85099C,JUMBO  BAG BAROQUE BLACK WHITE,8,2010-02-05 09:58:00,4.21,,United Kingdom
510119,82583,HOT BATHS METAL SIGN,1,2010-05-27 12:03:00,2.1,15719.0,United Kingdom
538071,22376,AIRLINE BAG VINTAGE JET SET WHITE,1,2010-12-09 14:09:00,8.47,,United Kingdom
564757,75049L,LARGE CIRCULAR MIRROR MOBILE,2,2011-08-30 10:36:00,2.46,,United Kingdom
563909,22630,DOLLY GIRL LUNCH BOX,1,2011-08-21 12:36:00,1.95,15701.0,United Kingdom
575957,21062,PARTY INVITES SPACEMAN,1,2011-11-13 12:19:00,0.85,13170.0,United Kingdom
562313,84946,ANTIQUE SILVER T-LIGHT GLASS,36,2011-08-04 11:38:00,1.25,14640.0,United Kingdom
565841,22960,JAM MAKING SET WITH JARS,1,2011-09-07 12:04:00,8.29,,United Kingdom
566043,21181,PLEASE ONE PERSON METAL SIGN,12,2011-09-08 13:54:00,2.1,13769.0,United Kingdom
543040,21936,RED RETROSPOT PICNIC BAG,2,2011-02-02 17:06:00,2.95,17337.0,United Kingdom
527889,82482,WOODEN PICTURE FRAME WHITE FINISH,6,2010-10-19 12:14:00,2.55,14911.0,EIRE
508194,82494L,WOODEN FRAME ANTIQUE WHITE ,6,2010-05-13 13:25:00,2.95,14648.0,United Kingdom
512514,22350,CAT BOWL ,2,2010-06-16 11:17:00,2.55,14606.0,United Kingdom
515386,22089,PAPER BUNTING VINTAGE PAISLEY,2,2010-07-12 11:24:00,2.95,13779.0,United Kingdom
537643,22810,SET OF 6 T-LIGHTS SNOWMEN,1,2010-12-07 15:34:00,5.91,,United Kingdom
542794,84968C,SET OF 16 VINTAGE PISTACHIO CUTLERY,1,2011-02-01 10:56:00,24.96,,United Kingdom
501272,22413,METAL SIGN TAKE IT OR LEAVE IT ,2,2010-03-15 13:34:00,2.95,13543.0,United Kingdom
541518,22243,5 HOOK HANGER RED MAGIC TOADSTOOL,48,2011-01-19 09:05:00,1.65,12451.0,Switzerland
575040,22625,RED KITCHEN SCALES,2,2011-11-08 11:58:00,8.5,13381.0,United Kingdom
549571,21671,RED SPOT CERAMIC DRAWER KNOB,12,2011-04-10 15:25:00,1.25,15655.0,United Kingdom
573485,22150,3 STRIPEY MICE FELTCRAFT,1,2011-10-31 11:37:00,1.95,15752.0,United Kingdom
560448,23087,ZINC  HEART T-LIGHT HOLDER,16,2011-07-19 09:29:00,1.25,12840.0,United Kingdom
557274,23209,LUNCH BAG DOILEY PATTERN ,10,2011-06-19 11:44:00,1.65,14004.0,United Kingdom
576840,84978,HANGING HEART JAR T-LIGHT HOLDER,4,2011-11-16 15:23:00,2.46,,United Kingdom
505684,20718,RED SPOTTY SHOPPER BAG,1,2010-04-23 16:16:00,2.51,,United Kingdom
559337,20839,FRENCH PAISLEY CUSHION COVER ,1,2011-07-07 16:27:00,3.29,,United Kingdom
572225,23206,LUNCH BAG APPLE DESIGN,10,2011-10-21 13:50:00,1.65,13157.0,United Kingdom
513815,22197,SMALL POPCORN HOLDER,12,2010-06-29 09:59:00,0.85,12647.0,Germany
536805,21069,VINTAGE BILLBOARD TEA MUG,12,2010-12-02 16:38:00,1.25,14775.0,United Kingdom
574726,23460,SWEETHEART WALL TIDY ,2,2011-11-06 14:56:00,9.95,14664.0,United Kingdom
578942,23142,IVORY WIRE KITCHEN ORGANISER,1,2011-11-27 13:29:00,10.4,17288.0,United Kingdom
548384,20725,LUNCH BAG RED RETROSPOT,1,2011-03-30 16:47:00,1.65,,United Kingdom
580146,21668,RED STRIPE CERAMIC DRAWER KNOB,6,2011-12-02 10:07:00,3.29,,United Kingdom
516696,21929,JUMBO BAG PINK VINTAGE PAISLEY,10,2010-07-22 11:53:00,1.95,13564.0,United Kingdom
536586,22848,BREAD BIN DINER STYLE PINK,8,2010-12-01 16:25:00,14.95,18229.0,United Kingdom
490395,22139,RETRO SPOT TEA SET CERAMIC 11 PC ,3,2009-12-06 10:16:00,4.95,13813.0,Germany
510358,22422,TOOTHPASTE TUBE PEN,12,2010-05-28 15:31:00,0.65,18044.0,United Kingdom
559401,21669,BLUE STRIPE CERAMIC DRAWER KNOB,3,2011-07-08 10:49:00,1.25,15039.0,United Kingdom
566175,22773,GREEN DRAWER KNOB ACRYLIC EDWARDIAN,12,2011-09-09 12:36:00,1.25,18237.0,United Kingdom
504810,21181,PLEASE ONE PERSON METAL SIGN,12,2010-04-16 12:43:00,2.1,15628.0,United Kingdom
500583,20961,STRAWBERRY BATH SPONGE ,10,2010-03-09 09:49:00,1.25,13178.0,United Kingdom
494018,22242,"HOOK, 5 HANGER , MAGIC TOADSTOOL",1,2010-01-11 09:37:00,3.43,,United Kingdom
491630,84559A,3D SHEET OF DOG STICKERS,5,2009-12-11 14:39:00,0.85,17851.0,United Kingdom
550524,22090,PAPER BUNTING RETROSPOT,40,2011-04-19 10:08:00,2.55,16422.0,United Kingdom
555925,22916,HERB MARKER THYME,1,2011-06-07 17:13:00,1.63,,United Kingdom
501558,84881,BLUE WIRE SPIRAL CANDLE HOLDER,1,2010-03-17 16:35:00,12.72,,United Kingdom
578255,21206,STRAWBERRY HONEYCOMB  GARLAND ,2,2011-11-23 12:58:00,1.65,14675.0,United Kingdom
503244,47556B,TEA TIME TEA TOWELS ,2,2010-03-31 09:49:00,2.95,17377.0,United Kingdom
536599,21056,DOCTOR'S BAG SOFT TOY,8,2010-12-02 07:49:00,8.95,15694.0,United Kingdom
507261,21876,POTTERING MUG,6,2010-05-07 12:20:00,1.25,12872.0,United Kingdom
548167,48185,DOORMAT FAIRY CAKE,3,2011-03-29 13:45:00,14.13,,United Kingdom
556314,23155,sold as set on dotcom,-84,2011-06-10 10:47:00,0.0,,United Kingdom
508060,22294,HEART FILIGREE DOVE  SMALL,24,2010-05-12 13:43:00,1.25,13052.0,United Kingdom
506003,21175,GIN + TONIC DIET METAL SIGN,48,2010-04-27 11:15:00,1.85,16652.0,United Kingdom
560089,21622,VINTAGE UNION JACK CUSHION COVER,2,2011-07-14 16:45:00,4.95,12748.0,United Kingdom
531123,22423,REGENCY CAKESTAND 3 TIER,6,2010-11-05 13:03:00,12.75,14911.0,EIRE
507926,71459,HANGING JAM JAR T-LIGHT HOLDER,12,2010-05-12 10:05:00,0.85,12905.0,United Kingdom
575135,23110,PARISIENNE KEY CABINET ,2,2011-11-08 14:49:00,5.75,13928.0,United Kingdom
572552,20717,STRAWBERRY SHOPPER BAG,1,2011-10-24 17:07:00,2.46,14096.0,United Kingdom
508217,47566,PARTY BUNTING,60,2010-05-13 14:57:00,3.75,17133.0,United Kingdom
551849,22433,WATERING CAN GREEN DINOSAUR,6,2011-05-04 14:33:00,1.95,16258.0,United Kingdom
559817,20771,CHRYSANTHEMUM  JOURNAL,1,2011-07-12 16:20:00,2.46,,United Kingdom
500891,22199,FRYING PAN RED POLKADOT ,2,2010-03-10 16:24:00,8.47,,United Kingdom
495148,21870,I CAN ONLY PLEASE ONE PERSON MUG,12,2010-01-21 11:41:00,1.25,16735.0,United Kingdom
501674,22457,NATURAL SLATE HEART CHALKBOARD ,6,2010-03-18 15:23:00,2.95,12951.0,United Kingdom
495230,22269,EGG CUP NATURAL CHICKEN,8,2010-01-22 08:37:00,1.25,13192.0,United Kingdom
549586,20726,LUNCH BAG WOODLAND,9,2011-04-11 10:00:00,4.96,,United Kingdom
563764,21864,UNION JACK FLAG PASSPORT COVER ,1,2011-08-19 11:15:00,2.1,14606.0,United Kingdom
580540,23498,CLASSIC BICYCLE CLIPS ,12,2011-12-05 08:49:00,1.45,13417.0,United Kingdom
552256,84978,HANGING HEART JAR T-LIGHT HOLDER,12,2011-05-08 10:43:00,1.25,16621.0,United Kingdom
498615,21181,PLEASE ONE PERSON METAL SIGN,24,2010-02-22 09:54:00,2.1,13434.0,United Kingdom
528159,84247L,FAWN AND MUSHROOM GREETING CARD,24,2010-10-21 07:48:00,0.42,13081.0,United Kingdom
576771,22080,RIBBON REEL POLKADOTS ,10,2011-11-16 13:19:00,1.65,13285.0,United Kingdom
560398,22134,MINI LADLE LOVE HEART RED ,48,2011-07-18 14:10:00,0.42,12731.0,France
507414,22479,DAISY GARDEN MARKER,10,2010-05-09 14:14:00,1.25,14107.0,United Kingdom
534446,22153,ANGEL DECORATION STARS ON DRESS,48,2010-11-22 15:38:00,0.42,15602.0,United Kingdom
562517,84536B,FAIRY CAKES NOTEBOOK A7 SIZE,2,2011-08-05 12:27:00,0.42,15719.0,United Kingdom
569846,21915,RED  HARMONICA IN BOX ,12,2011-10-06 13:42:00,1.25,13422.0,United Kingdom
570019,22063,CERAMIC BOWL WITH STRAWBERRY DESIGN,1,2011-10-07 10:13:00,2.95,17841.0,United Kingdom
546669,22961,JAM MAKING SET PRINTED,12,2011-03-15 15:36:00,1.45,14226.0,United Kingdom
530800,21328,BALLOONS  WRITING SET ,1,2010-11-04 12:34:00,1.65,16515.0,United Kingdom
542904,20679,EDWARDIAN PARASOL RED,3,2011-02-01 14:58:00,5.95,12682.0,France
577615,22192,BLUE DINER WALL CLOCK,2,2011-11-21 10:22:00,8.5,12658.0,Germany
565124,23309,SET OF 60 I LOVE LONDON CAKE CASES ,24,2011-09-01 12:09:00,0.55,12436.0,Norway
497909,22312,OFFICE MUG WARMER POLKADOT,1,2010-02-14 13:39:00,4.95,15272.0,United Kingdom
537237,22459,CAST IRON HOOK GARDEN TROWEL,1,2010-12-06 09:58:00,5.06,,United Kingdom
502857,22545,MINI JIGSAW BUNNIES AT HOME,48,2010-03-28 15:11:00,0.42,14735.0,United Kingdom
556722,23236,DOILEY BISCUIT TIN,6,2011-06-14 11:23:00,2.89,17428.0,United Kingdom
564078,21238,RED RETROSPOT CUP,12,2011-08-22 15:43:00,0.85,17083.0,United Kingdom
512733,84968D,S/16 VINTAGE RED CUTLERY,2,2010-06-17 13:48:00,25.49,,United Kingdom
566043,82600,NO SINGING METAL SIGN,12,2011-09-08 13:54:00,2.1,13769.0,United Kingdom
491970,22158,3 HEARTS HANGING DECORATION RUSTIC,1,2009-12-14 18:03:00,6.04,,United Kingdom
542345,22931,BAKING MOULD HEART WHITE CHOCOLATE,1,2011-01-27 11:55:00,2.55,15910.0,United Kingdom
580730,85123A,WHITE HANGING HEART T-LIGHT HOLDER,1,2011-12-05 17:28:00,5.79,,United Kingdom
525928,22191,IVORY DINER WALL CLOCK,1,2010-10-07 16:48:00,8.5,16072.0,United Kingdom
576076,22951,60 CAKE CASES DOLLY GIRL DESIGN,2,2011-11-13 16:18:00,0.55,14382.0,United Kingdom
533591,85038,6 CHOCOLATE LOVE HEART T-LIGHTS,12,2010-11-18 11:59:00,2.1,16554.0,United Kingdom
574298,22417,PACK OF 60 SPACEBOY CAKE CASES,1,2011-11-03 15:56:00,1.25,,United Kingdom
536161,22753,SMALL YELLOW BABUSHKA NOTEBOOK ,1,2010-11-30 12:05:00,0.85,18118.0,United Kingdom
532618,22892,SET OF SALT AND PEPPER TOADSTOOLS,1,2010-11-12 15:23:00,2.51,,United Kingdom
581492,21984,PACK OF 12 PINK PAISLEY TISSUES ,1,2011-12-09 10:03:00,0.83,,United Kingdom
534800,22745,POPPY'S PLAYHOUSE BEDROOM ,3,2010-11-24 12:04:00,2.1,17019.0,United Kingdom
537638,85136A,YELLOW SHARK HELICOPTER,4,2010-12-07 15:28:00,8.47,,United Kingdom
534403,22153,ANGEL DECORATION STARS ON DRESS,6,2010-11-22 13:59:00,0.42,14649.0,United Kingdom
551997,85078,SCANDINAVIAN 3 HEARTS NAPKIN RING,1,2011-05-05 15:47:00,1.63,,United Kingdom
556470,22844,VINTAGE CREAM DOG FOOD CONTAINER,2,2011-06-12 11:41:00,8.5,15291.0,United Kingdom
C516799,20668,DISCO BALL CHRISTMAS DECORATION,-1,2010-07-23 10:43:00,0.12,14606.0,United Kingdom
578121,22386,JUMBO BAG PINK POLKADOT,10,2011-11-23 10:23:00,2.08,14547.0,United Kingdom
540026,21879,HEARTS GIFT TAPE,15,2011-01-04 13:25:00,0.43,,United Kingdom
555397,84969,BOX OF 6 ASSORTED COLOUR TEASPOONS,1,2011-06-02 17:26:00,3.29,,United Kingdom
537898,21479,WHITE SKULL HOT WATER BOTTLE ,4,2010-12-09 10:42:00,3.75,17377.0,United Kingdom
527266,22645,CERAMIC HEART FAIRY CAKE MONEY BANK,4,2010-10-15 12:52:00,1.45,15005.0,United Kingdom
500869,84997B,RED 3 PIECE MINI DOTS CUTLERY SET,2,2010-03-10 13:21:00,3.75,17220.0,United Kingdom
559986,20725,LUNCH BAG RED RETROSPOT,10,2011-07-14 11:47:00,1.65,15256.0,United Kingdom
519560,40046A,RED DAISY PAPER LAMPSHADE,1,2010-08-18 11:34:00,2.51,,United Kingdom
540647,21068,VINTAGE BILLBOARD LOVE/HATE MUG,6,2011-01-10 14:57:00,1.25,17406.0,United Kingdom
517862,84754,S/15 SILVER GLASS BAUBLES IN BAG,12,2010-08-02 14:11:00,1.25,14667.0,United Kingdom
545073,21165,BEWARE OF THE CAT METAL SIGN ,12,2011-02-28 09:26:00,1.69,14036.0,United Kingdom
502840,21889,WOODEN BOX OF DOMINOES,3,2010-03-28 13:18:00,1.25,15068.0,United Kingdom
516891,21667,GLASS CAKE COVER AND PLATE,1,2010-07-23 15:05:00,16.95,14312.0,United Kingdom
561625,22609,PENS ASSORTED SPACEBALL,72,2011-07-28 14:03:00,0.19,16843.0,United Kingdom
544586,22914,BLUE COAT RACK PARIS FASHION,2,2011-02-21 15:04:00,4.95,17338.0,United Kingdom
579165,85014A,BLACK/BLUE POLKADOT UMBRELLA,3,2011-11-28 14:01:00,5.95,13389.0,United Kingdom
528595,21215,IVORY PAPER CUP CAKE CASES ,24,2010-10-22 14:30:00,0.55,15067.0,United Kingdom
552577,23199,JUMBO BAG APPLES,10,2011-05-10 12:28:00,2.08,13242.0,United Kingdom
581256,84029E,RED WOOLLY HOTTIE WHITE HEART.,3,2011-12-08 11:21:00,9.13,,United Kingdom
561616,22662,LUNCH BAG DOLLY GIRL DESIGN,3,2011-07-28 13:02:00,1.65,15023.0,United Kingdom
513608,82582,AREA PATROLLED METAL SIGN,1,2010-06-27 12:01:00,2.1,15547.0,United Kingdom
509745,22620,4 TRADITIONAL SPINNING TOPS,1,2010-05-25 13:32:00,1.25,17920.0,United Kingdom
544186,22983,CARD BILLBOARD FONT,1,2011-02-16 15:56:00,0.83,,United Kingdom
511051,21626,VINTAGE UNION JACK PENNANT,1,2010-06-06 12:13:00,1.95,12911.0,United Kingdom
566495,22995,TRAVEL CARD WALLET SUKI,6,2011-09-13 11:14:00,0.42,15529.0,United Kingdom
568898,21175,GIN + TONIC DIET METAL SIGN,12,2011-09-29 13:17:00,2.55,13354.0,United Kingdom
507176,22356,"CHARLOTTE BAG , PINK/WHITE SPOTS",10,2010-05-06 15:05:00,0.85,17069.0,United Kingdom
569330,22310,IVORY KNITTED MUG COSY ,2,2011-10-03 13:31:00,1.65,15311.0,United Kingdom
528886,DCGS0058,,1,2010-10-25 12:25:00,0.0,,United Kingdom
556730,21564,PINK  HEART SHAPE LOVE BUCKET ,2,2011-06-14 11:40:00,2.95,,United Kingdom
540859,22970,LONDON BUS COFFEE MUG,6,2011-01-12 10:58:00,2.55,17965.0,United Kingdom
537211,22666,RECIPE BOX PANTRY YELLOW DESIGN,6,2010-12-05 15:18:00,2.95,16143.0,United Kingdom
553014,37413,ICON MUG REVOLUTIONARY,2,2011-05-12 18:49:00,0.39,13451.0,United Kingdom
507360,22607,WOODEN ROUNDERS GARDEN SET ,12,2010-05-07 15:37:00,7.65,13209.0,United Kingdom
524028,22513,DOORSTOP FOOTBALL DESIGN,1,2010-09-27 11:13:00,3.75,16895.0,United Kingdom
490461,21212,PACK OF 72 RETRO SPOT CAKE CASES,24,2009-12-06 12:07:00,0.55,13736.0,United Kingdom
C534717,85123A,WHITE HANGING HEART T-LIGHT HOLDER,-96,2010-11-23 17:47:00,2.55,16684.0,United Kingdom
536408,21705,BAG 500g SWIRLY MARBLES,12,2010-12-01 11:41:00,1.65,14307.0,United Kingdom
508223,22624,IVORY KITCHEN SCALES,2,2010-05-13 15:42:00,8.5,17576.0,United Kingdom
564838,20665,RED RETROSPOT PURSE ,1,2011-08-30 12:43:00,5.79,,United Kingdom
579885,21402,RED  EGG  SPOON,24,2011-11-30 17:37:00,0.12,15444.0,United Kingdom
523773,22910,PAPER CHAIN KIT VINTAGE CHRISTMAS,1,2010-09-24 11:11:00,2.95,17811.0,United Kingdom
548260,21216,"SET 3 RETROSPOT TEA,COFFEE,SUGAR",5,2011-03-30 11:18:00,4.95,15373.0,United Kingdom
492303,21707,"FOLDING UMBRELLA , BLACK/BLUE  SPOT",1,2009-12-16 11:57:00,10.39,,United Kingdom
561912,16161U,WRAP SUKI AND FRIENDS,25,2011-08-01 11:08:00,0.42,13184.0,United Kingdom
538205,21098,CHRISTMAS TOILET ROLL,6,2010-12-10 11:24:00,1.25,12748.0,United Kingdom
495574,22243,"HOOK, 5 HANGER ,MAGIC TOADSTOOL RED",2,2010-01-25 17:36:00,3.36,,United Kingdom
532366,22274,FELTCRAFT DOLL EMILY,6,2010-11-11 17:41:00,2.95,18085.0,United Kingdom
491630,22273,FELTCRAFT DOLL MOLLY,2,2009-12-11 14:39:00,2.95,17851.0,United Kingdom
551775,23146,TRIPLE HOOK ANTIQUE IVORY ROSE,6,2011-05-04 11:21:00,3.29,12886.0,United Kingdom
490052,22125,UNION JACK HOT WATER BOTTLE ,4,2009-12-03 13:09:00,5.95,13895.0,United Kingdom
503989,22170,PICTURE FRAME WOOD TRIPLE PORTRAIT,4,2010-04-09 10:24:00,6.75,17314.0,United Kingdom
515012,22222,CAKE PLATE LOVEBIRD WHITE,1,2010-07-07 16:14:00,4.95,15581.0,United Kingdom
515591,82580,BATHROOM METAL SIGN,2,2010-07-13 13:20:00,0.55,13428.0,United Kingdom
544211,22621,TRADITIONAL KNITTING NANCY,12,2011-02-17 11:05:00,1.45,13018.0,United Kingdom
572183,22866,HAND WARMER SCOTTY DOG DESIGN,12,2011-10-21 10:50:00,2.1,16153.0,United Kingdom
502796,84791,GINGHAM HEART DECORATION,2,2010-03-26 15:32:00,2.95,17191.0,United Kingdom
492742,84946,ANTIQUE SILVER TEA GLASS ETCHED,12,2009-12-18 12:33:00,1.25,12455.0,Cyprus
507393,22607,WOODEN ROUNDERS GARDEN SET ,2,2010-05-09 12:49:00,8.5,14911.0,EIRE
554808,23201,JUMBO BAG ALPHABET,1,2011-05-26 13:01:00,2.08,17059.0,United Kingdom
567524,22423,REGENCY CAKESTAND 3 TIER,2,2011-09-21 08:55:00,12.75,15696.0,United Kingdom
560274,23021,GLASS BONNE JAM JAR,3,2011-07-17 15:00:00,4.15,14895.0,United Kingdom
576081,21931,JUMBO STORAGE BAG SUKI,10,2011-11-14 08:16:00,2.08,15203.0,United Kingdom
503333,22585,PACK OF 6 BIRDY GIFT TAGS,12,2010-03-31 12:21:00,1.25,16133.0,United Kingdom
546646,22219,LOVEBIRD HANGING DECORATION WHITE ,5,2011-03-15 13:49:00,0.85,13716.0,United Kingdom
531690,84988,SET OF 72 PINK HEART PAPER DOILIES,3,2010-11-09 11:49:00,3.83,,United Kingdom
507707,37370,RETRO COFFEE MUGS ASSORTED,72,2010-05-11 11:17:00,1.06,17428.0,United Kingdom
545216,22381,TOY TIDY PINK POLKADOT,1,2011-02-28 16:50:00,4.13,,United Kingdom
565465,22988,SOLDIERS EGG CUP ,12,2011-09-05 09:46:00,1.25,15364.0,United Kingdom
557026,21992,VINTAGE PAISLEY STATIONERY SET,12,2011-06-16 13:14:00,1.25,16571.0,United Kingdom
534870,21888,BINGO SET,1,2010-11-24 14:29:00,3.75,17601.0,United Kingdom
523334,22623,BOX OF VINTAGE JIGSAW BLOCKS ,3,2010-09-21 14:51:00,4.95,14126.0,United Kingdom
521024,22755,SMALL PURPLE BABUSHKA NOTEBOOK ,12,2010-09-01 15:21:00,0.85,,United Arab Emirates
553035,20750,RED RETROSPOT MINI CASES,1,2011-05-12 20:13:00,7.95,17337.0,United Kingdom
574959,23507,MINI PLAYING CARDS BUFFALO BILL ,1,2011-11-08 10:09:00,0.42,17886.0,United Kingdom
527093,85017A,ENVELOPE 50 ROMANTIC IMAGES,2,2010-10-14 16:14:00,0.85,17823.0,United Kingdom
506265,85099B,RED RETROSPOT JUMBO BAG ,10,2010-04-28 14:57:00,1.95,14389.0,United Kingdom
496094,21124,SET/10 BLUE SPOTTY PARTY CANDLES,24,2010-01-29 10:13:00,1.25,15192.0,United Kingdom
554074,22770,MIRROR CORNICE,1,2011-05-22 11:28:00,14.95,13230.0,United Kingdom
528628,22777,GLASS CLOCHE LARGE,1,2010-10-24 11:17:00,8.5,13241.0,United Kingdom
555924,22246,MAGIC GARDEN FELT GARLAND ,1,2011-06-07 17:12:00,4.13,,United Kingdom
505314,22027,TEA PARTY BIRTHDAY CARD,12,2010-04-21 12:02:00,0.42,12681.0,France
517478,22470,HEART OF WICKER LARGE,3,2010-07-29 12:21:00,2.95,14451.0,United Kingdom
511783,21889,WOODEN BOX OF DOMINOES,2,2010-06-10 13:17:00,1.25,16713.0,United Kingdom
C530979,22946,WOODEN ADVENT CALENDAR CREAM,-3,2010-11-05 10:42:00,16.95,17276.0,United Kingdom
523959,21648,ASSORTED TUTTI FRUTTI SMALL PURSE,3,2010-09-26 12:32:00,1.25,14606.0,United Kingdom
581141,22150,3 STRIPEY MICE FELTCRAFT,12,2011-12-07 13:35:00,1.95,14132.0,United Kingdom
568994,22609,PENS ASSORTED SPACEBALL,36,2011-09-29 16:52:00,0.19,12598.0,France
538071,90039D,FIRE POLISHED GLASS BRACELET GREEN,1,2010-12-09 14:09:00,3.81,,United Kingdom
509615,22326,ROUND SNACK BOXES SET OF4 WOODLAND ,6,2010-05-25 09:34:00,2.95,12802.0,Netherlands
564378,23240,SET OF 4 KNICK KNACK TINS DOILY ,6,2011-08-25 10:26:00,4.15,12417.0,Belgium
558092,20828,GLITTER BUTTERFLY CLIPS,2,2011-06-26 12:54:00,2.55,14808.0,United Kingdom
529924,51014C,"FEATHER PEN,COAL BLACK",12,2010-10-31 14:20:00,0.85,12347.0,Iceland
519610,85174,S/4 CACTI CANDLES,1,2010-08-18 16:54:00,4.95,15494.0,United Kingdom
522458,84997D,PINK 3 PIECE MINI DOTS CUTLERY SET,2,2010-09-14 15:55:00,3.75,12933.0,United Kingdom
533423,22411,JUMBO SHOPPER VINTAGE RED PAISLEY,10,2010-11-17 11:19:00,1.95,16386.0,United Kingdom
491664,84030E,ENGLISH ROSE HOT WATER BOTTLE,2,2009-12-13 11:28:00,4.25,15983.0,United Kingdom
545468,21313,GLASS HEART T-LIGHT HOLDER ,12,2011-03-03 09:41:00,0.85,16571.0,United Kingdom
526115,22632,HAND WARMER RED POLKA DOT,12,2010-10-08 13:18:00,1.85,14298.0,United Kingdom
565207,21901,"KEY FOB , BACK DOOR ",2,2011-09-01 16:46:00,0.65,16764.0,United Kingdom
498729,21888,BINGO SET,4,2010-02-22 15:39:00,3.75,17829.0,United Arab Emirates
498090,21754,HOME BUILDING BLOCK WORD,2,2010-02-16 12:30:00,5.95,17287.0,United Kingdom
513574,22459,CAST IRON HOOK GARDEN TROWEL,1,2010-06-25 15:13:00,5.06,,United Kingdom
556073,22969,HOMEMADE JAM SCENTED CANDLES,12,2011-06-08 15:05:00,1.45,16358.0,United Kingdom
573931,23504,PLAYING CARDS JUBILEE UNION JACK,12,2011-11-02 10:16:00,1.25,16884.0,United Kingdom
505555,POST,POSTAGE,2,2010-04-23 09:57:00,15.0,12672.0,France
572330,85152,HAND OVER THE CHOCOLATE   SIGN ,1,2011-10-24 10:17:00,2.1,16426.0,United Kingdom
578653,84946,ANTIQUE SILVER T-LIGHT GLASS,12,2011-11-24 16:40:00,1.25,18161.0,United Kingdom
492285,22191,EAU DE NIL DINER WALL CLOCK,2,2009-12-16 11:45:00,8.5,13097.0,United Kingdom
491758,22109,FULL ENGLISH BREAKFAST PLATE,3,2009-12-14 12:24:00,3.75,17908.0,United Kingdom
540516,90155,RESIN NECKLACE W PASTEL BEADS,2,2011-01-09 12:01:00,7.5,16326.0,United Kingdom
572069,72817,SET OF 2 CHRISTMAS DECOUPAGE CANDLE,24,2011-10-20 13:24:00,0.79,14911.0,EIRE
538077,21326,AGED GLASS SILVER T-LIGHT HOLDER,24,2010-12-09 14:19:00,0.65,14667.0,United Kingdom
553162,22381,TOY TIDY PINK POLKADOT,1,2011-05-13 15:53:00,4.13,,United Kingdom
518775,15044C,PURPLE PAPER PARASOL,1,2010-08-11 15:46:00,5.91,,United Kingdom
502872,21911,GARDEN METAL SIGN ,1,2010-03-29 09:59:00,3.36,,United Kingdom
509750,22222,CAKE PLATE LOVEBIRD WHITE,1,2010-05-25 14:05:00,10.17,,United Kingdom
555728,22076,6 RIBBONS EMPIRE  ,1,2011-06-06 16:41:00,1.65,17252.0,United Kingdom
533152,85123A,WHITE HANGING HEART T-LIGHT HOLDER,5,2010-11-16 13:57:00,2.95,15005.0,United Kingdom
539437,21977,PACK OF 60 PINK PAISLEY CAKE CASES,1,2010-12-17 14:54:00,1.28,,United Kingdom
530796,22900, SET 2 TEA TOWELS I LOVE LONDON ,1,2010-11-04 12:27:00,2.95,16391.0,United Kingdom
528139,22138,BAKING SET 9 PIECE RETROSPOT ,2,2010-10-20 15:25:00,4.95,16372.0,United Kingdom
C525552,22752,SET 7 BABUSHKA NESTING BOXES,-1,2010-10-05 19:41:00,8.5,14292.0,United Kingdom
512120,22465,HANGING METAL STAR LANTERN,2,2010-06-13 15:48:00,1.65,14581.0,United Kingdom
545217,22161,HEART DECORATION RUSTIC HANGING ,1,2011-02-28 16:59:00,0.79,,United Kingdom
569396,23397,FOOT STOOL HOME SWEET HOME ,1,2011-10-03 17:48:00,9.95,16441.0,United Kingdom
569089,22734,SET OF 6 RIBBONS VINTAGE CHRISTMAS,4,2011-09-30 12:03:00,2.89,13764.0,United Kingdom
550644,22979,PANTRY WASHING UP BRUSH,2,2011-04-19 16:19:00,1.45,12733.0,USA
576786,21703,BAG 125g SWIRLY MARBLES,12,2011-11-16 13:53:00,0.42,16999.0,United Kingdom
547444,22746,POPPY'S PLAYHOUSE LIVINGROOM ,6,2011-03-23 10:55:00,2.1,12811.0,Portugal
552544,22302,COFFEE MUG PEARS  DESIGN,6,2011-05-10 10:29:00,2.55,13320.0,United Kingdom
518418,22328,ROUND SNACK BOXES SET OF 4 FRUITS ,6,2010-08-09 08:26:00,2.95,12567.0,France
581437,16168M,FUNKY MONKEY GIFT BAG MEDIUM,24,2011-12-08 16:22:00,0.42,14621.0,United Kingdom
573083,22635,CHILDS BREAKFAST SET DOLLY GIRL ,3,2011-10-27 14:22:00,9.95,13735.0,United Kingdom
511927,62018,SOMBRERO ,1,2010-06-11 11:44:00,1.95,,United Kingdom
522553,21981,PACK OF 12 WOODLAND TISSUES ,48,2010-09-15 11:56:00,0.29,12481.0,Germany
494906,21677,HEARTS  STICKERS,12,2010-01-19 15:45:00,0.85,15984.0,United Kingdom
516925,21349,IVY HEART WREATH,16,2010-07-25 12:16:00,5.95,15946.0,United Kingdom
546875,37370,RETRO COFFEE MUGS ASSORTED,12,2011-03-17 16:38:00,1.25,12514.0,Italy
550503,21528,DAIRY MAID TRADITIONAL TEAPOT ,2,2011-04-18 15:31:00,6.95,15508.0,United Kingdom
567928,21452,TOADSTOOL MONEY BOX,6,2011-09-22 17:31:00,2.95,12380.0,Belgium
566399,22625,RED KITCHEN SCALES,2,2011-09-12 13:11:00,8.5,16141.0,United Kingdom
544445,79000,MOROCCAN TEA GLASS,12,2011-02-20 10:56:00,0.85,16746.0,United Kingdom
557129,23162,REGENCY TEA STRAINER,1,2011-06-16 19:59:00,3.75,17841.0,United Kingdom
501508,85170B,SET/6 BLACK BIRD T-LIGHT CANDLES,6,2010-03-17 11:33:00,1.69,17448.0,United Kingdom
554512,21773,DECORATIVE ROSE BATHROOM BOTTLE,1,2011-05-24 15:54:00,2.46,,United Kingdom
519245,21888,BINGO SET,4,2010-08-15 14:20:00,3.75,14097.0,United Kingdom
559128,21915,RED  HARMONICA IN BOX ,3,2011-07-06 12:39:00,1.25,17238.0,United Kingdom
527401,22469,HEART OF WICKER SMALL,4,2010-10-17 14:17:00,1.65,14507.0,United Kingdom
578270,23184,BULL DOG BOTTLE OPENER,1,2011-11-23 13:39:00,10.79,14096.0,United Kingdom
563929,21670,BLUE SPOT CERAMIC DRAWER KNOB,6,2011-08-21 15:35:00,1.25,15031.0,United Kingdom
528095,85152,HAND OVER THE CHOCOLATE   SIGN ,1,2010-10-20 13:26:00,2.1,14656.0,United Kingdom
545410,22419,LIPSTICK PEN RED,12,2011-03-02 12:18:00,0.42,16670.0,United Kingdom
576857,23090,VINTAGE GLASS T-LIGHT HOLDER,1,2011-11-16 15:52:00,0.83,12748.0,United Kingdom
572212,22774,RED DRAWER KNOB ACRYLIC EDWARDIAN,12,2011-10-21 12:25:00,1.25,13918.0,United Kingdom
525200,21985,PACK OF 12 HEARTS DESIGN TISSUES ,4,2010-10-04 12:36:00,0.29,16444.0,United Kingdom
569633,23080,RED METAL BOX TOP SECRET,2,2011-10-05 12:02:00,8.25,16478.0,United Kingdom
521787,21768,WALL MOUNTED VINTAGE ORGANISER,1,2010-09-08 12:49:00,14.95,18075.0,United Kingdom
569998,22831,WHITE BROCANTE SOAP DISH,6,2011-10-07 08:12:00,2.95,12540.0,Spain
534510,85231B,CINAMMON SET OF 9 T-LIGHTS,12,2010-11-23 11:45:00,0.85,17237.0,United Kingdom
510492,22407,MONEY BOX FIRST ADE DESIGN,12,2010-06-01 12:18:00,1.25,16668.0,United Kingdom
521642,21906,PHARMACIE FIRST AID TIN,4,2010-09-07 13:04:00,6.75,14911.0,EIRE
500023,79323LP,LIGHT PINK CHERRY LIGHTS,4,2010-03-04 10:47:00,6.75,18151.0,United Kingdom
568802,23397,FOOT STOOL HOME SWEET HOME ,2,2011-09-29 10:49:00,9.95,14834.0,United Kingdom
558068,20728,LUNCH BAG CARS BLUE,1,2011-06-24 15:51:00,4.13,,United Kingdom
536876,22276,WASH BAG VINTAGE ROSE PAISLEY,7,2010-12-03 11:36:00,5.91,,United Kingdom
532252,22662,LUNCH BAG DOLLY GIRL DESIGN,10,2010-11-11 12:45:00,1.65,17416.0,United Kingdom
560882,48138,DOORMAT UNION FLAG,2,2011-07-21 15:47:00,7.95,17213.0,United Kingdom
492587,21913,VINTAGE SEASIDE JIGSAW PUZZLES,1,2009-12-17 15:29:00,3.75,,United Kingdom
567889,71477,COLOUR GLASS. STAR T-LIGHT HOLDER,8,2011-09-22 15:39:00,3.95,16633.0,United Kingdom
490745,85118,HEART T-LIGHT HOLDER,1,2009-12-07 18:02:00,2.57,,United Kingdom
532391,22863,SOAP DISH BROCANTE,2,2010-11-11 19:14:00,2.95,16797.0,United Kingdom
581378,17012D,ORIGAMI ROSE INCENSE/CANDLE SET ,6,2011-12-08 12:50:00,0.85,17673.0,United Kingdom
513597,22073,RED RETROSPOT STORAGE JAR,8,2010-06-27 11:16:00,3.75,16858.0,United Kingdom
530422,22577,WOODEN HEART CHRISTMAS SCANDINAVIAN,2,2010-11-03 09:36:00,1.66,,United Kingdom
547650,84879,ASSORTED COLOUR BIRD ORNAMENT,8,2011-03-24 12:08:00,1.69,17059.0,United Kingdom
563432,85231G,ORANGE SCENTED SET/9 T-LIGHTS,3,2011-08-16 12:12:00,0.85,16713.0,United Kingdom
540405,21212,PACK OF 72 RETROSPOT CAKE CASES,120,2011-01-07 09:50:00,0.42,14828.0,United Kingdom
556910,85227,SET OF 6 3D KIT CARDS FOR KIDS,10,2011-06-15 13:25:00,0.85,12748.0,United Kingdom
511174,22383,LUNCH BAG SUKI  DESIGN ,10,2010-06-07 12:08:00,1.65,15249.0,United Kingdom
531745,16161U,WRAP SUKI AND FRIENDS,25,2010-11-09 12:58:00,0.34,16684.0,United Kingdom
570839,85014A,BLACK/BLUE POLKADOT UMBRELLA,6,2011-10-12 14:08:00,5.95,14911.0,EIRE
572063,21264,WHITE GOOSE FEATHER TREE 60CM ,2,2011-10-20 12:57:00,1.95,14606.0,United Kingdom
529130,21232,STRAWBERRY CERAMIC TRINKET BOX,72,2010-10-26 14:38:00,1.06,16258.0,United Kingdom
537823,20998,ROSE DU SUD OVEN GLOVE,1,2010-12-08 14:25:00,3.36,,United Kingdom
533088,48188,DOORMAT WELCOME PUPPIES,40,2010-11-16 10:05:00,6.75,12357.0,Switzerland
524976,22851,SET 20 NAPKINS FAIRY CAKES DESIGN ,12,2010-10-01 15:10:00,0.85,16108.0,United Kingdom
511480,21174,POTTERING IN THE SHED METAL SIGN,24,2010-06-08 13:43:00,1.95,14134.0,United Kingdom
518570,21333,CLASSIC WHITE FRAME,3,2010-08-10 11:49:00,5.91,,United Kingdom
577411,23509,MINI PLAYING CARDS FUN FAIR ,4,2011-11-20 11:00:00,0.42,17387.0,United Kingdom
521700,85175,CACTI T-LIGHT CANDLES,16,2010-09-08 10:54:00,0.42,14740.0,United Kingdom
534848,85019B,BLOSSOM  IMAGES NOTEBOOK SET,1,2010-11-24 13:36:00,4.25,13623.0,United Kingdom
573323,22625,RED KITCHEN SCALES,2,2011-10-30 10:54:00,8.5,15708.0,United Kingdom
554323,20725,LUNCH BAG RED RETROSPOT,10,2011-05-23 15:33:00,1.65,16729.0,United Kingdom
564727,84978,HANGING HEART JAR T-LIGHT HOLDER,6,2011-08-28 12:31:00,1.25,16686.0,United Kingdom
521722,22356,CHARLOTTE BAG PINK WITH WHITE SPOTS,100,2010-09-08 11:29:00,0.72,12594.0,Italy
563022,22277,COSMETIC BAG VINTAGE ROSE PAISLEY,3,2011-08-11 13:34:00,2.1,17248.0,United Kingdom
536162,84987,SET OF 36 TEATIME PAPER DOILIES,7,2010-11-30 12:07:00,1.25,15939.0,United Kingdom
578698,22578,WOODEN STAR CHRISTMAS SCANDINAVIAN,24,2011-11-25 10:20:00,0.29,12620.0,France
494814,90211B,JET BLACK LAS VEGAS NECKLACE 45CM,1,2010-01-19 09:05:00,5.94,,United Kingdom
550471,85131B,BEADED CRYSTAL HEART GREEN ON STICK,1,2011-04-18 13:52:00,0.83,,United Kingdom
540551,21506,"FANCY FONT BIRTHDAY CARD, ",1,2011-01-10 09:43:00,0.85,,United Kingdom
546438,22722,SET OF 6 SPICE TINS PANTRY DESIGN,24,2011-03-14 09:59:00,3.45,15125.0,United Kingdom
573139,22094,RED RETROSPOT TISSUE BOX,3,2011-10-27 17:29:00,0.39,14716.0,United Kingdom
489856,35648,VINTAGE BEAD PINK PURSE ,1,2009-12-02 14:36:00,6.04,,United Kingdom
519937,22649,STRAWBERRY FAIRY CAKE TEAPOT,16,2010-08-23 08:44:00,4.95,18097.0,United Kingdom
578036,47503A,ASS FLORAL PRINT MULTI SCREWDRIVER,9,2011-11-22 14:04:00,0.42,16474.0,United Kingdom
580367,23377,PACK OF 12 DOLLY GIRL TISSUES,2,2011-12-02 16:39:00,0.83,,United Kingdom
526171,22082,RIBBON REEL STRIPES DESIGN ,2,2010-10-10 10:49:00,1.65,16444.0,United Kingdom
505202,84912A,PINK ROSE WASHBAG,2,2010-04-20 16:21:00,3.36,,United Kingdom
563936,72807A,SET/3 ROSE CANDLE IN JEWELLED BOX,4,2011-08-22 09:03:00,4.25,17828.0,Malta
519786,21790,VINTAGE SNAP CARDS,12,2010-08-20 12:00:00,0.85,13117.0,United Kingdom
517721,37464,ROBOT MUG IN DISPLAY BOX,1,2010-08-01 12:38:00,1.25,14396.0,United Kingdom
534321,22297,HEART IVORY TRELLIS SMALL,8,2010-11-22 11:37:00,1.25,15039.0,United Kingdom
C516180,21389,IVORY HANGING DECORATION  BIRD,-1,2010-07-18 14:37:00,0.85,14546.0,United Kingdom
547896,22255,FELT TOADSTOOL  SMALL,2,2011-03-28 11:34:00,0.85,17841.0,United Kingdom
503694,21716,BOYS VINTAGE TIN SEASIDE BUCKET,32,2010-04-06 12:54:00,2.1,13710.0,United Kingdom
541258,22900, SET 2 TEA TOWELS I LOVE LONDON ,2,2011-01-16 15:30:00,2.95,13634.0,United Kingdom
573248,22632,HAND WARMER RED RETROSPOT,2,2011-10-28 12:09:00,2.1,14498.0,United Kingdom
562106,84247N,PACK/12 BLUE FOLKART CARDS,1,2011-08-02 15:19:00,2.95,14076.0,United Kingdom
497256,48188,DOOR MAT WELCOME PUPPIES,4,2010-02-08 12:39:00,6.75,13417.0,United Kingdom
558437,84596L,BISCUITS SMALL BOWL LIGHT BLUE,8,2011-06-29 12:46:00,0.42,17799.0,United Kingdom
581401,20719,WOODLAND CHARLOTTE BAG,10,2011-12-08 13:43:00,0.85,17644.0,United Kingdom
570011,22466,FAIRY TALE COTTAGE NIGHT LIGHT,12,2011-10-07 09:44:00,1.95,16477.0,United Kingdom
571433,23128,FELTCRAFT BOY JEAN-PAUL KIT,4,2011-10-17 13:19:00,4.95,13015.0,United Kingdom
536036,22384,LUNCH BAG PINK POLKADOT,5,2010-11-29 17:00:00,1.65,15950.0,United Kingdom
567671,22329,ROUND CONTAINER SET OF 5 RETROSPOT,1,2011-09-21 15:34:00,3.29,,United Kingdom
491970,82613D,METAL SIGN CUPCAKE SINGLE HOOK,1,2009-12-14 18:03:00,2.57,,United Kingdom
559052,15036,ASSORTED COLOURS SILK FAN,8,2011-07-05 16:53:00,1.63,,United Kingdom
562417,40016,CHINESE DRAGON PAPER LANTERNS,1,2011-08-04 16:32:00,8.29,,United Kingdom
556579,22987,WRAP SUMMER ROSE DESIGN,25,2011-06-13 14:16:00,0.42,15069.0,United Kingdom
539466,84509G,SET OF 4 FAIRY CAKE PLACEMATS ,12,2010-12-19 12:46:00,1.25,12668.0,Germany
578702,22630,DOLLY GIRL LUNCH BOX,24,2011-11-25 10:58:00,1.95,15382.0,United Kingdom
503589,21348,PINK SPOTS CHOCOLATE NESTING BOXES ,1,2010-04-01 18:23:00,2.95,14710.0,United Kingdom
524141,84978,HANGING HEART JAR T-LIGHT HOLDER,6,2010-09-27 15:00:00,1.25,16264.0,United Kingdom
533750,20767,BLUE PAISLEY JOURNAL ,2,2010-11-18 14:17:00,2.55,15571.0,United Kingdom
533547,84997D,PINK 3 PIECE POLKADOT CUTLERY SET,3,2010-11-17 16:48:00,3.75,16409.0,United Kingdom
548162,21671,RED SPOT CERAMIC DRAWER KNOB,11,2011-03-29 13:42:00,3.29,,United Kingdom
495875,21561,DINOSAUR LUNCHBOX WITH CUTLERY,6,2010-01-27 11:26:00,2.55,16550.0,United Kingdom
574340,22435,SET OF 9 HEART SHAPED BALLOONS,5,2011-11-04 10:08:00,1.25,17377.0,United Kingdom
519613,90179C,BLACK FINE BEAD NECKLACE W TASSEL,2,2010-08-18 17:43:00,5.95,15154.0,United Kingdom
499758,22352,LUNCHBOX WITH CUTLERY RETROSPOT ,1,2010-03-02 12:20:00,2.55,15003.0,United Kingdom
490728,20931,BLUE POT PLANT CANDLE ,1,2009-12-07 16:40:00,3.75,16702.0,United Kingdom
529502,22519,CHILDS GARDEN BRUSH PINK,1,2010-10-28 14:11:00,2.1,15167.0,United Kingdom
519473,22361,GLASS JAR DAISY FRESH COTTON WOOL,1,2010-08-17 12:03:00,5.91,,United Kingdom
522106,84029G,KNITTED UNION FLAG HOT WATER BOTTLE,2,2010-09-12 14:34:00,3.75,13634.0,United Kingdom
580730,23291,DOLLY GIRL CHILDRENS CUP,1,2011-12-05 17:28:00,2.46,,United Kingdom
550457,21175,GIN + TONIC DIET METAL SIGN,48,2011-04-18 13:12:00,2.08,13798.0,United Kingdom
495239,21754,HOME BUILDING BLOCK WORD,1,2010-01-22 10:01:00,11.87,,United Kingdom
579002,22995,TRAVEL CARD WALLET SUKI,6,2011-11-27 16:27:00,0.42,14093.0,United Kingdom
535407,22583,PACK OF 6 HANDBAG GIFT BOXES,2,2010-11-26 11:20:00,5.06,,United Kingdom
526710,21733,RED HANGING HEART T-LIGHT HOLDER,6,2010-10-12 16:37:00,2.95,15151.0,United Kingdom
544309,22776,SWEETHEART CAKESTAND 3 TIER,12,2011-02-17 14:17:00,8.5,15785.0,United Kingdom
524569,22147,FELTCRAFT BUTTERFLY HEARTS,12,2010-09-29 15:14:00,1.45,18172.0,United Kingdom
549023,20971,PINK BLUE FELT CRAFT TRINKET BOX,1,2011-04-05 16:27:00,2.46,,United Kingdom
546896,23126,FELTCRAFT GIRL AMELIE KIT,1,2011-03-17 18:24:00,9.96,,United Kingdom
553507,22643,SET OF 4 NAPKIN CHARMS LEAVES   ,3,2011-05-17 13:35:00,2.55,17220.0,United Kingdom
536859,22573,STAR WOODEN CHRISTMAS DECORATION,10,2010-12-03 10:43:00,0.85,12841.0,United Kingdom
511019,21121,SET/10 RED SPOTTY PARTY CANDLES,24,2010-06-04 15:59:00,1.25,15544.0,United Kingdom
502596,21915,RED  HARMONICA IN BOX ,12,2010-03-25 13:15:00,1.25,16553.0,United Kingdom
522588,20828,GLITTER BUTTERFLY CLIPS,2,2010-09-15 12:46:00,2.55,15885.0,United Kingdom
567461,21484,CHICK GREY HOT WATER BOTTLE,4,2011-09-20 12:31:00,8.29,,United Kingdom
526639,22120,WELCOME  WOODEN BLOCK LETTERS,3,2010-10-12 13:19:00,9.95,16772.0,United Kingdom
580304,22940,FELTCRAFT CHRISTMAS FAIRY,4,2011-12-02 14:25:00,4.25,18055.0,United Kingdom
572669,22995,TRAVEL CARD WALLET SUKI,1,2011-10-25 13:10:00,0.42,16549.0,United Kingdom
557328,23084,RABBIT NIGHT LIGHT,1,2011-06-20 09:53:00,2.08,14646.0,Netherlands
496982,84429A,MEDIUM PINK BUDDHA HEAD ,6,2010-02-05 10:51:00,2.95,17969.0,United Kingdom
502757,21232,STRAWBERRY CERAMIC TRINKET BOX,12,2010-03-26 13:44:00,1.25,14537.0,United Kingdom
533082,22111,SCOTTIE DOG HOT WATER BOTTLE,3,2010-11-16 09:49:00,4.95,17894.0,United Kingdom
572550,22726,ALARM CLOCK BAKELIKE GREEN,1,2011-10-24 17:06:00,7.46,,United Kingdom
530281,82011B,BATHROOM SCALES RUBBER DUCKS,2,2010-11-02 12:05:00,3.75,14527.0,United Kingdom
569536,23202,JUMBO BAG VINTAGE LEAF,10,2011-10-04 15:44:00,2.08,13269.0,United Kingdom
534002,22617,BAKING SET SPACEBOY DESIGN,3,2010-11-19 14:26:00,4.95,17735.0,United Kingdom
544925,21929,JUMBO BAG PINK VINTAGE PAISLEY,30,2011-02-24 17:28:00,1.95,16997.0,United Kingdom
513789,85184D,S/4 BLUE ROUND DECOUPAGE BOXES,6,2010-06-28 15:22:00,2.95,12485.0,Sweden
560776,21899,GARAGE KEY FOB,24,2011-07-21 08:44:00,0.65,13995.0,United Kingdom
493079,84902,PINK KNITTED COW STUFFED TOY,1,2009-12-22 09:52:00,4.3,,United Kingdom
515420,21328,BALLOONS  WRITING SET ,6,2010-07-12 13:15:00,1.65,17365.0,United Kingdom
537138,22173,METAL 4 HOOK HANGER FRENCH CHATEAU,2,2010-12-05 12:44:00,2.95,17211.0,United Kingdom
497593,21094,SET/6 RED SPOTTY PAPER PLATES,12,2010-02-11 09:41:00,0.85,12474.0,Germany
508214,22057,CERAMIC PLATE STRAWBERRY DESIGN,8,2010-05-13 14:51:00,1.49,15768.0,United Kingdom
571713,23419,HOME SWEET HOME BOTTLE ,1,2011-10-18 16:58:00,4.13,,United Kingdom
558461,23013,GLASS APOTHECARY BOTTLE TONIC,2,2011-06-29 15:03:00,3.95,13263.0,United Kingdom
504829,21934,SKULL SHOULDER BAG,10,2010-04-16 13:17:00,1.65,16125.0,United Kingdom
570125,22951,60 CAKE CASES DOLLY GIRL DESIGN,24,2011-10-07 13:14:00,0.55,17509.0,United Kingdom
567890,22989,SET 2 PANTRY DESIGN TEA TOWELS,6,2011-09-22 15:40:00,3.25,14125.0,United Kingdom
568787,90063A,WHITE VINT ART DECO CRYSTAL NECKLAC,2,2011-09-29 09:19:00,8.5,13741.0,United Kingdom
525564,22759,SET OF 3 NOTEBOOKS IN PARCEL,12,2010-10-06 08:17:00,1.65,13055.0,United Kingdom
529812,22862,LOVE HEART NAPKIN BOX ,4,2010-10-31 11:08:00,4.25,14769.0,United Kingdom
575748,21485,RETROSPOT HEART HOT WATER BOTTLE,2,2011-11-11 10:21:00,7.46,,United Kingdom
528335,22326,ROUND SNACK BOXES SET OF4 WOODLAND ,6,2010-10-21 13:45:00,2.95,12400.0,Australia
524184,85064,CREAM SWEETHEART LETTER RACK,1,2010-09-27 17:15:00,5.45,14030.0,United Kingdom
568531,20725,LUNCH BAG RED RETROSPOT,2,2011-09-27 13:49:00,1.65,16713.0,United Kingdom
549155,22654,DELUXE SEWING KIT ,1,2011-04-06 17:08:00,11.63,,United Kingdom
503178,79323P,PINK CHERRY LIGHTS,4,2010-03-30 14:04:00,6.75,12949.0,United Kingdom
494685,21627,ELEPHANT CARNIVAL POUFFE,1,2010-01-18 11:39:00,29.79,,United Kingdom
521691,22379,RECYCLING BAG RETROSPOT ,1,2010-09-07 17:19:00,4.21,,United Kingdom
546863,16014,SMALL CHINESE STYLE SCISSOR,60,2011-03-17 15:41:00,0.42,16377.0,United Kingdom
526853,21892,TRADITIONAL WOODEN CATCH CUP GAME ,12,2010-10-13 12:48:00,1.25,12540.0,Spain
529505,22546,MINI JIGSAW PURDEY,1,2010-10-28 14:19:00,0.42,15167.0,United Kingdom
567189,23208,LUNCH BAG VINTAGE LEAF DESIGN,10,2011-09-19 09:10:00,1.65,17069.0,United Kingdom
551035,21218,RED SPOTTY BISCUIT TIN,6,2011-04-26 11:34:00,3.75,15065.0,United Kingdom
512124,82484,WOOD BLACK BOARD ANT WHITE FINISH,3,2010-06-13 16:00:00,6.45,,United Kingdom
520050,85199S,SMALL HANGING IVORY/RED WOOD BIRD,6,2010-08-23 14:52:00,0.42,13611.0,United Kingdom
579196,23309,SET OF 60 I LOVE LONDON CAKE CASES ,6,2011-11-28 15:54:00,1.25,14096.0,United Kingdom
505883,21210,SET OF 72 RETRO SPOT PAPER  DOILIES,12,2010-04-26 13:53:00,1.45,12471.0,Germany
527492,21899,"KEY FOB , GARAGE DESIGN",1,2010-10-18 11:57:00,0.65,16395.0,United Kingdom
526645,21670,BLUE SPOT CERAMIC DRAWER KNOB,2,2010-10-12 13:33:00,1.25,17841.0,United Kingdom
526214,22627,MINT KITCHEN SCALES,4,2010-10-10 14:17:00,8.5,12749.0,United Kingdom
536525,21826,EIGHT PIECE DINOSAUR SET,2,2010-12-01 12:54:00,1.25,14078.0,United Kingdom
556813,23292,SPACE BOY CHILDRENS CUP,1,2011-06-14 17:28:00,2.46,,United Kingdom
496290,90092,BLUE CRYSTAL BOOT PHONE CHARM,2,2010-01-29 17:55:00,0.85,,United Kingdom
558200,22211,WOOD STAMP SET FLOWERS,8,2011-06-27 13:00:00,0.83,15976.0,United Kingdom
562715,84836,ZINC METAL HEART DECORATION,1,2011-08-08 15:34:00,2.46,,United Kingdom
511556,20725,LUNCH BAG RED SPOTTY,100,2010-06-09 10:02:00,1.45,17511.0,United Kingdom
536975,22837,HOT WATER BOTTLE BABUSHKA ,8,2010-12-03 14:04:00,4.65,14911.0,EIRE
563723,85099F,JUMBO BAG STRAWBERRY,10,2011-08-18 16:43:00,2.08,13319.0,United Kingdom
559746,82551,LAUNDRY 15C METAL SIGN,6,2011-07-12 11:16:00,1.45,16515.0,United Kingdom
577312,22065,CHRISTMAS PUDDING TRINKET POT ,48,2011-11-18 13:18:00,0.39,17049.0,United Kingdom
544573,22961,JAM MAKING SET PRINTED,24,2011-02-21 13:40:00,1.45,12621.0,Germany
520192,21172,PARTY METAL SIGN ,12,2010-08-24 14:46:00,1.45,14766.0,United Kingdom
534006,20718,RED RETROSPOT SHOPPER BAG,12,2010-11-19 14:29:00,3.36,,United Kingdom
556267,21792,CLASSIC FRENCH STYLE BASKET GREEN ,8,2011-06-09 19:33:00,3.95,13694.0,United Kingdom
571716,85099C,JUMBO  BAG BAROQUE BLACK WHITE,5,2011-10-18 17:05:00,2.08,,United Kingdom
537868,21260,FIRST AID TIN,12,2010-12-08 16:49:00,3.25,12433.0,Norway
491726,84773,RED ROSE AND LACE C/COVER,6,2009-12-14 08:40:00,2.95,12439.0,Cyprus
492788,72739B,discoloured,-70,2009-12-18 17:45:00,0.0,,United Kingdom
567612,22465,HANGING METAL STAR LANTERN,12,2011-09-21 11:48:00,1.65,17164.0,United Kingdom
536408,22620,4 TRADITIONAL SPINNING TOPS,12,2010-12-01 11:41:00,1.25,14307.0,United Kingdom
516938,22433,WATERING CAN GREEN DINOSAUR,6,2010-07-25 13:50:00,1.95,15601.0,United Kingdom
576873,23368,SET 12 COLOUR PENCILS DOLLY GIRL ,2,2011-11-16 16:30:00,0.65,17835.0,United Kingdom
534673,22909,SET OF 20 VINTAGE CHRISTMAS NAPKINS,3,2010-11-23 14:28:00,0.85,12748.0,United Kingdom
530793,22955,36 FOIL STAR CAKE CASES ,6,2010-11-04 12:18:00,2.1,15910.0,United Kingdom
581125,22907,PACK OF 20 NAPKINS PANTRY DESIGN,2,2011-12-07 12:41:00,0.85,14087.0,United Kingdom
559052,20674,GREEN POLKADOT BOWL,1,2011-07-05 16:53:00,2.46,,United Kingdom
503069,21672,WHITE SPOT RED CERAMIC DRAWER KNOB,12,2010-03-30 10:31:00,1.25,16455.0,United Kingdom
499880,21622,VINTAGE UNION JACK CUSHION COVER,4,2010-03-03 10:11:00,4.95,13663.0,United Kingdom
552702,21917,SET 12 KIDS  WHITE CHALK STICKS,1,2011-05-10 16:00:00,0.83,,United Kingdom
506869,22411,JUMBO SHOPPER VINTAGE RED PAISLEY,2,2010-05-04 15:45:00,4.21,,United Kingdom
531256,22815,CARD PSYCHEDELIC APPLES,12,2010-11-07 11:20:00,0.42,18245.0,United Kingdom
492425,20981,12 PENCILS TALL TUBE WOODLAND,1,2009-12-16 17:58:00,1.7,,United Kingdom
564436,22382,LUNCH BAG SPACEBOY DESIGN ,2,2011-08-25 12:06:00,1.65,17841.0,United Kingdom
576690,23376,PACK OF 12 VINTAGE CHRISTMAS TISSUE,4,2011-11-16 12:19:00,0.39,15900.0,United Kingdom
507840,22528,GARDENERS KNEELING PAD,6,2010-05-11 13:38:00,1.25,16487.0,United Kingdom
534289,21802,CHRISTMAS TREE HEART DECORATION,16,2010-11-22 11:25:00,0.43,,United Kingdom
493685,85020,ROUND PINK HEART MIRROR,48,2010-01-05 12:43:00,2.1,14969.0,United Kingdom
540017,35646,VINTAGE BEAD PINK EVENING BAG,24,2011-01-04 11:48:00,1.25,13963.0,United Kingdom
501906,21181,PLEASE ONE PERSON METAL SIGN,12,2010-03-21 16:02:00,2.1,17340.0,United Kingdom
563950,22961,JAM MAKING SET PRINTED,24,2011-08-22 10:39:00,1.45,12471.0,Germany
554714,23146,TRIPLE HOOK ANTIQUE IVORY ROSE,1,2011-05-26 10:44:00,6.63,,United Kingdom
501805,21034,REX CASH+CARRY JUMBO SHOPPER,1,2010-03-19 14:01:00,0.95,13542.0,United Kingdom
520858,22365,DOORMAT RESPECTABLE HOUSE,2,2010-08-31 13:42:00,7.49,13963.0,United Kingdom
551277,21866,UNION JACK FLAG LUGGAGE TAG,2,2011-04-27 13:06:00,1.25,13637.0,United Kingdom
528329,22750,FELTCRAFT PRINCESS LOLA DOLL,4,2010-10-21 13:23:00,3.75,13891.0,United Kingdom
541816,15056N,EDWARDIAN PARASOL NATURAL,1,2011-01-21 15:56:00,5.95,17799.0,United Kingdom
524747,22532,MAGIC DRAWING SLATE LEAP FROG ,24,2010-09-30 14:46:00,0.42,14156.0,EIRE
574308,22573,STAR WOODEN CHRISTMAS DECORATION,9,2011-11-03 16:45:00,0.85,16409.0,United Kingdom
567126,85049G,CHOCOLATE BOX RIBBONS ,2,2011-09-16 13:53:00,1.25,17238.0,United Kingdom
541711,21936,RED RETROSPOT PICNIC BAG,50,2011-01-21 11:18:00,2.55,14646.0,Netherlands
529068,84946,ANTIQUE SILVER TEA GLASS ETCHED,2,2010-10-26 12:14:00,2.51,,United Kingdom
555276,84913A,SOFT PINK ROSE TOWEL ,3,2011-06-01 17:28:00,3.29,,United Kingdom
540642,85099B,JUMBO BAG RED RETROSPOT,10,2011-01-10 13:22:00,1.95,12681.0,France
580541,22077,6 RIBBONS RUSTIC CHARM,24,2011-12-05 09:03:00,1.95,15358.0,United Kingdom
509533,22528,GARDENERS KNEELING PAD,1,2010-05-24 12:01:00,2.51,,United Kingdom
580983,22065,CHRISTMAS PUDDING TRINKET POT ,6,2011-12-06 16:26:00,1.63,,United Kingdom
501558,21641,ASSORTED TUTTI FRUTTI KEYRING BALL,1,2010-03-17 16:35:00,1.66,,United Kingdom
553896,85053,FRENCH ENAMEL CANDLEHOLDER,6,2011-05-19 17:22:00,2.1,13887.0,United Kingdom
492269,22203,MILK PAN RED RETROSPOT,4,2009-12-16 11:23:00,3.75,17677.0,United Kingdom
502090,85031A,ROMANTIC IMAGES SCRAP BOOK SET,1,2010-03-22 16:16:00,3.36,,United Kingdom
574100,22970,LONDON BUS COFFEE MUG,24,2011-11-03 10:13:00,2.55,14098.0,United Kingdom
550900,84077,WORLD WAR 2 GLIDERS ASSTD DESIGNS,96,2011-04-21 12:11:00,0.29,16553.0,United Kingdom
565851,21531,RED RETROSPOT SUGAR JAM BOWL,6,2011-09-07 13:06:00,2.55,14911.0,EIRE
577855,22808,SET OF 6 T-LIGHTS EASTER CHICKS,1,2011-11-22 11:18:00,2.95,15877.0,United Kingdom
580865,23390,DOLLY GIRL MINI BACKPACK,1,2011-12-06 11:58:00,4.15,17914.0,United Kingdom
549308,22692,DOORMAT WELCOME TO OUR HOME,4,2011-04-08 09:13:00,7.95,13767.0,United Kingdom
518847,22088,PAPER BUNTING COLOURED LACE,4,2010-08-12 11:47:00,2.95,13668.0,United Kingdom
533761,21876,POTTERING MUG,1,2010-11-18 14:52:00,1.25,17841.0,United Kingdom
539595,22183,CAKE STAND VICTORIAN FILIGREE MED,3,2010-12-20 13:43:00,5.91,,United Kingdom
494386,21256,"FRENCH BOTTLE, BRASSERIE DES ARTIST",1,2010-01-14 09:41:00,3.36,,United Kingdom
560942,22131,FOOD CONTAINER SET 3 LOVE HEART ,2,2011-07-22 11:31:00,1.95,15005.0,United Kingdom
510322,22171,3 HOOK PHOTO SHELF ANTIQUE WHITE,4,2010-05-28 12:37:00,8.5,14530.0,United Kingdom
564837,84568,GIRLS ALPHABET IRON ON PATCHES ,8,2011-08-30 12:40:00,0.42,,United Kingdom
510733,17084N,FAIRY DREAMS INCENSE ,25,2010-06-03 11:12:00,0.21,15502.0,United Kingdom
521026,22077,6 RIBBONS RUSTIC CHARM,48,2010-09-01 15:32:00,1.65,15290.0,United Kingdom
571214,21080,SET/20 RED RETROSPOT PAPER NAPKINS ,1,2011-10-14 12:56:00,0.85,14390.0,United Kingdom
512954,22198,LARGE POPCORN HOLDER ,12,2010-06-21 10:13:00,1.65,15786.0,United Kingdom
576837,22393,PAPERWEIGHT VINTAGE COLLAGE,1,2011-11-16 15:16:00,4.96,,United Kingdom
556474,22730,ALARM CLOCK BAKELIKE IVORY,1,2011-06-12 12:01:00,3.75,16007.0,United Kingdom
519886,22488,NATURAL SLATE RECTANGLE CHALKBOARD,2,2010-08-22 11:57:00,1.65,17639.0,United Kingdom
490300,21448,12 DAISY PEGS IN WOOD BOX,1,2009-12-04 14:19:00,1.65,12970.0,United Kingdom
536864,DOT,DOTCOM POSTAGE,1,2010-12-03 11:27:00,121.06,,United Kingdom
505966,90161A,ANT COPPER RED BOUDICCA BRACELET,10,2010-04-26 16:16:00,4.95,18009.0,United Kingdom
491970,20978,36 PENCILS TUBE SKULLS,5,2009-12-14 18:03:00,2.57,,United Kingdom
529349,21721,CANDY SHOP  STICKER SHEET,12,2010-10-28 09:27:00,0.85,13362.0,United Kingdom
544789,22960,JAM MAKING SET WITH JARS,6,2011-02-23 12:25:00,4.25,13993.0,United Kingdom
558430,22386,JUMBO BAG PINK POLKADOT,10,2011-06-29 12:12:00,2.08,13238.0,United Kingdom
502313,16212,FUNKY GIRLZ ASST MAGNETIC MEMO PAD,36,2010-03-24 09:46:00,0.65,17113.0,United Kingdom
513333,22716,CARD CIRCUS PARADE,1,2010-06-24 09:22:00,0.42,,United Kingdom
537648,21232,STRAWBERRY CERAMIC TRINKET BOX,24,2010-12-07 15:48:00,1.25,12839.0,United Kingdom
528450,22601,CHRISTMAS RETROSPOT ANGEL WOOD,12,2010-10-22 11:19:00,0.85,16226.0,United Kingdom
565150,22457,NATURAL SLATE HEART CHALKBOARD ,6,2011-09-01 14:26:00,2.55,14298.0,United Kingdom
563748,22179,SET 10 NIGHT OWL LIGHTS,2,2011-08-19 10:06:00,6.75,16170.0,United Kingdom
568670,23439,HAND WARMER RED LOVE HEART,4,2011-09-28 13:07:00,2.1,14978.0,United Kingdom
535409,22427,ENAMEL FLOWER JUG CREAM,1,2010-11-26 11:24:00,5.95,14507.0,United Kingdom
540554,21754,HOME BUILDING BLOCK WORD,3,2011-01-10 09:55:00,5.95,18171.0,United Kingdom
553489,23170,REGENCY TEA PLATE ROSES ,12,2011-05-17 12:43:00,1.65,15730.0,United Kingdom
489830,21357,TOAST ITS - DINOSAUR,1,2009-12-02 13:57:00,1.25,13623.0,United Kingdom
498047,21877,HOME SWEET HOME MUG,12,2010-02-16 10:45:00,1.25,13381.0,United Kingdom
537240,22338,STAR DECORATION PAINTED ZINC ,2,2010-12-06 10:08:00,1.28,,United Kingdom
491064,21125,SET 6 FOOTBALL CELEBRATION CANDLES,2,2009-12-09 11:58:00,1.25,16782.0,United Kingdom
C497585,22077,6 RIBBONS RUSTIC CHARM,-12,2010-02-10 16:25:00,1.65,16013.0,United Kingdom
511268,21793,CLASSIC FRENCH STYLE BASKET BROWN,1,2010-06-07 13:00:00,6.75,,United Kingdom
524965,20711,JUMBO BAG TOYS ,2,2010-10-01 14:07:00,1.95,17555.0,United Kingdom
524741,85124A,PINK JUICY FRUIT PHOTO FRAME,1,2010-09-30 14:38:00,2.1,14800.0,United Kingdom
534813,37370,RETRO COFFEE MUGS ASSORTED,12,2010-11-24 12:44:00,1.25,17069.0,United Kingdom
489597,84313B,BLUE TV TRAY TABLE ,1,2009-12-01 14:28:00,17.35,,United Kingdom
533000,22382,LUNCH BAG SPACEBOY DESIGN ,1,2010-11-15 14:49:00,1.65,16686.0,United Kingdom
536046,22327,ROUND SNACK BOXES SET OF 4 SKULLS,12,2010-11-30 08:58:00,2.95,13985.0,United Kingdom
537888,22818,CARD CHRISTMAS VILLAGE,12,2010-12-09 10:04:00,0.42,15358.0,United Kingdom
513195,47568,ENGLISH ROSE DESIGN PEG BAG,6,2010-06-22 14:58:00,2.1,14874.0,United Kingdom
577008,21900,"KEY FOB , SHED",1,2011-11-17 12:02:00,0.65,16869.0,United Kingdom
490313,21756,BATH BUILDING BLOCK WORD,3,2009-12-04 15:18:00,5.95,17127.0,United Kingdom
492303,84832,ZINC WILLIE WINKIE  CANDLE STICK,1,2009-12-16 11:57:00,1.7,,United Kingdom
496400,21458,2 PICTURE BOOK EGGS EASTER BUNNY,12,2010-02-01 11:56:00,1.25,17365.0,United Kingdom
510230,22562,MONSTERS STENCIL CRAFT,24,2010-05-28 09:36:00,1.25,17311.0,United Kingdom
496074,47590B,PINK HAPPY BIRTHDAY BUNTING,3,2010-01-28 17:14:00,5.45,17612.0,United Kingdom
564843,22728,ALARM CLOCK BAKELIKE PINK,1,2011-08-30 14:09:00,3.75,15866.0,United Kingdom
572307,15056BL,EDWARDIAN PARASOL BLACK,2,2011-10-23 15:23:00,5.95,16905.0,United Kingdom
574544,23389,SPACEBOY MINI BACKPACK,4,2011-11-04 14:49:00,4.15,17084.0,United Kingdom
512544,84879,ASSORTED COLOUR BIRD ORNAMENT,16,2010-06-16 13:20:00,1.69,16327.0,United Kingdom
526654,84424A,FOUR PICTURE WHITE GLASS FRAME,1,2010-10-12 14:14:00,3.75,16932.0,United Kingdom
503859,22208,WOOD STAMP SET THANK YOU,12,2010-04-08 10:30:00,1.65,14855.0,United Kingdom
491970,21210,SET OF 72 RETRO SPOT PAPER  DOILIES,1,2009-12-14 18:03:00,3.04,,United Kingdom
500008,84032B,CHARLIE + LOLA RED HOT WATER BOTTLE,6,2010-03-04 09:51:00,2.95,12431.0,Australia
553541,20658,RED RETROSPOT LUGGAGE TAG,1,2011-05-17 15:33:00,2.46,,United Kingdom
577504,23345, DOLLY GIRL BEAKER,1,2011-11-20 12:36:00,1.25,14159.0,United Kingdom
541289,22530,MAGIC DRAWING SLATE DOLLY GIRL ,3,2011-01-17 13:23:00,0.42,14606.0,United Kingdom
526491,22618,COOKING SET RETROSPOT,2,2010-10-12 09:17:00,9.95,12655.0,France
531493,22212,FOUR HOOK  WHITE LOVEBIRDS,1,2010-11-08 15:12:00,2.1,17984.0,United Kingdom
496974,21929,JUMBO BAG PINK VINTAGE PAISLEY,10,2010-02-05 08:53:00,1.65,14298.0,United Kingdom
566869,22423,REGENCY CAKESTAND 3 TIER,6,2011-09-15 13:20:00,12.75,13658.0,United Kingdom
527278,22710,WRAP I LOVE LONDON ,25,2010-10-15 13:28:00,0.42,13692.0,United Kingdom
514121,84932A,,2,2010-06-30 12:55:00,0.0,,United Kingdom
557117,84879,ASSORTED COLOUR BIRD ORNAMENT,24,2011-06-16 17:04:00,1.69,14849.0,United Kingdom
C505350,20684,STRAWBERRY DREAM CHILDS UMBRELLA,-4,2010-04-21 14:06:00,3.25,15580.0,United Kingdom
491688,84510F,SET OF 4 NEW ENGLAND COASTERS ,1,2009-12-13 13:03:00,1.25,14606.0,United Kingdom
502847,21625,VINTAGE UNION JACK APRON,1,2010-03-28 13:47:00,6.95,14572.0,United Kingdom
559547,20675,BLUE POLKADOT BOWL,2,2011-07-10 15:12:00,1.25,17758.0,United Kingdom
505376,84388,WISE MAN STAR SHAPE EGG PAN,2,2010-04-21 17:33:00,1.65,16755.0,United Kingdom
529322,22196,SMALL HEART MEASURING SPOONS,4,2010-10-27 14:01:00,0.85,13246.0,United Kingdom
575177,21716,BOYS VINTAGE TIN SEASIDE BUCKET,1,2011-11-08 18:41:00,4.96,,United Kingdom
533363,21156,RETROSPOT CHILDRENS APRON,4,2010-11-17 10:11:00,4.21,,United Kingdom
521695,85123A,WHITE HANGING HEART T-LIGHT HOLDER,12,2010-09-08 10:00:00,2.95,13683.0,United Kingdom
533149,22186,RED STAR CARD HOLDER,5,2010-11-16 13:43:00,2.95,13571.0,United Kingdom
537799,84520B,PACK 20 ENGLISH ROSE PAPER NAPKINS,10,2010-12-08 13:07:00,0.85,15916.0,United Kingdom
540240,22512,DOORSTOP RACING CAR DESIGN,8,2011-01-05 15:09:00,1.25,17585.0,United Kingdom
558860,22118,JOY WOODEN BLOCK LETTERS,3,2011-07-04 12:18:00,4.95,17975.0,United Kingdom
571065,22434,BALLOON PUMP WITH 10 BALLOONS,8,2011-10-13 14:59:00,1.95,12613.0,Germany
491996,20970,PINK FLORAL FELTCRAFT SHOULDER BAG,72,2009-12-15 10:50:00,3.39,14063.0,United Kingdom
517575,17181,CIRCLE OF FRIENDS CANDLE HOLDER,3,2010-07-30 10:18:00,2.55,14221.0,United Kingdom
577844,47566,PARTY BUNTING,13,2011-11-22 10:41:00,10.79,,United Kingdom
506831,22084,PAPER CHAIN KIT EMPIRE,6,2010-05-04 13:31:00,2.95,16145.0,United Kingdom
528087,21846,PINK DIAMANTE PEN IN GIFT BOX,1,2010-10-20 13:09:00,4.95,16521.0,United Kingdom
537434,21773,DECORATIVE ROSE BATHROOM BOTTLE,1,2010-12-06 16:57:00,2.51,,United Kingdom
552533,21314,SMALL GLASS HEART TRINKET POT,16,2011-05-10 09:41:00,2.1,13767.0,United Kingdom
527304,21577,SAVE THE PLANET COTTON TOTE BAG,1,2010-10-15 14:35:00,2.25,17316.0,United Kingdom
556882,23298,SPOTTY BUNTING,4,2011-06-15 12:21:00,4.95,14395.0,United Kingdom
537594,22624,IVORY KITCHEN SCALES,2,2010-12-07 12:28:00,8.5,12647.0,Germany
520715,21359,RELAX LARGE WOOD LETTERS,1,2010-08-29 13:58:00,15.95,16510.0,United Kingdom
537377,M,Manual,12,2010-12-06 13:01:00,0.19,15882.0,United Kingdom
574909,23512,EMBROIDERED RIBBON REEL ROSIE,1,2011-11-07 15:40:00,2.08,13673.0,United Kingdom
547985,20967,GREY FLORAL FELTCRAFT SHOULDER BAG,8,2011-03-29 08:43:00,3.75,16455.0,United Kingdom
574898,21098,CHRISTMAS TOILET ROLL,9,2011-11-07 15:07:00,1.25,16242.0,United Kingdom
527770,21175,GIN + TONIC DIET METAL SIGN,12,2010-10-19 10:20:00,2.1,17655.0,United Kingdom
572758,22776,SWEETHEART 3 TIER CAKE STAND ,18,2011-10-25 18:39:00,19.96,,United Kingdom
C494869,35970,ZINC FOLKART SLEIGH BELLS,-1,2010-01-19 12:13:00,1.69,12468.0,Germany
542723,84212,"ASSORTED FLOWER COLOUR ""LEIS""",12,2011-01-31 14:53:00,0.65,17256.0,United Kingdom
568143,23165,LARGE CERAMIC TOP STORAGE JAR,12,2011-09-25 11:28:00,1.65,13266.0,United Kingdom
522589,22379,RECYCLING BAG RETROSPOT ,15,2010-09-15 12:47:00,2.1,14825.0,United Kingdom
578344,21793,CLASSIC FRENCH STYLE BASKET BROWN,1,2011-11-24 09:21:00,7.46,,United Kingdom
579162,22899,CHILDREN'S APRON DOLLY GIRL ,6,2011-11-28 13:58:00,2.1,16393.0,United Kingdom
570837,23220,REINDEER HEART DECORATION GOLD,12,2011-10-12 13:55:00,0.83,,United Kingdom
508332,21381,MINI WOODEN HAPPY BIRTHDAY GARLAND,4,2010-05-14 11:59:00,1.69,16115.0,United Kingdom
513200,DCGSSBOY,BOYS PARTY BAG,7,2010-06-22 16:28:00,3.36,,United Kingdom
562114,21172,PARTY METAL SIGN ,1,2011-08-02 16:14:00,4.13,,United Kingdom
563382,21326,AGED GLASS SILVER T-LIGHT HOLDER,12,2011-08-16 10:50:00,0.65,18221.0,United Kingdom
523696,22816,CARD MOTORBIKE SANTA,1,2010-09-23 14:47:00,0.85,,United Kingdom
500891,22259,FELT FARM ANIMAL HEN,1,2010-03-10 16:24:00,2.51,,United Kingdom
489597,20754,RETRO RED SPOTTY WASHING UP GLOVES,2,2009-12-01 14:28:00,4.3,,United Kingdom
574297,84347,ROTATING SILVER ANGELS T-LIGHT HLDR,6,2011-11-03 15:54:00,2.55,16602.0,United Kingdom
543374,22085,PAPER CHAIN KIT SKULLS ,6,2011-02-07 15:05:00,2.95,16945.0,United Kingdom
538207,16161U,WRAP SUKI AND FRIENDS,25,2010-12-10 11:33:00,0.42,12748.0,United Kingdom
500092,22256,FELT FARM ANIMAL CHICKEN,6,2010-03-04 12:11:00,1.25,12978.0,United Kingdom
567664,23169,CLASSIC GLASS COOKIE JAR,6,2011-09-21 15:15:00,4.15,14780.0,United Kingdom
566557,22113,GREY HEART HOT WATER BOTTLE,72,2011-09-13 11:47:00,3.75,14646.0,Netherlands
571716,22661,CHARLOTTE BAG DOLLY GIRL DESIGN,1,2011-10-18 17:05:00,1.63,,United Kingdom
523149,20725,LUNCH BAG RED SPOTTY,1,2010-09-20 14:49:00,1.65,17585.0,United Kingdom
537434,22521,CHILDS GARDEN TROWEL PINK,1,2010-12-06 16:57:00,1.66,,United Kingdom
580729,22913,RED COAT RACK PARIS FASHION,1,2011-12-05 17:24:00,10.79,,United Kingdom
528764,21977,PACK OF 60 PINK PAISLEY CAKE CASES,1,2010-10-24 16:03:00,0.55,16904.0,United Kingdom
560926,22135,MINI LADLE LOVE HEART PINK,1,2011-07-22 09:20:00,0.83,,United Kingdom
499890,84968A,S/16 VINTAGE ROSE CUTLERY,2,2010-03-03 11:34:00,12.75,14606.0,United Kingdom
545062,22359,GLASS JAR KINGS CHOICE,1,2011-02-27 14:07:00,2.95,12748.0,United Kingdom
536690,82483,WOOD 2 DRAWER CABINET WHITE FINISH,4,2010-12-02 12:25:00,4.95,17850.0,United Kingdom
C516565,21527,RED RETROSPOT TRADITIONAL TEAPOT ,-1,2010-07-21 12:27:00,7.95,12523.0,France
516338,22631,CIRCUS PARADE LUNCH BOX ,12,2010-07-20 09:04:00,1.95,13418.0,United Kingdom
522917,85018D,YULETIDE IMAGES S/6 PAPER BOXES,6,2010-09-17 14:10:00,2.55,12425.0,Portugal
542891,21916,SET 12 RETRO WHITE CHALK STICKS,48,2011-02-01 13:26:00,0.42,16705.0,United Kingdom
525579,22556,PLASTERS IN TIN CIRCUS PARADE ,12,2010-10-06 11:04:00,1.65,17421.0,United Kingdom
578822,23234,BISCUIT TIN VINTAGE CHRISTMAS,6,2011-11-25 14:00:00,2.89,13437.0,United Kingdom
507178,84406B,CREAM CUPID HEARTS COAT HANGER,96,2010-05-06 15:17:00,2.75,14646.0,Netherlands
526716,84406B,CREAM CUPID HEARTS COAT HANGER,1,2010-10-12 16:43:00,3.25,17975.0,United Kingdom
581166,23256,CHILDRENS CUTLERY SPACEBOY ,2,2011-12-07 14:43:00,4.15,15525.0,United Kingdom
533348,22114,HOT WATER BOTTLE TEA AND SYMPATHY,1,2010-11-17 09:23:00,8.47,,United Kingdom
495510,22202,MILK PAN PINK RETROSPOT,1,2010-01-25 14:01:00,3.75,17841.0,United Kingdom
535274,22835,HOT WATER BOTTLE I AM SO POORLY,1,2010-11-25 13:51:00,4.65,14415.0,United Kingdom
491098,46775B,BERRIES CHUNKY KNITTED THROW ,1,2009-12-09 14:02:00,16.95,14080.0,United Kingdom
521795,84970L,SINGLE HEART ZINC T-LIGHT HOLDER,1,2010-09-08 13:57:00,2.13,,United Kingdom
571246,23002,TRAVEL CARD WALLET SKULLS,24,2011-10-14 15:59:00,0.42,17750.0,United Kingdom
497354,85017B,ENVELOPE 50 BLOSSOM IMAGES,1,2010-02-08 16:53:00,0.81,,United Kingdom
545526,21689,SILVER VANILLA  FLOWER CANDLE POT,6,2011-03-03 13:14:00,3.75,17789.0,United Kingdom
491951,22243,"HOOK, 5 HANGER ,MAGIC TOADSTOOL RED",8,2009-12-14 15:51:00,1.65,13206.0,United Kingdom
517116,22652,TRAVEL SEWING KIT,24,2010-07-27 08:09:00,1.65,18172.0,United Kingdom
C520853,22467,GUMBALL COAT RACK,-1,2010-08-31 13:13:00,2.1,12709.0,Germany
581481,22785,SQUARECUSHION COVER PINK UNION JACK,12,2011-12-09 09:07:00,1.25,17490.0,United Kingdom
C566216,CRUK,CRUK Commission,-1,2011-09-09 15:17:00,15.96,14096.0,United Kingdom
539240,21773,DECORATIVE ROSE BATHROOM BOTTLE,48,2010-12-16 13:15:00,0.42,15194.0,United Kingdom
C524154,22606,WOODEN SKITTLES GARDEN SET,-12,2010-09-27 15:58:00,12.75,14911.0,EIRE
501673,22036,DINOSAUR BIRTHDAY CARD,12,2010-03-18 15:19:00,0.42,16569.0,United Kingdom
499457,21121,SET/10 RED SPOTTY PARTY CANDLES,1,2010-02-28 10:55:00,1.25,15569.0,United Kingdom
555572,22548,HEADS AND TAILS SPORTING FUN,12,2011-06-05 15:37:00,1.25,12449.0,Belgium
528629,22959,WRAP CHRISTMAS VILLAGE,25,2010-10-24 11:18:00,0.42,13654.0,United Kingdom
494381,37462B,"PET MUG, BUDGIE",1,2010-01-13 17:44:00,0.84,,United Kingdom
504556,85172,HYACINTH BULB T-LIGHT CANDLES,32,2010-04-14 13:50:00,0.42,13878.0,United Kingdom
528923,22378,WALL TIDY RETROSPOT ,1,2010-10-25 14:41:00,2.1,14413.0,United Kingdom
541274,22627,MINT KITCHEN SCALES,2,2011-01-17 11:24:00,8.5,15696.0,United Kingdom
558647,23119,PACK OF 6 LARGE FRUIT STRAWS ,12,2011-07-01 10:39:00,0.62,14868.0,United Kingdom
507848,84879,ASSORTED COLOUR BIRD ORNAMENT,16,2010-05-11 14:41:00,1.69,13103.0,United Kingdom
512788,22178,VICTORIAN GLASS HANGING T-LIGHT,12,2010-06-18 09:28:00,1.25,13427.0,United Kingdom
558100,21500,PINK POLKADOT WRAP ,25,2011-06-26 13:46:00,0.42,17768.0,United Kingdom
559934,22115,METAL SIGN EMPIRE TEA,12,2011-07-14 09:58:00,0.79,13012.0,United Kingdom
501556,47559B,TEA TIME OVEN GLOVE,10,2010-03-17 16:14:00,1.25,12921.0,United Kingdom
489641,37503,TEA TIME CAKE STAND IN GIFT BOX,2,2009-12-01 16:18:00,10.75,13819.0,United Kingdom
509645,21936,RED RETROSPOT PICNIC BAG,20,2010-05-25 11:35:00,2.95,15498.0,United Kingdom
535271,22296,HEART IVORY TRELLIS LARGE,3,2010-11-25 13:42:00,1.65,15967.0,United Kingdom
576321,22445,PENCIL CASE LIFE IS BEAUTIFUL,1,2011-11-14 14:59:00,2.95,14953.0,United Kingdom
571298,23201,JUMBO BAG ALPHABET,200,2011-10-17 08:14:00,1.79,15769.0,United Kingdom
559421,20676,RED RETROSPOT BOWL,8,2011-07-08 11:55:00,1.25,12648.0,Germany
578322,23313,VINTAGE CHRISTMAS BUNTING,5,2011-11-23 17:10:00,4.95,12948.0,United Kingdom
